id,text,label,words
0,"The international electronic industry company Elcoteq has laid off tens of employees from its Tallinn facility ; contrary to earlier layoffs the company contracted the ranks of its office workers , the daily Postimees reported .",0,"['the', 'international', 'electronic', 'industry', 'company', 'elcoteq', 'has', 'laid', 'off', 'tens', 'of', 'employees', 'from', 'its', 'tallinn', 'facility', 'contrary', 'to', 'earlier', 'layoffs', 'the', 'company', 'contracted', 'the', 'ranks', 'of', 'its', 'office', 'workers', 'the', 'daily', 'postimees', 'reported']"
1,With the new production plant the company would increase its capacity to meet the expected increase in demand and would improve the use of raw materials and therefore increase the production profitability .,1,"['with', 'the', 'new', 'production', 'plant', 'the', 'company', 'would', 'increase', 'its', 'capacity', 'to', 'meet', 'the', 'expected', 'increase', 'in', 'demand', 'and', 'would', 'improve', 'the', 'use', 'of', 'raw', 'materials', 'and', 'therefore', 'increase', 'the', 'production', 'profitability']"
2,"According to the company 's updated strategy for the years 2009-2012 , Basware targets a long-term net sales growth in the range of 20 % -40 % with an operating profit margin of 10 % -20 % of net sales .",1,"['according', 'to', 'the', 'company', 's', 'updated', 'strategy', 'for', 'the', 'years', 'basware', 'targets', 'a', 'long', 'term', 'net', 'sales', 'growth', 'in', 'the', 'range', 'of', 'with', 'an', 'operating', 'profit', 'margin', 'of', 'of', 'net', 'sales']"
3,FINANCING OF ASPOCOMP 'S GROWTH Aspocomp is aggressively pursuing its growth strategy by increasingly focusing on technologically more demanding HDI printed circuit boards PCBs .,1,"['financing', 'of', 'aspocomp', 's', 'growth', 'aspocomp', 'is', 'aggressively', 'pursuing', 'its', 'growth', 'strategy', 'by', 'increasingly', 'focusing', 'on', 'technologically', 'more', 'demanding', 'hdi', 'printed', 'circuit', 'boards', 'pcbs']"
4,"For the last quarter of 2010 , Componenta 's net sales doubled to EUR131m from EUR76m for the same period a year earlier , while it moved to a zero pre-tax profit from a pre-tax loss of EUR7m .",1,"['for', 'the', 'last', 'quarter', 'of', 'componenta', 's', 'net', 'sales', 'doubled', 'to', 'eur', 'm', 'from', 'eur', 'm', 'for', 'the', 'same', 'period', 'a', 'year', 'earlier', 'while', 'it', 'moved', 'to', 'a', 'zero', 'pre', 'tax', 'profit', 'from', 'a', 'pre', 'tax', 'loss', 'of', 'eur', 'm']"
5,"In the third quarter of 2010 , net sales increased by 5.2 % to EUR 205.5 mn , and operating profit by 34.9 % to EUR 23.5 mn .",1,"['in', 'the', 'third', 'quarter', 'of', 'net', 'sales', 'increased', 'by', 'to', 'eur', 'mn', 'and', 'operating', 'profit', 'by', 'to', 'eur', 'mn']"
6,Operating profit rose to EUR 13.1 mn from EUR 8.7 mn in the corresponding period in 2007 representing 7.7 % of net sales .,1,"['operating', 'profit', 'rose', 'to', 'eur', 'mn', 'from', 'eur', 'mn', 'in', 'the', 'corresponding', 'period', 'in', 'representing', 'of', 'net', 'sales']"
7,"Operating profit totalled EUR 21.1 mn , up from EUR 18.6 mn in 2007 , representing 9.7 % of net sales .",1,"['operating', 'profit', 'totalled', 'eur', 'mn', 'up', 'from', 'eur', 'mn', 'in', 'representing', 'of', 'net', 'sales']"
8,TeliaSonera TLSN said the offer is in line with its strategy to increase its ownership in core business holdings and would strengthen Eesti Telekom 's offering to its customers .,1,"['teliasonera', 'tlsn', 'said', 'the', 'offer', 'is', 'in', 'line', 'with', 'its', 'strategy', 'to', 'increase', 'its', 'ownership', 'in', 'core', 'business', 'holdings', 'and', 'would', 'strengthen', 'eesti', 'telekom', 's', 'offering', 'to', 'its', 'customers']"
9,"STORA ENSO , NORSKE SKOG , M-REAL , UPM-KYMMENE Credit Suisse First Boston ( CFSB ) raised the fair value for shares in four of the largest Nordic forestry groups .",1,"['stora', 'enso', 'norske', 'skog', 'm', 'real', 'upm', 'kymmene', 'credit', 'suisse', 'first', 'boston', 'cfsb', 'raised', 'the', 'fair', 'value', 'for', 'shares', 'in', 'four', 'of', 'the', 'largest', 'nordic', 'forestry', 'groups']"
10,"A purchase agreement for 7,200 tons of gasoline with delivery at the Hamina terminal , Finland , was signed with Neste Oil OYj at the average Platts index for this September plus eight US dollars per month .",1,"['a', 'purchase', 'agreement', 'for', 'tons', 'of', 'gasoline', 'with', 'delivery', 'at', 'the', 'hamina', 'terminal', 'finland', 'was', 'signed', 'with', 'neste', 'oil', 'oyj', 'at', 'the', 'average', 'platts', 'index', 'for', 'this', 'september', 'plus', 'eight', 'us', 'dollars', 'per', 'month']"
11,"Finnish Talentum reports its operating profit increased to EUR 20.5 mn in 2005 from EUR 9.3 mn in 2004 , and net sales totaled EUR 103.3 mn , up from EUR 96.4 mn .",1,"['finnish', 'talentum', 'reports', 'its', 'operating', 'profit', 'increased', 'to', 'eur', 'mn', 'in', 'from', 'eur', 'mn', 'in', 'and', 'net', 'sales', 'totaled', 'eur', 'mn', 'up', 'from', 'eur', 'mn']"
12,"Clothing retail chain Sepp+ñl+ñ 's sales increased by 8 % to EUR 155.2 mn , and operating profit rose to EUR 31.1 mn from EUR 17.1 mn in 2004 .",1,"['clothing', 'retail', 'chain', 'sepp', 'l', 's', 'sales', 'increased', 'by', 'to', 'eur', 'mn', 'and', 'operating', 'profit', 'rose', 'to', 'eur', 'mn', 'from', 'eur', 'mn', 'in']"
13,"Consolidated net sales increased 16 % to reach EUR74 .8 m , while operating profit amounted to EUR0 .9 m compared to a loss of EUR0 .7 m in the prior year period .",1,"['consolidated', 'net', 'sales', 'increased', 'to', 'reach', 'eur', 'm', 'while', 'operating', 'profit', 'amounted', 'to', 'eur', 'm', 'compared', 'to', 'a', 'loss', 'of', 'eur', 'm', 'in', 'the', 'prior', 'year', 'period']"
14,"Foundries division reports its sales increased by 9.7 % to EUR 63.1 mn from EUR 57.5 mn in the corresponding period in 2006 , and sales of the Machine Shop division increased by 16.4 % to EUR 41.2 mn from EUR 35.4 mn in the corresponding period in 2006 .",1,"['foundries', 'division', 'reports', 'its', 'sales', 'increased', 'by', 'to', 'eur', 'mn', 'from', 'eur', 'mn', 'in', 'the', 'corresponding', 'period', 'in', 'and', 'sales', 'of', 'the', 'machine', 'shop', 'division', 'increased', 'by', 'to', 'eur', 'mn', 'from', 'eur', 'mn', 'in', 'the', 'corresponding', 'period', 'in']"
15,"HELSINKI ( AFX ) - Shares closed higher , led by Nokia after it announced plans to team up with Sanyo to manufacture 3G handsets , and by Nokian Tyres after its fourth-quarter earnings report beat analysts ' expectations , dealers said .",1,"['helsinki', 'afx', 'shares', 'closed', 'higher', 'led', 'by', 'nokia', 'after', 'it', 'announced', 'plans', 'to', 'team', 'up', 'with', 'sanyo', 'to', 'manufacture', 'g', 'handsets', 'and', 'by', 'nokian', 'tyres', 'after', 'its', 'fourth', 'quarter', 'earnings', 'report', 'beat', 'analysts', 'expectations', 'dealers', 'said']"
16,"Incap Contract Manufacturing Services Pvt Ltd , a subsidiary of Incap Corporation of Finland , plans to double its revenues by 2007-2008 .",1,"['incap', 'contract', 'manufacturing', 'services', 'pvt', 'ltd', 'a', 'subsidiary', 'of', 'incap', 'corporation', 'of', 'finland', 'plans', 'to', 'double', 'its', 'revenues', 'by']"
17,"Its board of directors will propose a dividend of EUR0 .12 per share for 2010 , up from the EUR0 .08 per share paid in 2009 .",1,"['its', 'board', 'of', 'directors', 'will', 'propose', 'a', 'dividend', 'of', 'eur', 'per', 'share', 'for', 'up', 'from', 'the', 'eur', 'per', 'share', 'paid', 'in']"
18,"Lifetree was founded in 2000 , and its revenues have risen on an average by 40 % with margins in late 30s .",1,"['lifetree', 'was', 'founded', 'in', 'and', 'its', 'revenues', 'have', 'risen', 'on', 'an', 'average', 'by', 'with', 'margins', 'in', 'late', 's']"
19,"( Filippova ) A trilateral agreement on investment in the construction of a technology park in St Petersburg was to have been signed in the course of the forum , Days of the Russian Economy , that opened in Helsinki today .",1,"['filippova', 'a', 'trilateral', 'agreement', 'on', 'investment', 'in', 'the', 'construction', 'of', 'a', 'technology', 'park', 'in', 'st', 'petersburg', 'was', 'to', 'have', 'been', 'signed', 'in', 'the', 'course', 'of', 'the', 'forum', 'days', 'of', 'the', 'russian', 'economy', 'that', 'opened', 'in', 'helsinki', 'today']"
20,"MegaFon 's subscriber base increased 16.1 % in 2009 to 50.5 million users as of December 31 , while its market share by the number of customers amounted to 24 % as of late 2009 , up from 23 % as of late 2008 , according to TeliaSonera estimates .",1,"['megafon', 's', 'subscriber', 'base', 'increased', 'in', 'to', 'million', 'users', 'as', 'of', 'december', 'while', 'its', 'market', 'share', 'by', 'the', 'number', 'of', 'customers', 'amounted', 'to', 'as', 'of', 'late', 'up', 'from', 'as', 'of', 'late', 'according', 'to', 'teliasonera', 'estimates']"
21,"Net income from life insurance doubled to EUR 6.8 mn from EUR 3.2 mn , and net income from non-life insurance rose to EUR 5.2 mn from EUR 1.5 mn in the corresponding period in 2009 .",1,"['net', 'income', 'from', 'life', 'insurance', 'doubled', 'to', 'eur', 'mn', 'from', 'eur', 'mn', 'and', 'net', 'income', 'from', 'non', 'life', 'insurance', 'rose', 'to', 'eur', 'mn', 'from', 'eur', 'mn', 'in', 'the', 'corresponding', 'period', 'in']"
22,Net sales increased to EUR193 .3 m from EUR179 .9 m and pretax profit rose by 34.2 % to EUR43 .1 m. ( EUR1 = USD1 .4 ),1,"['net', 'sales', 'increased', 'to', 'eur', 'm', 'from', 'eur', 'm', 'and', 'pretax', 'profit', 'rose', 'by', 'to', 'eur', 'm', 'eur', 'usd']"
23,"Net sales surged by 18.5 % to EUR167 .8 m. Teleste said that EUR20 .4 m , or 12.2 % , of the sales came from the acquisitions made in 2009 .",1,"['net', 'sales', 'surged', 'by', 'to', 'eur', 'm', 'teleste', 'said', 'that', 'eur', 'm', 'or', 'of', 'the', 'sales', 'came', 'from', 'the', 'acquisitions', 'made', 'in']"
24,Nordea Group 's operating profit increased in 2010 by 18 percent year-on-year to 3.64 billion euros and total revenue by 3 percent to 9.33 billion euros .,1,"['nordea', 'group', 's', 'operating', 'profit', 'increased', 'in', 'by', 'percent', 'year', 'on', 'year', 'to', 'billion', 'euros', 'and', 'total', 'revenue', 'by', 'percent', 'to', 'billion', 'euros']"
25,"Operating profit for the nine-month period increased from EUR13 .6 m , while net sales increased from EUR394 .7 m , as compared to the corresponding period in 2005 .",1,"['operating', 'profit', 'for', 'the', 'nine', 'month', 'period', 'increased', 'from', 'eur', 'm', 'while', 'net', 'sales', 'increased', 'from', 'eur', 'm', 'as', 'compared', 'to', 'the', 'corresponding', 'period', 'in']"
26,"Operating profit for the nine-month period increased from EUR3 .1 m and net sales increased from EUR61 .5 m , as compared to the corresponding period in 2007 .",1,"['operating', 'profit', 'for', 'the', 'nine', 'month', 'period', 'increased', 'from', 'eur', 'm', 'and', 'net', 'sales', 'increased', 'from', 'eur', 'm', 'as', 'compared', 'to', 'the', 'corresponding', 'period', 'in']"
27,"Operating profit for the three-month period increased from EUR1 .2 m , while revenue increased from EUR20 .2 m , as compared to the corresponding period in 2005 .",1,"['operating', 'profit', 'for', 'the', 'three', 'month', 'period', 'increased', 'from', 'eur', 'm', 'while', 'revenue', 'increased', 'from', 'eur', 'm', 'as', 'compared', 'to', 'the', 'corresponding', 'period', 'in']"
28,"The Brazilian unit of Finnish security solutions provider F-Secure signed up 1,500 new clients last year , online news source Reseller Web quoted the division 's commercial director , Vladimir Brand+úo , as saying .",1,"['the', 'brazilian', 'unit', 'of', 'finnish', 'security', 'solutions', 'provider', 'f', 'secure', 'signed', 'up', 'new', 'clients', 'last', 'year', 'online', 'news', 'source', 'reseller', 'web', 'quoted', 'the', 'division', 's', 'commercial', 'director', 'vladimir', 'brand', 'o', 'as', 'saying']"
29,"The company 's net profit rose 11.4 % on the year to 82.2 million euros in 2005 on sales of 686.5 million euros , 13.8 % up on the year , the company said earlier .",1,"['the', 'company', 's', 'net', 'profit', 'rose', 'on', 'the', 'year', 'to', 'million', 'euros', 'in', 'on', 'sales', 'of', 'million', 'euros', 'up', 'on', 'the', 'year', 'the', 'company', 'said', 'earlier']"
30,"The Lithuanian beer market made up 14.41 million liters in January , a rise of 0.8 percent from the year-earlier figure , the Lithuanian Brewers ' Association reporting citing the results from its members .",1,"['the', 'lithuanian', 'beer', 'market', 'made', 'up', 'million', 'liters', 'in', 'january', 'a', 'rise', 'of', 'percent', 'from', 'the', 'year', 'earlier', 'figure', 'the', 'lithuanian', 'brewers', 'association', 'reporting', 'citing', 'the', 'results', 'from', 'its', 'members']"
31,"Viking Line 's cargo revenue increased by 5.4 % to EUR 21.46 mn , and cargo volume increased by 2.4 % to 70,116 cargo units .",1,"['viking', 'line', 's', 'cargo', 'revenue', 'increased', 'by', 'to', 'eur', 'mn', 'and', 'cargo', 'volume', 'increased', 'by', 'to', 'cargo', 'units']"
32,"The fair value of the property portfolio doubled as a result of the Kapiteeli acquisition and totalled EUR 2,686.2 1,259.7 million .",1,"['the', 'fair', 'value', 'of', 'the', 'property', 'portfolio', 'doubled', 'as', 'a', 'result', 'of', 'the', 'kapiteeli', 'acquisition', 'and', 'totalled', 'eur', 'million']"
33,10 February 2011 - Finnish media company Sanoma Oyj HEL : SAA1V said yesterday its 2010 net profit almost tripled to EUR297 .3 m from EUR107 .1 m for 2009 and announced a proposal for a raised payout .,1,"['february', 'finnish', 'media', 'company', 'sanoma', 'oyj', 'hel', 'saa', 'v', 'said', 'yesterday', 'its', 'net', 'profit', 'almost', 'tripled', 'to', 'eur', 'm', 'from', 'eur', 'm', 'for', 'and', 'announced', 'a', 'proposal', 'for', 'a', 'raised', 'payout']"
34,"A Helsinki : ELIiV today reported EPS of EUR1 .13 for 2009 , an increase over EPS of EUR1 .12 in 2008 .",1,"['a', 'helsinki', 'eliiv', 'today', 'reported', 'eps', 'of', 'eur', 'for', 'an', 'increase', 'over', 'eps', 'of', 'eur', 'in']"
35,"Aspo Plc STOCK EXCHANGE RELEASE February 11 , 2011 at8 .45 a.m. ESL Shipping Ltd , part of Aspo Group , has signed a new , long-term contract with Rautaruukki Corporation for the marine transport of raw materials on the Baltic Sea .",1,"['aspo', 'plc', 'stock', 'exchange', 'release', 'february', 'at', 'a', 'm', 'esl', 'shipping', 'ltd', 'part', 'of', 'aspo', 'group', 'has', 'signed', 'a', 'new', 'long', 'term', 'contract', 'with', 'rautaruukki', 'corporation', 'for', 'the', 'marine', 'transport', 'of', 'raw', 'materials', 'on', 'the', 'baltic', 'sea']"
36,"Commission income increased by 22 % to EUR 4.4 mn , and lending volume rose by 13.5 % .",1,"['commission', 'income', 'increased', 'by', 'to', 'eur', 'mn', 'and', 'lending', 'volume', 'rose', 'by']"
37,"In January , traffic , measured in revenue passenger kilometres RPK , went up by 3.2 % and capacity , measured in available seat kilometres ASK , rose by 12.2 % .",1,"['in', 'january', 'traffic', 'measured', 'in', 'revenue', 'passenger', 'kilometres', 'rpk', 'went', 'up', 'by', 'and', 'capacity', 'measured', 'in', 'available', 'seat', 'kilometres', 'ask', 'rose', 'by']"
38,"In January-September 2010 , Fiskars ' net profit went up by 14 % year-on-year to EUR 65.4 million and net sales to EUR 525.3 million from EUR 487.7 million .",1,"['in', 'january', 'september', 'fiskars', 'net', 'profit', 'went', 'up', 'by', 'year', 'on', 'year', 'to', 'eur', 'million', 'and', 'net', 'sales', 'to', 'eur', 'million', 'from', 'eur', 'million']"
39,"Net income from life insurance rose to EUR 16.5 mn from EUR 14.0 mn , and net income from non-life insurance to EUR 22.6 mn from EUR 15.2 mn in 2009 .",1,"['net', 'income', 'from', 'life', 'insurance', 'rose', 'to', 'eur', 'mn', 'from', 'eur', 'mn', 'and', 'net', 'income', 'from', 'non', 'life', 'insurance', 'to', 'eur', 'mn', 'from', 'eur', 'mn', 'in']"
40,"Nyrstar has also agreed to supply to Talvivaara up to 150,000 tonnes of sulphuric acid per annum for use in Talvivaara 's leaching process during the period of supply of the zinc in concentrate .",1,"['nyrstar', 'has', 'also', 'agreed', 'to', 'supply', 'to', 'talvivaara', 'up', 'to', 'tonnes', 'of', 'sulphuric', 'acid', 'per', 'annum', 'for', 'use', 'in', 'talvivaara', 's', 'leaching', 'process', 'during', 'the', 'period', 'of', 'supply', 'of', 'the', 'zinc', 'in', 'concentrate']"
41,"Sales for both the Department Store Division and Hobby Hall increased by 7 % , while sales for the clothing store subsidiary Seppala decreased by 4 % .",1,"['sales', 'for', 'both', 'the', 'department', 'store', 'division', 'and', 'hobby', 'hall', 'increased', 'by', 'while', 'sales', 'for', 'the', 'clothing', 'store', 'subsidiary', 'seppala', 'decreased', 'by']"
42,Sales have risen in other export markets .,1,"['sales', 'have', 'risen', 'in', 'other', 'export', 'markets']"
43,Sales increased due to growing market rates and increased operations .,1,"['sales', 'increased', 'due', 'to', 'growing', 'market', 'rates', 'and', 'increased', 'operations']"
44,The agreement strengthens our long-term partnership with Nokia Siemens Networks .,1,"['the', 'agreement', 'strengthens', 'our', 'long', 'term', 'partnership', 'with', 'nokia', 'siemens', 'networks']"
45,"The agreement was signed with Biohit Healthcare Ltd , the UK-based subsidiary of Biohit Oyj , a Finnish public company which develops , manufactures and markets liquid handling products and diagnostic test systems .",1,"['the', 'agreement', 'was', 'signed', 'with', 'biohit', 'healthcare', 'ltd', 'the', 'uk', 'based', 'subsidiary', 'of', 'biohit', 'oyj', 'a', 'finnish', 'public', 'company', 'which', 'develops', 'manufactures', 'and', 'markets', 'liquid', 'handling', 'products', 'and', 'diagnostic', 'test', 'systems']"
46,The company also estimates the already carried out investments to lead to an increase in its net sales for 2010 from 2009 when they reached EUR 141.7 million .,1,"['the', 'company', 'also', 'estimates', 'the', 'already', 'carried', 'out', 'investments', 'to', 'lead', 'to', 'an', 'increase', 'in', 'its', 'net', 'sales', 'for', 'from', 'when', 'they', 'reached', 'eur', 'million']"
47,"The company 's order book stood at 1.5 bln euro $ 2.2 bln on September 30 , 2007 , up by 24.2 pct on the year , with international orders amounting to 365 mln euro $ 534.3 mln .",1,"['the', 'company', 's', 'order', 'book', 'stood', 'at', 'bln', 'euro', 'bln', 'on', 'september', 'up', 'by', 'pct', 'on', 'the', 'year', 'with', 'international', 'orders', 'amounting', 'to', 'mln', 'euro', 'mln']"
48,"The company said that paper demand increased in all of its main markets , including of publication papers , and that it increased average paper prices by 4 percent compared with last year .",1,"['the', 'company', 'said', 'that', 'paper', 'demand', 'increased', 'in', 'all', 'of', 'its', 'main', 'markets', 'including', 'of', 'publication', 'papers', 'and', 'that', 'it', 'increased', 'average', 'paper', 'prices', 'by', 'percent', 'compared', 'with', 'last', 'year']"
49,"The world 's second largest stainless steel maker said net profit in the three-month period until Dec. 31 surged to euro603 million US$ 781 million , or euro3 .33 US$ 4.31 per share , from euro172 million , or euro0 .94 per share , the previous year .",1,"['the', 'world', 's', 'second', 'largest', 'stainless', 'steel', 'maker', 'said', 'net', 'profit', 'in', 'the', 'three', 'month', 'period', 'until', 'dec', 'surged', 'to', 'euro', 'million', 'us', 'million', 'or', 'euro', 'us', 'per', 'share', 'from', 'euro', 'million', 'or', 'euro', 'per', 'share', 'the', 'previous', 'year']"
50,"Within the framework of the partnership , Nokia Siemens Networks has signed an initial framework purchase agreement with Sitronics subsidiary , JSC Mikron , which is the largest manufacturer and exporter of microelectronic components in Russia .",1,"['within', 'the', 'framework', 'of', 'the', 'partnership', 'nokia', 'siemens', 'networks', 'has', 'signed', 'an', 'initial', 'framework', 'purchase', 'agreement', 'with', 'sitronics', 'subsidiary', 'jsc', 'mikron', 'which', 'is', 'the', 'largest', 'manufacturer', 'and', 'exporter', 'of', 'microelectronic', 'components', 'in', 'russia']"
51,"Seppala 's revenue increased by 0.2 % to EUR10 .1 m. In Finland , revenue went down by 2.4 % to EUR6 .8 m , while sales abroad rose by 6.2 % to EUR3 .3 m. Sales increased in all the Baltic countries as well as in Russia and Ukraine .",1,"['seppala', 's', 'revenue', 'increased', 'by', 'to', 'eur', 'm', 'in', 'finland', 'revenue', 'went', 'down', 'by', 'to', 'eur', 'm', 'while', 'sales', 'abroad', 'rose', 'by', 'to', 'eur', 'm', 'sales', 'increased', 'in', 'all', 'the', 'baltic', 'countries', 'as', 'well', 'as', 'in', 'russia', 'and', 'ukraine']"
52,"Shares of Standard Chartered ( STAN ) rose 1.2 % in the FTSE 100 , while Royal Bank of Scotland ( RBS ) shares rose 2 % and Barclays shares ( BARC ) ( BCS ) were up 1.7 % .",1,"['shares', 'of', 'standard', 'chartered', 'stan', 'rose', 'in', 'the', 'ftse', 'while', 'royal', 'bank', 'of', 'scotland', 'rbs', 'shares', 'rose', 'and', 'barclays', 'shares', 'barc', 'bcs', 'were', 'up']"
53,Shares of Nokia Corp. rose Thursday after the cell phone maker said its third-quarter earnings almost doubled and its share of the global handset market increased .,1,"['shares', 'of', 'nokia', 'corp', 'rose', 'thursday', 'after', 'the', 'cell', 'phone', 'maker', 'said', 'its', 'third', 'quarter', 'earnings', 'almost', 'doubled', 'and', 'its', 'share', 'of', 'the', 'global', 'handset', 'market', 'increased']"
54,"In its financial report , published on Friday , SEB said its net profit soared to SEK6 .745 bn in 2010 from a year-earlier SEK1 .114 bn and proposed a 50 % dividend increase to SEK1 .50 per share .",1,"['in', 'its', 'financial', 'report', 'published', 'on', 'friday', 'seb', 'said', 'its', 'net', 'profit', 'soared', 'to', 'sek', 'bn', 'in', 'from', 'a', 'year', 'earlier', 'sek', 'bn', 'and', 'proposed', 'a', 'dividend', 'increase', 'to', 'sek', 'per', 'share']"
55,Sales for the Department Store Division increased by 15 % and sales for the clothing store subsidiary Seppala increased by 8 % Meanwhile sales for Hobby Hall decreased by 12 % .,1,"['sales', 'for', 'the', 'department', 'store', 'division', 'increased', 'by', 'and', 'sales', 'for', 'the', 'clothing', 'store', 'subsidiary', 'seppala', 'increased', 'by', 'meanwhile', 'sales', 'for', 'hobby', 'hall', 'decreased', 'by']"
56,"At first the contract envisaged the construction of three ferryboats with an option for two more units , further confirmed at a total value of 500 mln euro ( $ 645.8 mln ) .",1,"['at', 'first', 'the', 'contract', 'envisaged', 'the', 'construction', 'of', 'three', 'ferryboats', 'with', 'an', 'option', 'for', 'two', 'more', 'units', 'further', 'confirmed', 'at', 'a', 'total', 'value', 'of', 'mln', 'euro', 'mln']"
57,"KESKO CORPORATION STOCK EXCHANGE RELEASE 28.02.2008 AT 09.30 1 ( 1 ) Kesko Corporation and Aspo plc today signed an agreement by which Aspo acquires the share capital of Kauko-Telko Ltd , a subsidiary wholly owned by Kesko .",1,"['kesko', 'corporation', 'stock', 'exchange', 'release', 'at', 'kesko', 'corporation', 'and', 'aspo', 'plc', 'today', 'signed', 'an', 'agreement', 'by', 'which', 'aspo', 'acquires', 'the', 'share', 'capital', 'of', 'kauko', 'telko', 'ltd', 'a', 'subsidiary', 'wholly', 'owned', 'by', 'kesko']"
58,Sponda Plc Stock Exchange Release 5 December 2006 at 15.45 EUR 1.5 BILLION SYNDICATED CREDIT FACILITY FOR SPONDA Sponda has signed an agreement for a one-year syndicated credit facility for a total of EUR 1.5 billion .,1,"['sponda', 'plc', 'stock', 'exchange', 'release', 'december', 'at', 'eur', 'billion', 'syndicated', 'credit', 'facility', 'for', 'sponda', 'sponda', 'has', 'signed', 'an', 'agreement', 'for', 'a', 'one', 'year', 'syndicated', 'credit', 'facility', 'for', 'a', 'total', 'of', 'eur', 'billion']"
59,"The contract covers HDO platform , AC800 and CXE880 optical Fttb nodes designed to increase the forward and return path capacity of the transmission networks .",1,"['the', 'contract', 'covers', 'hdo', 'platform', 'ac', 'and', 'cxe', 'optical', 'fttb', 'nodes', 'designed', 'to', 'increase', 'the', 'forward', 'and', 'return', 'path', 'capacity', 'of', 'the', 'transmission', 'networks']"
60,"The OMX Helsinki 25 index was up 0.92 pct at 2,518.67 and the Helsinki CAP portfolio index was 0.91 pct higher at 4,711.19 .",1,"['the', 'omx', 'helsinki', 'index', 'was', 'up', 'pct', 'at', 'and', 'the', 'helsinki', 'cap', 'portfolio', 'index', 'was', 'pct', 'higher', 'at']"
61,"Rinkuskiai raised the sales by 18.1 percent , to 1.37 million liters , while the sales of Kauno Alus grew by 14.3 percent , to 960,000 liters .",1,"['rinkuskiai', 'raised', 'the', 'sales', 'by', 'percent', 'to', 'million', 'liters', 'while', 'the', 'sales', 'of', 'kauno', 'alus', 'grew', 'by', 'percent', 'to', 'liters']"
62,TELECOMWORLDWIRE-7 April 2006-TJ Group Plc sells stake in Morning Digital Design Oy Finnish IT company TJ Group Plc said on Friday 7 April that it had signed an agreement on selling its shares of Morning Digital Design Oy to Edita Oyj .,1,"['telecomworldwire', 'april', 'tj', 'group', 'plc', 'sells', 'stake', 'in', 'morning', 'digital', 'design', 'oy', 'finnish', 'it', 'company', 'tj', 'group', 'plc', 'said', 'on', 'friday', 'april', 'that', 'it', 'had', 'signed', 'an', 'agreement', 'on', 'selling', 'its', 'shares', 'of', 'morning', 'digital', 'design', 'oy', 'to', 'edita', 'oyj']"
63,Under this agreement Biohit becomes a focus supplier of pipettors and disposable pipettor tips to VWR customers throughout Europe .,1,"['under', 'this', 'agreement', 'biohit', 'becomes', 'a', 'focus', 'supplier', 'of', 'pipettors', 'and', 'disposable', 'pipettor', 'tips', 'to', 'vwr', 'customers', 'throughout', 'europe']"
64,"The combination of all services enabling us to offer a complex and strengthened service chain not only limited to the Baltic port connections but also for getting access to the world wide Grimaldi Network into the Mediterranean , Africa and North America `` says Uwe Bakosch .",1,"['the', 'combination', 'of', 'all', 'services', 'enabling', 'us', 'to', 'offer', 'a', 'complex', 'and', 'strengthened', 'service', 'chain', 'not', 'only', 'limited', 'to', 'the', 'baltic', 'port', 'connections', 'but', 'also', 'for', 'getting', 'access', 'to', 'the', 'world', 'wide', 'grimaldi', 'network', 'into', 'the', 'mediterranean', 'africa', 'and', 'north', 'america', 'says', 'uwe', 'bakosch']"
65,"The company still expects its turnover in 2010 to slightly increase from the level of 2009 , adding that `` market predictability is still too poor for trustworthy forecasts on the market development of the contract manufacturing business during the current year '' .",1,"['the', 'company', 'still', 'expects', 'its', 'turnover', 'in', 'to', 'slightly', 'increase', 'from', 'the', 'level', 'of', 'adding', 'that', 'market', 'predictability', 'is', 'still', 'too', 'poor', 'for', 'trustworthy', 'forecasts', 'on', 'the', 'market', 'development', 'of', 'the', 'contract', 'manufacturing', 'business', 'during', 'the', 'current', 'year']"
66,The acquisition will considerably increase Kemira 's sales and market position in the Russian metal industry coatings market .,1,"['the', 'acquisition', 'will', 'considerably', 'increase', 'kemira', 's', 'sales', 'and', 'market', 'position', 'in', 'the', 'russian', 'metal', 'industry', 'coatings', 'market']"
67,"In January-September 2007 , Finnlines ' net sales rose to EUR 505.4 mn from EUR 473.5 mn in the corresponding period in 2006 .",1,"['in', 'january', 'september', 'finnlines', 'net', 'sales', 'rose', 'to', 'eur', 'mn', 'from', 'eur', 'mn', 'in', 'the', 'corresponding', 'period', 'in']"
68,"Adjusted for changes in the Group structure , the Division 's net sales increased by 1.7 % .",1,"['adjusted', 'for', 'changes', 'in', 'the', 'group', 'structure', 'the', 'division', 's', 'net', 'sales', 'increased', 'by']"
69,"`` The change will optimize the operational efficiencies of our growing business , '' said Julia Prohaska , director of marketing communications for Fiskars .",1,"['the', 'change', 'will', 'optimize', 'the', 'operational', 'efficiencies', 'of', 'our', 'growing', 'business', 'said', 'julia', 'prohaska', 'director', 'of', 'marketing', 'communications', 'for', 'fiskars']"
70,"`` They would invest not only in the physical infrastructure , but would also provide know-how for managing and developing science and technology parks , '' said Sunrise Valley director Andrius Bagdonas .",1,"['they', 'would', 'invest', 'not', 'only', 'in', 'the', 'physical', 'infrastructure', 'but', 'would', 'also', 'provide', 'know', 'how', 'for', 'managing', 'and', 'developing', 'science', 'and', 'technology', 'parks', 'said', 'sunrise', 'valley', 'director', 'andrius', 'bagdonas']"
71,"4 February 2011 - Finnish broadband data communication systems provider Teleste Oyj HEL : TLT1V saw its net profit jump to EUR2 .1 m for the last quarter of 2010 from EUR995 ,000 for the same period of 2009 .",1,"['february', 'finnish', 'broadband', 'data', 'communication', 'systems', 'provider', 'teleste', 'oyj', 'hel', 'tlt', 'v', 'saw', 'its', 'net', 'profit', 'jump', 'to', 'eur', 'm', 'for', 'the', 'last', 'quarter', 'of', 'from', 'eur', 'for', 'the', 'same', 'period', 'of']"
72,Finnish Aktia Group 's operating profit rose to EUR 17.5 mn in the first quarter of 2010 from EUR 8.2 mn in the first quarter of 2009 .,1,"['finnish', 'aktia', 'group', 's', 'operating', 'profit', 'rose', 'to', 'eur', 'mn', 'in', 'the', 'first', 'quarter', 'of', 'from', 'eur', 'mn', 'in', 'the', 'first', 'quarter', 'of']"
73,Finnish Bank of +àland 's consolidated net operating profit increased from EUR 4.8 mn in the first quarter of 2005 to EUR 6.4 mn in the first quarter of 2006 .,1,"['finnish', 'bank', 'of', 'land', 's', 'consolidated', 'net', 'operating', 'profit', 'increased', 'from', 'eur', 'mn', 'in', 'the', 'first', 'quarter', 'of', 'to', 'eur', 'mn', 'in', 'the', 'first', 'quarter', 'of']"
74,"Finnish financial group Aktia reports operating profit of EUR 44.4 mn in January-September 2009 , up from EUR 37.3 mn in the corresponding period in 2008 .",1,"['finnish', 'financial', 'group', 'aktia', 'reports', 'operating', 'profit', 'of', 'eur', 'mn', 'in', 'january', 'september', 'up', 'from', 'eur', 'mn', 'in', 'the', 'corresponding', 'period', 'in']"
75,"Finnish high technology provider Vaahto Group reports net sales of EUR 41.8 mn in the accounting period September 2007 - February 2008 , an increase of 11.2 % from a year earlier .",1,"['finnish', 'high', 'technology', 'provider', 'vaahto', 'group', 'reports', 'net', 'sales', 'of', 'eur', 'mn', 'in', 'the', 'accounting', 'period', 'september', 'february', 'an', 'increase', 'of', 'from', 'a', 'year', 'earlier']"
76,Net sales of Finnish food industry company L+ñnnen Tehtaat 's continuing operations increased by 13 % in 2008 to EUR 349.1 mn from EUR 309.6 mn in 2007 .,1,"['net', 'sales', 'of', 'finnish', 'food', 'industry', 'company', 'l', 'nnen', 'tehtaat', 's', 'continuing', 'operations', 'increased', 'by', 'in', 'to', 'eur', 'mn', 'from', 'eur', 'mn', 'in']"
77,An individual promotion also generated slightly higher-than-expected revenues .,1,"['an', 'individual', 'promotion', 'also', 'generated', 'slightly', 'higher', 'than', 'expected', 'revenues']"
78,Biohit already services many current Genesis customers and the customer base is expected to expand as a result of this agreement .,1,"['biohit', 'already', 'services', 'many', 'current', 'genesis', 'customers', 'and', 'the', 'customer', 'base', 'is', 'expected', 'to', 'expand', 'as', 'a', 'result', 'of', 'this', 'agreement']"
79,"Both operating profit and turnover for the three-month period increased , respectively from EUR0 .9 m and EUR8 .3 m , as compared to the corresponding period in 2005 .",1,"['both', 'operating', 'profit', 'and', 'turnover', 'for', 'the', 'three', 'month', 'period', 'increased', 'respectively', 'from', 'eur', 'm', 'and', 'eur', 'm', 'as', 'compared', 'to', 'the', 'corresponding', 'period', 'in']"
80,Circulation revenue has increased by 5 % in Finland and 4 % in Sweden in 2008 .,1,"['circulation', 'revenue', 'has', 'increased', 'by', 'in', 'finland', 'and', 'in', 'sweden', 'in']"
81,Clothing chain Sepp+ñl+ñ 's net sales increased by 7.0 % to EUR 30.8 mn .,1,"['clothing', 'chain', 'sepp', 'l', 's', 'net', 'sales', 'increased', 'by', 'to', 'eur', 'mn']"
82,Construction volumes meanwhile grow at a rate of 10-15 percent annually .,1,"['construction', 'volumes', 'meanwhile', 'grow', 'at', 'a', 'rate', 'of', 'percent', 'annually']"
83,Finnish and Swedish construction markets are still experiencing an estimated 4 % annual growth in 2008 .,1,"['finnish', 'and', 'swedish', 'construction', 'markets', 'are', 'still', 'experiencing', 'an', 'estimated', 'annual', 'growth', 'in']"
84,"However , Biohit estimates its total net sales will continue to grow in 2009 , and that favourable trends in net sales will lead to a profit in 2009 .",1,"['however', 'biohit', 'estimates', 'its', 'total', 'net', 'sales', 'will', 'continue', 'to', 'grow', 'in', 'and', 'that', 'favourable', 'trends', 'in', 'net', 'sales', 'will', 'lead', 'to', 'a', 'profit', 'in']"
85,"In 2009 , Fiskars ' cash flow from operating activities amounted to EUR121m , up from EUR97m in the previous year .",1,"['in', 'fiskars', 'cash', 'flow', 'from', 'operating', 'activities', 'amounted', 'to', 'eur', 'm', 'up', 'from', 'eur', 'm', 'in', 'the', 'previous', 'year']"
86,"In Lithuania , operating profit rose to EUR 190,000 from EUR 70,000 in the corresponding period in 2005 .",1,"['in', 'lithuania', 'operating', 'profit', 'rose', 'to', 'eur', 'from', 'eur', 'in', 'the', 'corresponding', 'period', 'in']"
87,"In the fourth quarter of 2008 , net sales increased by 2 % to EUR 1,050.7 mn from EUR 1,027.0 mn in the fourth quarter of 2007 .",1,"['in', 'the', 'fourth', 'quarter', 'of', 'net', 'sales', 'increased', 'by', 'to', 'eur', 'mn', 'from', 'eur', 'mn', 'in', 'the', 'fourth', 'quarter', 'of']"
88,"International sales rose by 59.8 % to EUR 1,244.4 mn .",1,"['international', 'sales', 'rose', 'by', 'to', 'eur', 'mn']"
89,Net sales grew in the period to  x20ac 402 million $ 585US million from  x20ac 401 million in 2006 .,1,"['net', 'sales', 'grew', 'in', 'the', 'period', 'to', 'x', 'ac', 'million', 'us', 'million', 'from', 'x', 'ac', 'million', 'in']"
90,Net sales increased to EUR655m in April to June 2010 from EUR438m a year earlier .,1,"['net', 'sales', 'increased', 'to', 'eur', 'm', 'in', 'april', 'to', 'june', 'from', 'eur', 'm', 'a', 'year', 'earlier']"
91,"Net sales rose by 25.5 % year-on-year to EUR59 .6 m , as the number of chargers delivered went up by 41 % to 65.9 million pieces .",1,"['net', 'sales', 'rose', 'by', 'year', 'on', 'year', 'to', 'eur', 'm', 'as', 'the', 'number', 'of', 'chargers', 'delivered', 'went', 'up', 'by', 'to', 'million', 'pieces']"
92,"Net sales totaled EUR 93.6 mn , up from EUR 93.2 mn in the corresponding period in 2005 .",1,"['net', 'sales', 'totaled', 'eur', 'mn', 'up', 'from', 'eur', 'mn', 'in', 'the', 'corresponding', 'period', 'in']"
93,"Nokia also noted the average selling price of handsets declined during the period , though its mobile phone profit margin rose to more than 22 percent from 13 percent in the year-ago quarter .",1,"['nokia', 'also', 'noted', 'the', 'average', 'selling', 'price', 'of', 'handsets', 'declined', 'during', 'the', 'period', 'though', 'its', 'mobile', 'phone', 'profit', 'margin', 'rose', 'to', 'more', 'than', 'percent', 'from', 'percent', 'in', 'the', 'year', 'ago', 'quarter']"
94,Operating profit increased by 145.1 % to EUR 8.3 mn from EUR 3.4 mn .,1,"['operating', 'profit', 'increased', 'by', 'to', 'eur', 'mn', 'from', 'eur', 'mn']"
95,Operating profit margin increased from 11.2 % to 11.7 % .,1,"['operating', 'profit', 'margin', 'increased', 'from', 'to']"
96,Operating profit rose to EUR 3.11 mn from EUR 1.22 mn in the corresponding period in 2009 .,1,"['operating', 'profit', 'rose', 'to', 'eur', 'mn', 'from', 'eur', 'mn', 'in', 'the', 'corresponding', 'period', 'in']"
97,Operating profit rose to EUR 5mn from EUR 2.8 mn in the fourth quarter of 2008 .,1,"['operating', 'profit', 'rose', 'to', 'eur', 'mn', 'from', 'eur', 'mn', 'in', 'the', 'fourth', 'quarter', 'of']"
98,"Operating profit was EUR 24.5 mn , up from EUR 23.0 mn .",1,"['operating', 'profit', 'was', 'eur', 'mn', 'up', 'from', 'eur', 'mn']"
99,"Ramirent 's net sales in the second quarterended June 30 were EURO 128.7 million about U.S. $ 163 million , a 3.3-percent increase compared with EURO 124.6 million for thesecond quarter last year .",1,"['ramirent', 's', 'net', 'sales', 'in', 'the', 'second', 'quarterended', 'june', 'were', 'euro', 'million', 'about', 'u', 's', 'million', 'a', 'percent', 'increase', 'compared', 'with', 'euro', 'million', 'for', 'thesecond', 'quarter', 'last', 'year']"
100,"Revenue grew by 2 percent to  x20ac 580 million $ 743 million , from  x20ac 569 million .",1,"['revenue', 'grew', 'by', 'percent', 'to', 'x', 'ac', 'million', 'million', 'from', 'x', 'ac', 'million']"
101,Ruukki announced that it has signed an agreement with Aker Solutions of Norway to supply 24 suction anchors in September 2010 from its Kalajoki unit in Finland .,1,"['ruukki', 'announced', 'that', 'it', 'has', 'signed', 'an', 'agreement', 'with', 'aker', 'solutions', 'of', 'norway', 'to', 'supply', 'suction', 'anchors', 'in', 'september', 'from', 'its', 'kalajoki', 'unit', 'in', 'finland']"
102,"Ruukki 's delivery volumes and selling prices showed favourable development and the company 's comparable net sales grew by 50 % year-on-year to EUR647m , CEO Sakari Tamminen said .",1,"['ruukki', 's', 'delivery', 'volumes', 'and', 'selling', 'prices', 'showed', 'favourable', 'development', 'and', 'the', 'company', 's', 'comparable', 'net', 'sales', 'grew', 'by', 'year', 'on', 'year', 'to', 'eur', 'm', 'ceo', 'sakari', 'tamminen', 'said']"
103,Sanoma Magazines ' net sales are estimated to grow in 2006 .,1,"['sanoma', 'magazines', 'net', 'sales', 'are', 'estimated', 'to', 'grow', 'in']"
104,The bank forecasts Finland 's GDP will grow by 2 % in 2010 and in 2011 .,1,"['the', 'bank', 'forecasts', 'finland', 's', 'gdp', 'will', 'grow', 'by', 'in', 'and', 'in']"
105,"The circuit 's overall production rate on a weekly basis is now in excess of an average of 40,000 tonnes per day , with volumes in excess of 50,000 tonnes per day being reached on individual days .",1,"['the', 'circuit', 's', 'overall', 'production', 'rate', 'on', 'a', 'weekly', 'basis', 'is', 'now', 'in', 'excess', 'of', 'an', 'average', 'of', 'tonnes', 'per', 'day', 'with', 'volumes', 'in', 'excess', 'of', 'tonnes', 'per', 'day', 'being', 'reached', 'on', 'individual', 'days']"
106,"The company 's consolidated operating profit amounted to EUR 15.86 mn , up from EUR 4.14 mn year-on-year .",1,"['the', 'company', 's', 'consolidated', 'operating', 'profit', 'amounted', 'to', 'eur', 'mn', 'up', 'from', 'eur', 'mn', 'year', 'on', 'year']"
107,The Department Store Division reported an increase in sales of 4 per cent .,1,"['the', 'department', 'store', 'division', 'reported', 'an', 'increase', 'in', 'sales', 'of', 'per', 'cent']"
108,The fair value of the company 's investment properties grew to EUR 2.803 billion at the end of March 2009 from EUR 2.691 million a year ago .,1,"['the', 'fair', 'value', 'of', 'the', 'company', 's', 'investment', 'properties', 'grew', 'to', 'eur', 'billion', 'at', 'the', 'end', 'of', 'march', 'from', 'eur', 'million', 'a', 'year', 'ago']"
109,"The last quarter was the best quarter of 2009 in net sales , and the operating margin rose to 12.2 % .",1,"['the', 'last', 'quarter', 'was', 'the', 'best', 'quarter', 'of', 'in', 'net', 'sales', 'and', 'the', 'operating', 'margin', 'rose', 'to']"
110,"The major breweries increased their domestic beer sales by 4.5 per cent last year , to 256.88 million litres from 245.92 million litres in 2004 .",1,"['the', 'major', 'breweries', 'increased', 'their', 'domestic', 'beer', 'sales', 'by', 'per', 'cent', 'last', 'year', 'to', 'million', 'litres', 'from', 'million', 'litres', 'in']"
111,"The transaction doubles Tecnomens workforse , and adds a fourth to their net sales .",1,"['the', 'transaction', 'doubles', 'tecnomens', 'workforse', 'and', 'adds', 'a', 'fourth', 'to', 'their', 'net', 'sales']"
112,- Operating profit rose by 26.9 % to EUR 105.8 ( 83.4 ) million .,1,"['operating', 'profit', 'rose', 'by', 'to', 'eur', 'million']"
113,"`` After this purchase , Cramo will become the second largest rental services provider in the Latvian market .",1,"['after', 'this', 'purchase', 'cramo', 'will', 'become', 'the', 'second', 'largest', 'rental', 'services', 'provider', 'in', 'the', 'latvian', 'market']"
114,"`` The priority for 2009 was to strengthen the company 's balance sheet and increase cash flow , '' CEO Hannu Krook said .",1,"['the', 'priority', 'for', 'was', 'to', 'strengthen', 'the', 'company', 's', 'balance', 'sheet', 'and', 'increase', 'cash', 'flow', 'ceo', 'hannu', 'krook', 'said']"
115,`` The purchase of the operations is part of YIT 's strategy to expand its offering of building system services geographically . '',1,"['the', 'purchase', 'of', 'the', 'operations', 'is', 'part', 'of', 'yit', 's', 'strategy', 'to', 'expand', 'its', 'offering', 'of', 'building', 'system', 'services', 'geographically']"
116,21 October 2010 - Finnish fishing tackle company Rapala VMC Corp ( HEL : RAP1V ) said today its net profit rose to EUR18 .9 m for the first nine months of 2010 from EUR15 .1 m for the same period a year earlier .,1,"['october', 'finnish', 'fishing', 'tackle', 'company', 'rapala', 'vmc', 'corp', 'hel', 'rap', 'v', 'said', 'today', 'its', 'net', 'profit', 'rose', 'to', 'eur', 'm', 'for', 'the', 'first', 'nine', 'months', 'of', 'from', 'eur', 'm', 'for', 'the', 'same', 'period', 'a', 'year', 'earlier']"
117,"According to Finnish Metso Minerals , the value of the company 's orders has gone up to EUR 1.9 bn in 12 months .",1,"['according', 'to', 'finnish', 'metso', 'minerals', 'the', 'value', 'of', 'the', 'company', 's', 'orders', 'has', 'gone', 'up', 'to', 'eur', 'bn', 'in', 'months']"
118,Finnish Aldata Solution has signed a contract of supply its G.O.L.D. system to two French retail chains .,1,"['finnish', 'aldata', 'solution', 'has', 'signed', 'a', 'contract', 'of', 'supply', 'its', 'g', 'o', 'l', 'd', 'system', 'to', 'two', 'french', 'retail', 'chains']"
119,Finnish Bank of +àland reports its operating profit rose to EUR 21.3 mn in the second quarter of 2009 from EUR 6.1 mn in the corresponding period in 2008 .,1,"['finnish', 'bank', 'of', 'land', 'reports', 'its', 'operating', 'profit', 'rose', 'to', 'eur', 'mn', 'in', 'the', 'second', 'quarter', 'of', 'from', 'eur', 'mn', 'in', 'the', 'corresponding', 'period', 'in']"
120,Finnish financial group Aktia 's operating profit for 2009 increased to EUR 47.0 mn from EUR 6.6 mn in 2008 .,1,"['finnish', 'financial', 'group', 'aktia', 's', 'operating', 'profit', 'for', 'increased', 'to', 'eur', 'mn', 'from', 'eur', 'mn', 'in']"
121,Finnish forest machinery manufacturer Ponsse 's net sales grew to EUR 51.3 mn in the first quarter of 2010 from EUR 37.5 mn in the corresponding period in 2009 .,1,"['finnish', 'forest', 'machinery', 'manufacturer', 'ponsse', 's', 'net', 'sales', 'grew', 'to', 'eur', 'mn', 'in', 'the', 'first', 'quarter', 'of', 'from', 'eur', 'mn', 'in', 'the', 'corresponding', 'period', 'in']"
122,Finnish KCI Konecranes has raised its net sales growth estimate for 2006 from over 25 % to over 35 % .,1,"['finnish', 'kci', 'konecranes', 'has', 'raised', 'its', 'net', 'sales', 'growth', 'estimate', 'for', 'from', 'over', 'to', 'over']"
123,Finnish Okmetic that manufactures and processes silicon wafers for the semiconductor and sensor industries and Norwegian solar wafer company NorSun have signed a contract under which Okmetic will supply NorSun mono silicon crystals for use in solar cell manufacturing .,1,"['finnish', 'okmetic', 'that', 'manufactures', 'and', 'processes', 'silicon', 'wafers', 'for', 'the', 'semiconductor', 'and', 'sensor', 'industries', 'and', 'norwegian', 'solar', 'wafer', 'company', 'norsun', 'have', 'signed', 'a', 'contract', 'under', 'which', 'okmetic', 'will', 'supply', 'norsun', 'mono', 'silicon', 'crystals', 'for', 'use', 'in', 'solar', 'cell', 'manufacturing']"
124,Finnish pharmaceuticals company Orion 's net sales rose to EUR 190mn in the first quarter of 2009 from EUR 180mn in the first quarter of 2008 .,1,"['finnish', 'pharmaceuticals', 'company', 'orion', 's', 'net', 'sales', 'rose', 'to', 'eur', 'mn', 'in', 'the', 'first', 'quarter', 'of', 'from', 'eur', 'mn', 'in', 'the', 'first', 'quarter', 'of']"
125,"Finnish Ponsse has signed an agreement with Babcock Africa for the distribution and support of Ponsse forest machines , harvester heads , and information systems in South Africa .",1,"['finnish', 'ponsse', 'has', 'signed', 'an', 'agreement', 'with', 'babcock', 'africa', 'for', 'the', 'distribution', 'and', 'support', 'of', 'ponsse', 'forest', 'machines', 'harvester', 'heads', 'and', 'information', 'systems', 'in', 'south', 'africa']"
126,South African Sappi will become the largest foreign forest industry company operating in Finland as a result of the acquisition Finnish M-real Corporation 's Graphic Papers Business unit .,1,"['south', 'african', 'sappi', 'will', 'become', 'the', 'largest', 'foreign', 'forest', 'industry', 'company', 'operating', 'in', 'finland', 'as', 'a', 'result', 'of', 'the', 'acquisition', 'finnish', 'm', 'real', 'corporation', 's', 'graphic', 'papers', 'business', 'unit']"
127,According to Deputy MD Pekka Silvennoinen the aim is double turnover over the next three years .,1,"['according', 'to', 'deputy', 'md', 'pekka', 'silvennoinen', 'the', 'aim', 'is', 'double', 'turnover', 'over', 'the', 'next', 'three', 'years']"
128,"According to HKScan Finland , the plan is to increase J+ñrvi-Suomen Portti 's net sales to EUR 80mn to EUR 100mn .",1,"['according', 'to', 'hkscan', 'finland', 'the', 'plan', 'is', 'to', 'increase', 'j', 'rvi', 'suomen', 'portti', 's', 'net', 'sales', 'to', 'eur', 'mn', 'to', 'eur', 'mn']"
129,"Advertising and circulation revenues grew by 3.4 % and by 0.4 % , respectively .",1,"['advertising', 'and', 'circulation', 'revenues', 'grew', 'by', 'and', 'by', 'respectively']"
130,"After the takeover , Cramo will become the second largest rental services provider in the Latvian market .",1,"['after', 'the', 'takeover', 'cramo', 'will', 'become', 'the', 'second', 'largest', 'rental', 'services', 'provider', 'in', 'the', 'latvian', 'market']"
131,"Again , the most significant sales increase of 18.6 % was in Russia .",1,"['again', 'the', 'most', 'significant', 'sales', 'increase', 'of', 'was', 'in', 'russia']"
132,Alma Media expects its net sales to increase as forecast previously .,1,"['alma', 'media', 'expects', 'its', 'net', 'sales', 'to', 'increase', 'as', 'forecast', 'previously']"
133,Also Lemmink+ñinen 's profit for accounting period went up to EUR 3.1 mn from EUR -24.5 mn a year ago .,1,"['also', 'lemmink', 'inen', 's', 'profit', 'for', 'accounting', 'period', 'went', 'up', 'to', 'eur', 'mn', 'from', 'eur', 'mn', 'a', 'year', 'ago']"
134,"At the end of March 2007 , the group 's order book was at EUR 39.6 mn , up 42 % from the corresponding period in 2006 .",1,"['at', 'the', 'end', 'of', 'march', 'the', 'group', 's', 'order', 'book', 'was', 'at', 'eur', 'mn', 'up', 'from', 'the', 'corresponding', 'period', 'in']"
135,"At the same time profit of the company increased by 10 % in H1 and reached Ls 79,000 .",1,"['at', 'the', 'same', 'time', 'profit', 'of', 'the', 'company', 'increased', 'by', 'in', 'h', 'and', 'reached', 'ls']"
136,"Besides we have increased the share of meat in various sausages and are offering a number of new tastes in the grill products and shish kebabs segment , '' Paavel said .",1,"['besides', 'we', 'have', 'increased', 'the', 'share', 'of', 'meat', 'in', 'various', 'sausages', 'and', 'are', 'offering', 'a', 'number', 'of', 'new', 'tastes', 'in', 'the', 'grill', 'products', 'and', 'shish', 'kebabs', 'segment', 'paavel', 'said']"
137,"Both operating profit and net sales for the 12-month period increased , respectively from EUR10 .5 m and EUR28 .8 m , as compared to the financial year 2004 .",1,"['both', 'operating', 'profit', 'and', 'net', 'sales', 'for', 'the', 'month', 'period', 'increased', 'respectively', 'from', 'eur', 'm', 'and', 'eur', 'm', 'as', 'compared', 'to', 'the', 'financial', 'year']"
138,"Both operating profit and net sales for the 12-month period increased , respectively from EUR20 .8 m and EUR177 .7 m , as compared to the financial year 2004 .",1,"['both', 'operating', 'profit', 'and', 'net', 'sales', 'for', 'the', 'month', 'period', 'increased', 'respectively', 'from', 'eur', 'm', 'and', 'eur', 'm', 'as', 'compared', 'to', 'the', 'financial', 'year']"
139,"Both operating profit and net sales for the 12-month period increased , respectively from EUR21 .5 m and EUR196 .1 m , as compared to 2005 .",1,"['both', 'operating', 'profit', 'and', 'net', 'sales', 'for', 'the', 'month', 'period', 'increased', 'respectively', 'from', 'eur', 'm', 'and', 'eur', 'm', 'as', 'compared', 'to']"
140,"Both operating profit and net sales for the 12-month period increased , respectively from EUR4 .7 m and EUR26 .7 m , as compared to 2004 .",1,"['both', 'operating', 'profit', 'and', 'net', 'sales', 'for', 'the', 'month', 'period', 'increased', 'respectively', 'from', 'eur', 'm', 'and', 'eur', 'm', 'as', 'compared', 'to']"
141,"Both operating profit and net sales for the nine-month period increased , respectively by 26.6 % and 3.4 % , as compared to the corresponding period in 2006 .",1,"['both', 'operating', 'profit', 'and', 'net', 'sales', 'for', 'the', 'nine', 'month', 'period', 'increased', 'respectively', 'by', 'and', 'as', 'compared', 'to', 'the', 'corresponding', 'period', 'in']"
142,"Both operating profit and net sales for the six-month period increased , respectively , from EUR13 .8 m and EUR143 .6 m , as compared to the corresponding period in 2007 .",1,"['both', 'operating', 'profit', 'and', 'net', 'sales', 'for', 'the', 'six', 'month', 'period', 'increased', 'respectively', 'from', 'eur', 'm', 'and', 'eur', 'm', 'as', 'compared', 'to', 'the', 'corresponding', 'period', 'in']"
143,"Both operating profit and net sales for the six-month period increased , respectively from EUR0 .4 m and EUR3 .2 m , as compared to the corresponding period in 2005 .",1,"['both', 'operating', 'profit', 'and', 'net', 'sales', 'for', 'the', 'six', 'month', 'period', 'increased', 'respectively', 'from', 'eur', 'm', 'and', 'eur', 'm', 'as', 'compared', 'to', 'the', 'corresponding', 'period', 'in']"
144,"Both operating profit and net sales for the six-month period increased , respectively from EUR18 .1 m and EUR127 .6 m , as compared to the corresponding period in 2006 .",1,"['both', 'operating', 'profit', 'and', 'net', 'sales', 'for', 'the', 'six', 'month', 'period', 'increased', 'respectively', 'from', 'eur', 'm', 'and', 'eur', 'm', 'as', 'compared', 'to', 'the', 'corresponding', 'period', 'in']"
145,"Both operating profit and net sales for the six-month period increased , respectively from EUR7 .5 m and EUR655 .5 m , as compared to the corresponding period in 2005 .",1,"['both', 'operating', 'profit', 'and', 'net', 'sales', 'for', 'the', 'six', 'month', 'period', 'increased', 'respectively', 'from', 'eur', 'm', 'and', 'eur', 'm', 'as', 'compared', 'to', 'the', 'corresponding', 'period', 'in']"
146,"Both operating profit and net sales for the three-month period increased , respectively from EUR15 .1 m and EUR131 .5 m , as compared to the corresponding period in 2005 .",1,"['both', 'operating', 'profit', 'and', 'net', 'sales', 'for', 'the', 'three', 'month', 'period', 'increased', 'respectively', 'from', 'eur', 'm', 'and', 'eur', 'm', 'as', 'compared', 'to', 'the', 'corresponding', 'period', 'in']"
147,"Both operating profit and net sales for the three-month period increased , respectively from EUR16 .0 m and EUR139m , as compared to the corresponding quarter in 2006 .",1,"['both', 'operating', 'profit', 'and', 'net', 'sales', 'for', 'the', 'three', 'month', 'period', 'increased', 'respectively', 'from', 'eur', 'm', 'and', 'eur', 'm', 'as', 'compared', 'to', 'the', 'corresponding', 'quarter', 'in']"
148,"Both operating profit and sales for the three-month period increased , respectively from EUR0 .3 m and EUR13 .1 m , as compared to the corresponding period in 2005 .",1,"['both', 'operating', 'profit', 'and', 'sales', 'for', 'the', 'three', 'month', 'period', 'increased', 'respectively', 'from', 'eur', 'm', 'and', 'eur', 'm', 'as', 'compared', 'to', 'the', 'corresponding', 'period', 'in']"
149,"Both operating profit and turnover for the nine-month period increased , respectively from EUR2 .4 m and EUR43 .8 m , as compared to the corresponding period a year ago .",1,"['both', 'operating', 'profit', 'and', 'turnover', 'for', 'the', 'nine', 'month', 'period', 'increased', 'respectively', 'from', 'eur', 'm', 'and', 'eur', 'm', 'as', 'compared', 'to', 'the', 'corresponding', 'period', 'a', 'year', 'ago']"
150,"Both operating profit and turnover for the six-month period increased , respectively , from EUR17 .6 m and EUR1149 .9 m , as compared to the corresponding period in 2007 .",1,"['both', 'operating', 'profit', 'and', 'turnover', 'for', 'the', 'six', 'month', 'period', 'increased', 'respectively', 'from', 'eur', 'm', 'and', 'eur', 'm', 'as', 'compared', 'to', 'the', 'corresponding', 'period', 'in']"
151,"Both operating profit and turnover for the six-month period increased , respectively from EUR0 .1 m and EUR29 .0 m , as compared to the corresponding period a year ago .",1,"['both', 'operating', 'profit', 'and', 'turnover', 'for', 'the', 'six', 'month', 'period', 'increased', 'respectively', 'from', 'eur', 'm', 'and', 'eur', 'm', 'as', 'compared', 'to', 'the', 'corresponding', 'period', 'a', 'year', 'ago']"
152,Cargo volume grew by 7 % .,1,"['cargo', 'volume', 'grew', 'by']"
153,Cargo volume increased by approximately 5 % .,1,"['cargo', 'volume', 'increased', 'by', 'approximately']"
154,"comparable operating profit totaled EUR 854mn , up from EUR 730mn in 2004 .",1,"['comparable', 'operating', 'profit', 'totaled', 'eur', 'mn', 'up', 'from', 'eur', 'mn', 'in']"
155,"Digia said its consolidated net sales for January-June 2010 were EUR67 .8 m , up 9.7 % on the same period in 2009 ( EUR61 .9 m ) .",1,"['digia', 'said', 'its', 'consolidated', 'net', 'sales', 'for', 'january', 'june', 'were', 'eur', 'm', 'up', 'on', 'the', 'same', 'period', 'in', 'eur', 'm']"
156,Diluted earnings per share ( EPS ) rose to EUR 0.29 from EUR 0.05 .,1,"['diluted', 'earnings', 'per', 'share', 'eps', 'rose', 'to', 'eur', 'from', 'eur']"
157,Diluted earnings per share ( EPS ) rose to EUR 0.52 versus EUR 0.09 .,1,"['diluted', 'earnings', 'per', 'share', 'eps', 'rose', 'to', 'eur', 'versus', 'eur']"
158,Diluted earnings per share ( EPS ) rose to EUR 1.05 from EUR 0.64 .,1,"['diluted', 'earnings', 'per', 'share', 'eps', 'rose', 'to', 'eur', 'from', 'eur']"
159,Diluted earnings per share ( EPS ) rose to EUR 3.68 from EUR 0.50 .,1,"['diluted', 'earnings', 'per', 'share', 'eps', 'rose', 'to', 'eur', 'from', 'eur']"
160,Diluted EPS rose to EUR3 .68 from EUR0 .50 .,1,"['diluted', 'eps', 'rose', 'to', 'eur', 'from', 'eur']"
161,EBIT margin was up from 1.4 % to 5.1 % .,1,"['ebit', 'margin', 'was', 'up', 'from', 'to']"
162,"EPS for the quarter was EUR0 .00 , as compared with EUR0 .01 in the third quarter of 2008 , representing a Group net sales for the third quarter were EUR15 .3 m , up by 2.8 % as compared with EUR14 .9 m in the third quarter of 2008 .",1,"['eps', 'for', 'the', 'quarter', 'was', 'eur', 'as', 'compared', 'with', 'eur', 'in', 'the', 'third', 'quarter', 'of', 'representing', 'a', 'group', 'net', 'sales', 'for', 'the', 'third', 'quarter', 'were', 'eur', 'm', 'up', 'by', 'as', 'compared', 'with', 'eur', 'm', 'in', 'the', 'third', 'quarter', 'of']"
163,"EPS from continuing operations came in at 0.30 eur , up from 0.17 .",1,"['eps', 'from', 'continuing', 'operations', 'came', 'in', 'at', 'eur', 'up', 'from']"
164,"Equity ratio was 60.9 % compared to 54.2 % In the third quarter of 2007 , net sales of the Frozen Foods Business totaled EUR 11.0 , up by about 5 % from the third quarter of 2006 .",1,"['equity', 'ratio', 'was', 'compared', 'to', 'in', 'the', 'third', 'quarter', 'of', 'net', 'sales', 'of', 'the', 'frozen', 'foods', 'business', 'totaled', 'eur', 'up', 'by', 'about', 'from', 'the', 'third', 'quarter', 'of']"
165,"EUR928 ,000 in Q1 2010 6 May 2010 - Finnish textile and clothing design company Marimekko Oyj ( HEL : MMO1V ) said today its net profit rose to EUR928 ,000 in the first quarter of 2010 from EUR13 ,000 in the corresponding period a year earlier .",1,"['eur', 'in', 'q', 'may', 'finnish', 'textile', 'and', 'clothing', 'design', 'company', 'marimekko', 'oyj', 'hel', 'mmo', 'v', 'said', 'today', 'its', 'net', 'profit', 'rose', 'to', 'eur', 'in', 'the', 'first', 'quarter', 'of', 'from', 'eur', 'in', 'the', 'corresponding', 'period', 'a', 'year', 'earlier']"
166,"Finland-based Elcoteq SE , a privately held provider of electronics manufacturing services to communications companies , said Thursday it signed a long-term manufacturing supply deal with communications equipment company Andrew Corp. .",1,"['finland', 'based', 'elcoteq', 'se', 'a', 'privately', 'held', 'provider', 'of', 'electronics', 'manufacturing', 'services', 'to', 'communications', 'companies', 'said', 'thursday', 'it', 'signed', 'a', 'long', 'term', 'manufacturing', 'supply', 'deal', 'with', 'communications', 'equipment', 'company', 'andrew', 'corp']"
167,Finnish cutlery and hand tools maker Fiskars Oyj Abp ( HEL : FISAS ) said today its net profit rose to EUR 24.1 million ( USD 33.6 m ) in the third quarter of 2010 from EUR 17.9 million a year earlier .,1,"['finnish', 'cutlery', 'and', 'hand', 'tools', 'maker', 'fiskars', 'oyj', 'abp', 'hel', 'fisas', 'said', 'today', 'its', 'net', 'profit', 'rose', 'to', 'eur', 'million', 'usd', 'm', 'in', 'the', 'third', 'quarter', 'of', 'from', 'eur', 'million', 'a', 'year', 'earlier']"
168,Finnish department store chain Stockmann Oyj Abp net profit rose to 39.8 mln euro ( $ 56.8 mln ) for the first nine months of 2007 from 37.4 mln euro ( $ 53.4 mln ) for the same period of 2006 .,1,"['finnish', 'department', 'store', 'chain', 'stockmann', 'oyj', 'abp', 'net', 'profit', 'rose', 'to', 'mln', 'euro', 'mln', 'for', 'the', 'first', 'nine', 'months', 'of', 'from', 'mln', 'euro', 'mln', 'for', 'the', 'same', 'period', 'of']"
169,"Finnish lifting equipment maker Konecranes Oyj said on July 30 , 2008 that its net profit rose to 71.2 mln euro ( $ 111.1 mln ) for the first half of 2008 from 57.1 mln euro ( $ 89.1 mln ) for the same period of 2007 .",1,"['finnish', 'lifting', 'equipment', 'maker', 'konecranes', 'oyj', 'said', 'on', 'july', 'that', 'its', 'net', 'profit', 'rose', 'to', 'mln', 'euro', 'mln', 'for', 'the', 'first', 'half', 'of', 'from', 'mln', 'euro', 'mln', 'for', 'the', 'same', 'period', 'of']"
170,Finnish messaging solutions developer Tecnomen Corporation ( OMX Helsinki : TEM1V ) said on Thursday ( 11 December ) that it has received an expansion order for its Convergent Charging solution in Latin America .,1,"['finnish', 'messaging', 'solutions', 'developer', 'tecnomen', 'corporation', 'omx', 'helsinki', 'tem', 'v', 'said', 'on', 'thursday', 'december', 'that', 'it', 'has', 'received', 'an', 'expansion', 'order', 'for', 'its', 'convergent', 'charging', 'solution', 'in', 'latin', 'america']"
171,Finnish metal industry solutions supplier Outotec Oyj net profit rose to 50.4 mln euro ( $ 72.5 mln ) for the first nine months of 2007 from 20.1 mln euro ( $ 28.9 mln ) for the same period of 2006 .,1,"['finnish', 'metal', 'industry', 'solutions', 'supplier', 'outotec', 'oyj', 'net', 'profit', 'rose', 'to', 'mln', 'euro', 'mln', 'for', 'the', 'first', 'nine', 'months', 'of', 'from', 'mln', 'euro', 'mln', 'for', 'the', 'same', 'period', 'of']"
172,Finnish metal products company Componenta Oyj net profit rose to 26.1 mln euro ( $ 35.9 mln ) for the first quarter of 2007 from 5.3 mln euro ( $ 7.3 mln ) for the same period of 2006 .,1,"['finnish', 'metal', 'products', 'company', 'componenta', 'oyj', 'net', 'profit', 'rose', 'to', 'mln', 'euro', 'mln', 'for', 'the', 'first', 'quarter', 'of', 'from', 'mln', 'euro', 'mln', 'for', 'the', 'same', 'period', 'of']"
173,Finnish office supplies and computer accessories dealer Beltton-Group Plc said its net profit rose to 1.3 mln euro ( $ 1.7 mln ) in 2006 from 1.13 mln euro ( $ 1.5 mln ) in 2005 .,1,"['finnish', 'office', 'supplies', 'and', 'computer', 'accessories', 'dealer', 'beltton', 'group', 'plc', 'said', 'its', 'net', 'profit', 'rose', 'to', 'mln', 'euro', 'mln', 'in', 'from', 'mln', 'euro', 'mln', 'in']"
174,"Finnish security and privacy software solutions developer Stonesoft Oyj said on January 7 , 2008 that the preliminary sales of its StoneGate products grew by 59 pct year-on-year to 3.6 mln euro ( $ 5.3 mln ) for the fourth quarter of 2007 .",1,"['finnish', 'security', 'and', 'privacy', 'software', 'solutions', 'developer', 'stonesoft', 'oyj', 'said', 'on', 'january', 'that', 'the', 'preliminary', 'sales', 'of', 'its', 'stonegate', 'products', 'grew', 'by', 'pct', 'year', 'on', 'year', 'to', 'mln', 'euro', 'mln', 'for', 'the', 'fourth', 'quarter', 'of']"
175,"Finnish silicon wafer technology company Okmetic Oyj ( OMX Helsinki : OKM1V ) reported on Thursday ( 7 August ) an operating profit of EUR5 .3 m for the period January-June 2008 , up from EUR3 .3 m in the corresponding period in 2007 .",1,"['finnish', 'silicon', 'wafer', 'technology', 'company', 'okmetic', 'oyj', 'omx', 'helsinki', 'okm', 'v', 'reported', 'on', 'thursday', 'august', 'an', 'operating', 'profit', 'of', 'eur', 'm', 'for', 'the', 'period', 'january', 'june', 'up', 'from', 'eur', 'm', 'in', 'the', 'corresponding', 'period', 'in']"
176,Finnish software developer Done Solutions Oyj said its net profit increased to 3.5 mln euro ( $ 4.6 mln ) in 2006 from 2.3 mln euro ( $ 3.0 mln ) in 2005 .,1,"['finnish', 'software', 'developer', 'done', 'solutions', 'oyj', 'said', 'its', 'net', 'profit', 'increased', 'to', 'mln', 'euro', 'mln', 'in', 'from', 'mln', 'euro', 'mln', 'in']"
177,First quarter underlying operating profit rose to 41 mln eur from 33 mln a year earlier .,1,"['first', 'quarter', 'underlying', 'operating', 'profit', 'rose', 'to', 'mln', 'eur', 'from', 'mln', 'a', 'year', 'earlier']"
178,"Following the acquisition , Relacom will strengthen its presence in Finland , serving operators and office market with mobile and fixed networks construction , installation and maintenance services .",1,"['following', 'the', 'acquisition', 'relacom', 'will', 'strengthen', 'its', 'presence', 'in', 'finland', 'serving', 'operators', 'and', 'office', 'market', 'with', 'mobile', 'and', 'fixed', 'networks', 'construction', 'installation', 'and', 'maintenance', 'services']"
179,"For the first nine months of 2010 , the company 's net profit rose to EUR41m from EUR30m for the corresponding period of 2009 .",1,"['for', 'the', 'first', 'nine', 'months', 'of', 'the', 'company', 's', 'net', 'profit', 'rose', 'to', 'eur', 'm', 'from', 'eur', 'm', 'for', 'the', 'corresponding', 'period', 'of']"
180,"HELSINKI ( AFX ) - Retail and wholesale group Kesko reported net sales of 659.4 mln eur for February , an increase of 10.8 pct year-on-year .",1,"['helsinki', 'afx', 'retail', 'and', 'wholesale', 'group', 'kesko', 'reported', 'net', 'sales', 'of', 'mln', 'eur', 'for', 'february', 'an', 'increase', 'of', 'pct', 'year', 'on', 'year']"
181,"However , net sales in 2010 are seen to have grown to EUR598 .3 m from EUR582 .3 m in 2009 .",1,"['however', 'net', 'sales', 'in', 'are', 'seen', 'to', 'have', 'grown', 'to', 'eur', 'm', 'from', 'eur', 'm', 'in']"
182,"However , sales returned to growth in April-June 2010 , CEO Pekka Eloholma said .",1,"['however', 'sales', 'returned', 'to', 'growth', 'in', 'april', 'june', 'ceo', 'pekka', 'eloholma', 'said']"
183,"Ragutis , which is controlled by the Finnish brewery , reported a 5.4-per-cent rise in beer sales to 10.44 million litres and held an 11.09-per-cent market share .",1,"['ragutis', 'which', 'is', 'controlled', 'by', 'the', 'finnish', 'brewery', 'reported', 'a', 'per', 'cent', 'rise', 'in', 'beer', 'sales', 'to', 'million', 'litres', 'and', 'held', 'an', 'per', 'cent', 'market', 'share']"
184,"Svyturys-Utenos Alus , which is controlled by the Nordic group Baltic Beverages Holding ( BBH ) , posted a 4.7-per-cent growth in beer sales for January-May to 46.22 million litres .",1,"['svyturys', 'utenos', 'alus', 'which', 'is', 'controlled', 'by', 'the', 'nordic', 'group', 'baltic', 'beverages', 'holding', 'bbh', 'posted', 'a', 'per', 'cent', 'growth', 'in', 'beer', 'sales', 'for', 'january', 'may', 'to', 'million', 'litres']"
185,"In addition , Kone signed a two-year maintenance contract for the escalators .",1,"['in', 'addition', 'kone', 'signed', 'a', 'two', 'year', 'maintenance', 'contract', 'for', 'the', 'escalators']"
186,"In December alone , the members of the Lithuanian Brewers ' Association sold a total of 20.3 million liters of beer , an increase of 1.9 percent from the sales of 19.92 million liters in December 2004 .",1,"['in', 'december', 'alone', 'the', 'members', 'of', 'the', 'lithuanian', 'brewers', 'association', 'sold', 'a', 'total', 'of', 'million', 'liters', 'of', 'beer', 'an', 'increase', 'of', 'percent', 'from', 'the', 'sales', 'of', 'million', 'liters', 'in', 'december']"
187,"In January-September 2009 , the Group 's net interest income increased to EUR 112.4 mn from EUR 74.3 mn in January-September 2008 .",1,"['in', 'january', 'september', 'the', 'group', 's', 'net', 'interest', 'income', 'increased', 'to', 'eur', 'mn', 'from', 'eur', 'mn', 'in', 'january', 'september']"
188,"In Q1 of 2010 , Bank of +àland 's net interest income increased from EUR 9.1 mn to EUR 9.7 mn .",1,"['in', 'q', 'of', 'bank', 'of', 'land', 's', 'net', 'interest', 'income', 'increased', 'from', 'eur', 'mn', 'to', 'eur', 'mn']"
189,"In Sweden , operating profit for the period under review totaled EUR 3.4 mn , up 30.8 % from the corresponding period in 2005 .",1,"['in', 'sweden', 'operating', 'profit', 'for', 'the', 'period', 'under', 'review', 'totaled', 'eur', 'mn', 'up', 'from', 'the', 'corresponding', 'period', 'in']"
190,"In the fourth quarter of 2009 , Orion 's net profit went up by 33.8 % year-on-year to EUR33m .",1,"['in', 'the', 'fourth', 'quarter', 'of', 'orion', 's', 'net', 'profit', 'went', 'up', 'by', 'year', 'on', 'year', 'to', 'eur', 'm']"
191,"In the second quarter of 2010 , the group 's net profit rose to EUR 3.1 million from EUR 2.5 million in April-June 2009 .",1,"['in', 'the', 'second', 'quarter', 'of', 'the', 'group', 's', 'net', 'profit', 'rose', 'to', 'eur', 'million', 'from', 'eur', 'million', 'in', 'april', 'june']"
192,"In the second quarter of 2010 , the group 's net profit rose to EUR3 .1 m from EUR2 .5 m in April-June 2009 .",1,"['in', 'the', 'second', 'quarter', 'of', 'the', 'group', 's', 'net', 'profit', 'rose', 'to', 'eur', 'm', 'from', 'eur', 'm', 'in', 'april', 'june']"
193,"In the third quarter , net sales increased by 12 % year-on-year to EUR 159.5 million , or by 6 % at comparable currency rates growth .",1,"['in', 'the', 'third', 'quarter', 'net', 'sales', 'increased', 'by', 'year', 'on', 'year', 'to', 'eur', 'million', 'or', 'by', 'at', 'comparable', 'currency', 'rates', 'growth']"
194,"In the third quarter , net sales increased by 12 % year-on-year to EUR159 .5 m , or by 6 % at comparable currency rates growth .",1,"['in', 'the', 'third', 'quarter', 'net', 'sales', 'increased', 'by', 'year', 'on', 'year', 'to', 'eur', 'm', 'or', 'by', 'at', 'comparable', 'currency', 'rates', 'growth']"
195,Its market share widened to 48.51 percent from 48.31 percent a year earlier .,1,"['its', 'market', 'share', 'widened', 'to', 'percent', 'from', 'percent', 'a', 'year', 'earlier']"
196,"Kesko Agro Eesti , the retailer and wholesaler of grain , agricultural and warehousing machinery and accessories , had net sales of 81 million euros in 2007 , an increase by one-tenth over the preceding year .",1,"['kesko', 'agro', 'eesti', 'the', 'retailer', 'and', 'wholesaler', 'of', 'grain', 'agricultural', 'and', 'warehousing', 'machinery', 'and', 'accessories', 'had', 'net', 'sales', 'of', 'million', 'euros', 'in', 'an', 'increase', 'by', 'one', 'tenth', 'over', 'the', 'preceding', 'year']"
197,"Kesko 's car import and retailing business , VV-Auto , saw sales grow by 17.1 pct .",1,"['kesko', 's', 'car', 'import', 'and', 'retailing', 'business', 'vv', 'auto', 'saw', 'sales', 'grow', 'by', 'pct']"
198,Kone 's net sales rose by some 14 % year-on-year in the first nine months of 2008 .,1,"['kone', 's', 'net', 'sales', 'rose', 'by', 'some', 'year', 'on', 'year', 'in', 'the', 'first', 'nine', 'months', 'of']"
199,"( ADP News ) - Feb 11 , 2009 - Finnish management software solutions provider Ixonos Oyj ( HEL : XNS1V ) said today its net profit rose to EUR 3.5 million ( USD 4.5 m ) for 2008 from EUR 3.1 million for 2007 .",1,"['adp', 'news', 'feb', 'finnish', 'management', 'software', 'solutions', 'provider', 'ixonos', 'oyj', 'hel', 'xns', 'v', 'said', 'today', 'its', 'net', 'profit', 'rose', 'to', 'eur', 'million', 'usd', 'm', 'for', 'from', 'eur', 'million', 'for']"
200,"( ADP News ) - Feb 12 , 2009 - Finnish IT solutions provider Affecto Oyj ( HEL : AFE1V ) said today its net profit rose to EUR 8.5 million ( USD 11m ) in 2008 from EUR 7 million in 2007 .",1,"['adp', 'news', 'feb', 'finnish', 'it', 'solutions', 'provider', 'affecto', 'oyj', 'hel', 'afe', 'v', 'said', 'today', 'its', 'net', 'profit', 'rose', 'to', 'eur', 'million', 'usd', 'm', 'in', 'from', 'eur', 'million', 'in']"
201,"( ADP News ) - Feb 6 , 2009 - Finnish fishing tackle company Rapala VMC Corp ( HEL : RAP1V ) said today its net profit rose to EUR 19.2 million ( USD 24.6 m ) for 2008 from EUR 17.5 million for 2007 .",1,"['adp', 'news', 'feb', 'finnish', 'fishing', 'tackle', 'company', 'rapala', 'vmc', 'corp', 'hel', 'rap', 'v', 'said', 'today', 'its', 'net', 'profit', 'rose', 'to', 'eur', 'million', 'usd', 'm', 'for', 'from', 'eur', 'million', 'for']"
202,"( ADP News ) - Nov 5 , 2008 - Finnish electronic measurement products and solutions maker Vaisala Oyj ( OMX : VAIAS ) said today that its net profit rose to EUR 18 million ( USD 23.1 m ) for the first nine months of 2008 from EUR 1",1,"['adp', 'news', 'nov', 'finnish', 'electronic', 'measurement', 'products', 'and', 'solutions', 'maker', 'vaisala', 'oyj', 'omx', 'vaias', 'said', 'today', 'that', 'its', 'net', 'profit', 'rose', 'to', 'eur', 'million', 'usd', 'm', 'for', 'the', 'first', 'nine', 'months', 'of', 'from', 'eur']"
203,"( ADP News ) - Oct 29 , 2008 - Finnish lifting equipment maker Konecranes Oyj ( OMX : KCR1V ) said today that its net profit rose to EUR 116.6 million ( USD 149.1 m ) in the first nine months of 2008 from EUR 73.6 million for the s",1,"['adp', 'news', 'oct', 'finnish', 'lifting', 'equipment', 'maker', 'konecranes', 'oyj', 'omx', 'kcr', 'v', 'said', 'today', 'that', 'its', 'net', 'profit', 'rose', 'to', 'eur', 'million', 'usd', 'm', 'in', 'the', 'first', 'nine', 'months', 'of', 'from', 'eur', 'million', 'for', 'the', 's']"
204,"Metso expects its net sales to increase by about 10 % in 2008 , at comparable exchange rates .",1,"['metso', 'expects', 'its', 'net', 'sales', 'to', 'increase', 'by', 'about', 'in', 'at', 'comparable', 'exchange', 'rates']"
205,"Neste Oil Corp. has signed long-term procurement contracts with Honkajoki Oy and Findest Protein Oy , both owned by Finnish food manufacturers , for the supply of animal fat for biodiesel production at Neste 's 200,000 b-cd Porvoo , Finland , refinery .",1,"['neste', 'oil', 'corp', 'has', 'signed', 'long', 'term', 'procurement', 'contracts', 'with', 'honkajoki', 'oy', 'and', 'findest', 'protein', 'oy', 'both', 'owned', 'by', 'finnish', 'food', 'manufacturers', 'for', 'the', 'supply', 'of', 'animal', 'fat', 'for', 'biodiesel', 'production', 'at', 'neste', 's', 'b', 'cd', 'porvoo', 'finland', 'refinery']"
206,Net interest income increased by 4.5 % to EUR 31.4 mn from EUR 30.0 mn in 2004 .,1,"['net', 'interest', 'income', 'increased', 'by', 'to', 'eur', 'mn', 'from', 'eur', 'mn', 'in']"
207,"Net interest income was EUR 152.2 mn , up from EUR 101.0 mn in 2008 .",1,"['net', 'interest', 'income', 'was', 'eur', 'mn', 'up', 'from', 'eur', 'mn', 'in']"
208,"Net interest income was EUR 39.3 mn , up from EUR 32.7 mn .",1,"['net', 'interest', 'income', 'was', 'eur', 'mn', 'up', 'from', 'eur', 'mn']"
209,Net sales of the Vegetable Oil Business rose to EUR 10.6 mn from EUR 10.1 mn .,1,"['net', 'sales', 'of', 'the', 'vegetable', 'oil', 'business', 'rose', 'to', 'eur', 'mn', 'from', 'eur', 'mn']"
210,"Nokia Multimedia 's net sales totaled EUR 5.7 bn , up 45 % from the corresponding period in 2005 .",1,"['nokia', 'multimedia', 's', 'net', 'sales', 'totaled', 'eur', 'bn', 'up', 'from', 'the', 'corresponding', 'period', 'in']"
211,Operating income rose to EUR 696.4 mn from EUR 600.3 mn in 2009 .,1,"['operating', 'income', 'rose', 'to', 'eur', 'mn', 'from', 'eur', 'mn', 'in']"
212,"Operating profit of Kauppalehti group rose to EUR 1.5 mn from EUR 1.3 mn , and that of Marketplaces to EUR 1.3 mn from EUR 1.0 mn in the third quarter of 2006 .",1,"['operating', 'profit', 'of', 'kauppalehti', 'group', 'rose', 'to', 'eur', 'mn', 'from', 'eur', 'mn', 'and', 'that', 'of', 'marketplaces', 'to', 'eur', 'mn', 'from', 'eur', 'mn', 'in', 'the', 'third', 'quarter', 'of']"
213,Operating profit rose from EUR 1.94 mn to EUR 2.45 mn .,1,"['operating', 'profit', 'rose', 'from', 'eur', 'mn', 'to', 'eur', 'mn']"
214,Operating profit rose to 22.1 mln eur from 19.9 mln .,1,"['operating', 'profit', 'rose', 'to', 'mln', 'eur', 'from', 'mln']"
215,Operating profit rose to EUR 1.6 mn from EUR 1.1 mn in the corresponding period in 2006 .,1,"['operating', 'profit', 'rose', 'to', 'eur', 'mn', 'from', 'eur', 'mn', 'in', 'the', 'corresponding', 'period', 'in']"
216,Operating profit rose to EUR 103.4 mn from EUR 23.2 in the corresponding period in 2006 .,1,"['operating', 'profit', 'rose', 'to', 'eur', 'mn', 'from', 'eur', 'in', 'the', 'corresponding', 'period', 'in']"
217,Operating profit rose to EUR 13.5 mn from EUR 9.7 mn in the corresponding period in 2006 .,1,"['operating', 'profit', 'rose', 'to', 'eur', 'mn', 'from', 'eur', 'mn', 'in', 'the', 'corresponding', 'period', 'in']"
218,Operating profit rose to EUR 26.7 mn from EUR 14.9 mn in the corresponding period in 2006 .,1,"['operating', 'profit', 'rose', 'to', 'eur', 'mn', 'from', 'eur', 'mn', 'in', 'the', 'corresponding', 'period', 'in']"
219,Operating profit rose to EUR 27.8 mn from EUR 17.5 mn in 2008 .,1,"['operating', 'profit', 'rose', 'to', 'eur', 'mn', 'from', 'eur', 'mn', 'in']"
220,Operating profit rose to EUR 3.2 mn from EUR 1.0 mn in the corresponding period in 2008 .,1,"['operating', 'profit', 'rose', 'to', 'eur', 'mn', 'from', 'eur', 'mn', 'in', 'the', 'corresponding', 'period', 'in']"
221,Operating profit rose to EUR 4.7 mn from EUR 3.6 mn .,1,"['operating', 'profit', 'rose', 'to', 'eur', 'mn', 'from', 'eur', 'mn']"
222,Operating profit rose to EUR 4.7 mn from EUR 4.6 mn .,1,"['operating', 'profit', 'rose', 'to', 'eur', 'mn', 'from', 'eur', 'mn']"
223,Operating profit rose to EUR 9.2 mn from EUR 6.8 mn in the corresponding period in 2007 .,1,"['operating', 'profit', 'rose', 'to', 'eur', 'mn', 'from', 'eur', 'mn', 'in', 'the', 'corresponding', 'period', 'in']"
224,Operating profit rose to EUR2 .4 m from EUR1 .6 m year earlier .,1,"['operating', 'profit', 'rose', 'to', 'eur', 'm', 'from', 'eur', 'm', 'year', 'earlier']"
225,"Operating profit surged to EUR21m from EUR106 ,000 .",1,"['operating', 'profit', 'surged', 'to', 'eur', 'm', 'from', 'eur']"
226,"Operating profit totaled EUR 37,7 mn , up slightly from EUR 37.2 mn in the corresponding period in 2006 .",1,"['operating', 'profit', 'totaled', 'eur', 'mn', 'up', 'slightly', 'from', 'eur', 'mn', 'in', 'the', 'corresponding', 'period', 'in']"
227,"Operating profit totaled EUR 5.5 mn , up from EUR -0.7 mn .",1,"['operating', 'profit', 'totaled', 'eur', 'mn', 'up', 'from', 'eur', 'mn']"
228,"Operating profit was EUR 11.4 mn , up from EUR 7.5 mn .",1,"['operating', 'profit', 'was', 'eur', 'mn', 'up', 'from', 'eur', 'mn']"
229,"Operating profit was EUR 139.7 mn , up 23 % from EUR 113.8 mn .",1,"['operating', 'profit', 'was', 'eur', 'mn', 'up', 'from', 'eur', 'mn']"
230,"Order intake grew by 40 % year-on-year and 30 % year-on-year , respectively , to EUR 576 million and EUR 1.7 billion for the respective January-September and July-September 2010 periods .",1,"['order', 'intake', 'grew', 'by', 'year', 'on', 'year', 'and', 'year', 'on', 'year', 'respectively', 'to', 'eur', 'million', 'and', 'eur', 'billion', 'for', 'the', 'respective', 'january', 'september', 'and', 'july', 'september', 'periods']"
231,Orders received grew by 55 % year-on-year to EUR732m .,1,"['orders', 'received', 'grew', 'by', 'year', 'on', 'year', 'to', 'eur', 'm']"
232,Orion Pharma 's operating profit increased by 42.5 % from 2004 .,1,"['orion', 'pharma', 's', 'operating', 'profit', 'increased', 'by', 'from']"
233,Passenger volumes rose by 8.4 % in the accounting period .,1,"['passenger', 'volumes', 'rose', 'by', 'in', 'the', 'accounting', 'period']"
234,Passenger-related revenue rose by 5.1 % to EUR 460.8 mn from EUR 438.5 mn in 2009 .,1,"['passenger', 'related', 'revenue', 'rose', 'by', 'to', 'eur', 'mn', 'from', 'eur', 'mn', 'in']"
235,"Press release 9 October 2009 Ruukki has signed a contract to deliver and install the steel structures for a bridge over the Kyronsalmi strait in Savonlinna , Finland .",1,"['press', 'release', 'october', 'ruukki', 'has', 'signed', 'a', 'contract', 'to', 'deliver', 'and', 'install', 'the', 'steel', 'structures', 'for', 'a', 'bridge', 'over', 'the', 'kyronsalmi', 'strait', 'in', 'savonlinna', 'finland']"
236,Pretax profit rose to EUR 0.6 mn from EUR 0.4 mn in the corresponding period in 2005 .,1,"['pretax', 'profit', 'rose', 'to', 'eur', 'mn', 'from', 'eur', 'mn', 'in', 'the', 'corresponding', 'period', 'in']"
237,"Pretax profit rose to EUR 1,019 mn from EUR 1,007 in the corresponding period in 2005 .",1,"['pretax', 'profit', 'rose', 'to', 'eur', 'mn', 'from', 'eur', 'in', 'the', 'corresponding', 'period', 'in']"
238,Pretax profit rose to EUR 17.8 mn from EUR 14.9 mn in 2005 .,1,"['pretax', 'profit', 'rose', 'to', 'eur', 'mn', 'from', 'eur', 'mn', 'in']"
239,"Pre-tax profit totaled EUR 397.4 mn , up from EUR 164.7 mn .",1,"['pre', 'tax', 'profit', 'totaled', 'eur', 'mn', 'up', 'from', 'eur', 'mn']"
240,"Previously , the company had guided for EBIT and sales growth of 20 pct and 10 pct respectively for this year .",1,"['previously', 'the', 'company', 'had', 'guided', 'for', 'ebit', 'and', 'sales', 'growth', 'of', 'pct', 'and', 'pct', 'respectively', 'for', 'this', 'year']"
241,Previously the company has estimated its operating profit to reach the level of 2005 only .,1,"['previously', 'the', 'company', 'has', 'estimated', 'its', 'operating', 'profit', 'to', 'reach', 'the', 'level', 'of', 'only']"
242,"Profit for the period totaled EUR 39.4 mn , up from EUR 33.9 mn in the corresponding period in 2006 .",1,"['profit', 'for', 'the', 'period', 'totaled', 'eur', 'mn', 'up', 'from', 'eur', 'mn', 'in', 'the', 'corresponding', 'period', 'in']"
243,"Profit for the period was EUR 5.9 mn , up from EUR 1.3 mn .",1,"['profit', 'for', 'the', 'period', 'was', 'eur', 'mn', 'up', 'from', 'eur', 'mn']"
244,"Profit for the period was EUR 9.8 mn , up from EUR 6.0 mn in 2004 .",1,"['profit', 'for', 'the', 'period', 'was', 'eur', 'mn', 'up', 'from', 'eur', 'mn', 'in']"
245,Revenue grew 12 percent to (  x20ac ) 3.6 billion ( US$ 4.5 billion ) .,1,"['revenue', 'grew', 'percent', 'to', 'x', 'ac', 'billion', 'us', 'billion']"
246,"Revenue in July to September grew 14 percent to ( EURO ) 467 million from a year earlier , the company said Thursday .",1,"['revenue', 'in', 'july', 'to', 'september', 'grew', 'percent', 'to', 'euro', 'million', 'from', 'a', 'year', 'earlier', 'the', 'company', 'said', 'thursday']"
247,Revenues at the same time grew 14 percent to 43 million euros .,1,"['revenues', 'at', 'the', 'same', 'time', 'grew', 'percent', 'to', 'million', 'euros']"
248,"Ruukki has signed a contract to deliver and install the steel structures for a bridge over the Kyronsalmi strait in Savonlinna , Finland .",1,"['ruukki', 'has', 'signed', 'a', 'contract', 'to', 'deliver', 'and', 'install', 'the', 'steel', 'structures', 'for', 'a', 'bridge', 'over', 'the', 'kyronsalmi', 'strait', 'in', 'savonlinna', 'finland']"
249,"Sales in Latin America increased by 42 % to EUR 432mn , and a total of 8.7 mn mobile devices were sold in the area , representing an increase of 32 % from the corresponding period in 2009 .",1,"['sales', 'in', 'latin', 'america', 'increased', 'by', 'to', 'eur', 'mn', 'and', 'a', 'total', 'of', 'mn', 'mobile', 'devices', 'were', 'sold', 'in', 'the', 'area', 'representing', 'an', 'increase', 'of', 'from', 'the', 'corresponding', 'period', 'in']"
250,Sales of clothing developed best .,1,"['sales', 'of', 'clothing', 'developed', 'best']"
251,Sanoma Magazines Finland 's net sales grew to EUR 140.1 mn from EUR 131.8 mn .,1,"['sanoma', 'magazines', 'finland', 's', 'net', 'sales', 'grew', 'to', 'eur', 'mn', 'from', 'eur', 'mn']"
252,"Satama 's net profit for the third quarter of 2007 rose to 275,000 euro ( $ 395,000 ) from 270,000 euro ( $ 388,000 ) for the same period of 2006 .",1,"['satama', 's', 'net', 'profit', 'for', 'the', 'third', 'quarter', 'of', 'rose', 'to', 'euro', 'from', 'euro', 'for', 'the', 'same', 'period', 'of']"
253,"Section : Regional News - The demand in Finnair 's Asian traffic , measured in passenger kilometers , was up 34.9 % in August compare to last year .",1,"['section', 'regional', 'news', 'the', 'demand', 'in', 'finnair', 's', 'asian', 'traffic', 'measured', 'in', 'passenger', 'kilometers', 'was', 'up', 'in', 'august', 'compare', 'to', 'last', 'year']"
254,"Svyturys-Utenos Alus , which is controlled by the Nordic group Baltic Beverages Holding ( BBH ) , posted a 6.1 percent growth in beer sales for January-September to 101.99 million liters .",1,"['svyturys', 'utenos', 'alus', 'which', 'is', 'controlled', 'by', 'the', 'nordic', 'group', 'baltic', 'beverages', 'holding', 'bbh', 'posted', 'a', 'percent', 'growth', 'in', 'beer', 'sales', 'for', 'january', 'september', 'to', 'million', 'liters']"
255,That would be an increase from estimated sales of 117 million last year .,1,"['that', 'would', 'be', 'an', 'increase', 'from', 'estimated', 'sales', 'of', 'million', 'last', 'year']"
256,The agreement expands Tekla Structures ' scope of use to bridge design .,1,"['the', 'agreement', 'expands', 'tekla', 'structures', 'scope', 'of', 'use', 'to', 'bridge', 'design']"
257,The aim is to increase sales by at least one fifth in 2006 .,1,"['the', 'aim', 'is', 'to', 'increase', 'sales', 'by', 'at', 'least', 'one', 'fifth', 'in']"
258,"The chain posted sales of 298 million euros for full 2005 , a rise of 19.5 percent , year-on-year .",1,"['the', 'chain', 'posted', 'sales', 'of', 'million', 'euros', 'for', 'full', 'a', 'rise', 'of', 'percent', 'year', 'on', 'year']"
259,The company expects its net sales in 2008 to increase 5-10 % from 2007 .,1,"['the', 'company', 'expects', 'its', 'net', 'sales', 'in', 'to', 'increase', 'from']"
260,The company expects its net sales in the first half of 2008 to reach the previous year 's level .,1,"['the', 'company', 'expects', 'its', 'net', 'sales', 'in', 'the', 'first', 'half', 'of', 'to', 'reach', 'the', 'previous', 'year', 's', 'level']"
261,"The company is in the process of building a new fleet and has placed orders for 10 P-Max tankers of 65,200 dwt .",1,"['the', 'company', 'is', 'in', 'the', 'process', 'of', 'building', 'a', 'new', 'fleet', 'and', 'has', 'placed', 'orders', 'for', 'p', 'max', 'tankers', 'of', 'dwt']"
262,"The company 's operating income ( EBIT ) totalled EUR 0.0 mn , up from EUR -0.3 mn year-on-year .",1,"['the', 'company', 's', 'operating', 'income', 'ebit', 'totalled', 'eur', 'mn', 'up', 'from', 'eur', 'mn', 'year', 'on', 'year']"
263,The EPS outlook was increased by 5.6 pct for 2007 and 7.0 pct for 2008 .,1,"['the', 'eps', 'outlook', 'was', 'increased', 'by', 'pct', 'for', 'and', 'pct', 'for']"
264,"The fair value of the investment properties totaled EUR 2,534.9 mn , up from EUR 2,455.1 mn in 2006 .",1,"['the', 'fair', 'value', 'of', 'the', 'investment', 'properties', 'totaled', 'eur', 'mn', 'up', 'from', 'eur', 'mn', 'in']"
265,"The Finnish government announced Wednesday that it sold a 32 percent stake in chemicals and fertilizer group Kemira Oyj for (  x20ac ) 655.6 million ( $ 890US million ) , sending the company 's share price up 6 percent .",1,"['the', 'finnish', 'government', 'announced', 'wednesday', 'that', 'it', 'sold', 'a', 'percent', 'stake', 'in', 'chemicals', 'and', 'fertilizer', 'group', 'kemira', 'oyj', 'for', 'x', 'ac', 'million', 'us', 'million', 'sending', 'the', 'company', 's', 'share', 'price', 'up', 'percent']"
266,"The German company has also signed a code share agreement with another Oneworld member -- American Airlines Inc , part of US-based AMR Corp ( NYSE : AMR ) .",1,"['the', 'german', 'company', 'has', 'also', 'signed', 'a', 'code', 'share', 'agreement', 'with', 'another', 'oneworld', 'member', 'american', 'airlines', 'inc', 'part', 'of', 'us', 'based', 'amr', 'corp', 'nyse', 'amr']"
267,"The Helsinki-based company , which also owns the Salomon , Atomic and Suunto brands , said net profit rose 15 percent in the three months through Dec. 31 to (  x20ac ) 47 million ( $ 61US million ) , from (  x20ac ) 40.8 million a year earlier .",1,"['the', 'helsinki', 'based', 'company', 'which', 'also', 'owns', 'the', 'salomon', 'atomic', 'and', 'suunto', 'brands', 'said', 'net', 'profit', 'rose', 'percent', 'in', 'the', 'three', 'months', 'through', 'dec', 'to', 'x', 'ac', 'million', 'us', 'million', 'from', 'x', 'ac', 'million', 'a', 'year', 'earlier']"
268,The increase in capital stock has been registered in the Finnish Trade Register on 20 November 2006 .,1,"['the', 'increase', 'in', 'capital', 'stock', 'has', 'been', 'registered', 'in', 'the', 'finnish', 'trade', 'register', 'on', 'november']"
269,The operating profit for Grain Trading increased to EUR 2.0 mn from EUR 1.4 mn in 2005 .,1,"['the', 'operating', 'profit', 'for', 'grain', 'trading', 'increased', 'to', 'eur', 'mn', 'from', 'eur', 'mn', 'in']"
270,The stock rose for a second day on Wednesday bringing its two-day rise to GBX12 .0 or 2.0 % .,1,"['the', 'stock', 'rose', 'for', 'a', 'second', 'day', 'on', 'wednesday', 'bringing', 'its', 'two', 'day', 'rise', 'to', 'gbx', 'or']"
271,The stock rose for a third day on Tuesday bringing its three-day rise to GBX10 .50 or 1.8 % .,1,"['the', 'stock', 'rose', 'for', 'a', 'third', 'day', 'on', 'tuesday', 'bringing', 'its', 'three', 'day', 'rise', 'to', 'gbx', 'or']"
272,The transaction is in line with Aspo 's strategy to expand in the Baltic Sea region and in the eastern markets .,1,"['the', 'transaction', 'is', 'in', 'line', 'with', 'aspo', 's', 'strategy', 'to', 'expand', 'in', 'the', 'baltic', 'sea', 'region', 'and', 'in', 'the', 'eastern', 'markets']"
273,The transactions would increase earnings per share in the first quarter by some EUR0 .28 .,1,"['the', 'transactions', 'would', 'increase', 'earnings', 'per', 'share', 'in', 'the', 'first', 'quarter', 'by', 'some', 'eur']"
274,"There has been some recovery of the base metals prices and increased demand for metals in China , however .",1,"['there', 'has', 'been', 'some', 'recovery', 'of', 'the', 'base', 'metals', 'prices', 'and', 'increased', 'demand', 'for', 'metals', 'in', 'china', 'however']"
275,"This new representation extends Comptel 's global presence to a total of 18 countries , serving over 250 customers in over 80 countries worldwide .",1,"['this', 'new', 'representation', 'extends', 'comptel', 's', 'global', 'presence', 'to', 'a', 'total', 'of', 'countries', 'serving', 'over', 'customers', 'in', 'over', 'countries', 'worldwide']"
276,"TietoEnator itself uses Nokia 's Intellisync Mobile Suite 's wireless email , calendar , and device management capabilities , and the company will now extend these services to its customers .",1,"['tietoenator', 'itself', 'uses', 'nokia', 's', 'intellisync', 'mobile', 'suite', 's', 'wireless', 'email', 'calendar', 'and', 'device', 'management', 'capabilities', 'and', 'the', 'company', 'will', 'now', 'extend', 'these', 'services', 'to', 'its', 'customers']"
277,Total operating revenue grew by 27.6 % year-on-year to EUR61m .,1,"['total', 'operating', 'revenue', 'grew', 'by', 'year', 'on', 'year', 'to', 'eur', 'm']"
278,Vacon 's cash flow from operations grew to EUR 37.1 mn from EUR 21.9 mn a year ago .,1,"['vacon', 's', 'cash', 'flow', 'from', 'operations', 'grew', 'to', 'eur', 'mn', 'from', 'eur', 'mn', 'a', 'year', 'ago']"
279,"We also strengthen our existing partnership with Cybercom '' , says Teleste CTO Esko Myllyla .",1,"['we', 'also', 'strengthen', 'our', 'existing', 'partnership', 'with', 'cybercom', 'says', 'teleste', 'cto', 'esko', 'myllyla']"
280,"Via the Satlan acquisition , Teleste plans to further expand its market presence as a video services partner for cable operators , broadcasters and IPTV service providers .",1,"['via', 'the', 'satlan', 'acquisition', 'teleste', 'plans', 'to', 'further', 'expand', 'its', 'market', 'presence', 'as', 'a', 'video', 'services', 'partner', 'for', 'cable', 'operators', 'broadcasters', 'and', 'iptv', 'service', 'providers']"
281,"With the acquisition , the company will expand its offering to North , Central and South America , it said .",1,"['with', 'the', 'acquisition', 'the', 'company', 'will', 'expand', 'its', 'offering', 'to', 'north', 'central', 'and', 'south', 'america', 'it', 'said']"
282,"With the extension of the new contract for a further eight engines , the plant will now produce over 100 MW , it said .",1,"['with', 'the', 'extension', 'of', 'the', 'new', 'contract', 'for', 'a', 'further', 'eight', 'engines', 'the', 'plant', 'will', 'now', 'produce', 'over', 'mw', 'it', 'said']"
283,YIT says the acquisition is a part of its strategy for expansion in Central and Eastern European markets .,1,"['yit', 'says', 'the', 'acquisition', 'is', 'a', 'part', 'of', 'its', 'strategy', 'for', 'expansion', 'in', 'central', 'and', 'eastern', 'european', 'markets']"
284,"`` BasWare 's product sales grew strongly in the financial period , by 24 percent .",1,"['basware', 's', 'product', 'sales', 'grew', 'strongly', 'in', 'the', 'financial', 'period', 'by', 'percent']"
285,"`` The second quarter of 2010 was the firstquarter with growth in net sales since the third quarter of2008 , '' said Magnus Rosen , Ramirent CEO .",1,"['the', 'second', 'quarter', 'of', 'was', 'the', 'firstquarter', 'with', 'growth', 'in', 'net', 'sales', 'since', 'the', 'third', 'quarter', 'of', 'said', 'magnus', 'rosen', 'ramirent', 'ceo']"
286,"`` The transaction strengthens our position ... in design and branded goods , '' said Fiskars president and CEO Heikki Allonen , pointing out that the two groups have relatively few overlapping operations .",1,"['the', 'transaction', 'strengthens', 'our', 'position', 'in', 'design', 'and', 'branded', 'goods', 'said', 'fiskars', 'president', 'and', 'ceo', 'heikki', 'allonen', 'pointing', 'out', 'that', 'the', 'two', 'groups', 'have', 'relatively', 'few', 'overlapping', 'operations']"
287,1 February 2011 - Finnish textile and clothing company Marimekko Oyj HEL : MMO1V said today its preliminary operating profit grew to EUR8 .2 m in 2010 from EUR6 .3 m in 2009 .,1,"['february', 'finnish', 'textile', 'and', 'clothing', 'company', 'marimekko', 'oyj', 'hel', 'mmo', 'v', 'said', 'today', 'its', 'preliminary', 'operating', 'profit', 'grew', 'to', 'eur', 'm', 'in', 'from', 'eur', 'm', 'in']"
288,"Finnish Larox has signed a contract with the Talvivaara Project for the delivery of filters to the Talvivaara nickel mine in Sotkamo , in Finland .",1,"['finnish', 'larox', 'has', 'signed', 'a', 'contract', 'with', 'the', 'talvivaara', 'project', 'for', 'the', 'delivery', 'of', 'filters', 'to', 'the', 'talvivaara', 'nickel', 'mine', 'in', 'sotkamo', 'in', 'finland']"
289,Affecto expects its net sales for the whole 2010 to increase from the 2009 level when they reached EUR 103 million .,1,"['affecto', 'expects', 'its', 'net', 'sales', 'for', 'the', 'whole', 'to', 'increase', 'from', 'the', 'level', 'when', 'they', 'reached', 'eur', 'million']"
290,Cash flow from operations rose to EUR 52.7 mn from EUR 15.6 mn in 2007 .,1,"['cash', 'flow', 'from', 'operations', 'rose', 'to', 'eur', 'mn', 'from', 'eur', 'mn', 'in']"
291,Commission income rose by 25.7 % to EUR 16.1 mn from EUR 12.8 mn in 2004 .,1,"['commission', 'income', 'rose', 'by', 'to', 'eur', 'mn', 'from', 'eur', 'mn', 'in']"
292,Componenta 's objective with this agreement is to increase business on its existing production lines .,1,"['componenta', 's', 'objective', 'with', 'this', 'agreement', 'is', 'to', 'increase', 'business', 'on', 'its', 'existing', 'production', 'lines']"
293,"Earnings per share for January-June 2010 were EUR0 .30 , an increase of 20 % year-on-year EUR0 .25 .",1,"['earnings', 'per', 'share', 'for', 'january', 'june', 'were', 'eur', 'an', 'increase', 'of', 'year', 'on', 'year', 'eur']"
294,Earnings per share EPS rose to EUR 0.11 from EUR 0.03 .,1,"['earnings', 'per', 'share', 'eps', 'rose', 'to', 'eur', 'from', 'eur']"
295,"Elisa said mobile subscriptions grew 7 percent during 2007 , mainly because of customers adopting so-called third generation mobile technology .",1,"['elisa', 'said', 'mobile', 'subscriptions', 'grew', 'percent', 'during', 'mainly', 'because', 'of', 'customers', 'adopting', 'so', 'called', 'third', 'generation', 'mobile', 'technology']"
296,"EPS for the quarter came in at 0.36 eur , up from 0.33 eur a year ago and ahead of forecast of 0.33 eur .",1,"['eps', 'for', 'the', 'quarter', 'came', 'in', 'at', 'eur', 'up', 'from', 'eur', 'a', 'year', 'ago', 'and', 'ahead', 'of', 'forecast', 'of', 'eur']"
297,EPS grew to 0.04 eur from 0.02 eur .,1,"['eps', 'grew', 'to', 'eur', 'from', 'eur']"
298,Exports grew 16.5 percent to 19.1 million liters .,1,"['exports', 'grew', 'percent', 'to', 'million', 'liters']"
299,"Finnish investment group Panostaja Oyj said its net profit went up to 8.6 mln euro $ 11.4 mln in fiscal 2005-06 , ended October 31 , 2006 , from 2.8 mln euro $ 3.7 mln in the same period of fiscal 2004-05 .",1,"['finnish', 'investment', 'group', 'panostaja', 'oyj', 'said', 'its', 'net', 'profit', 'went', 'up', 'to', 'mln', 'euro', 'mln', 'in', 'fiscal', 'ended', 'october', 'from', 'mln', 'euro', 'mln', 'in', 'the', 'same', 'period', 'of', 'fiscal']"
300,Finnish metal components supplier Componenta Oyj said its net profit went up to 3.5 mln euro $ 4.5 mln in 2006 from 2.2 mln euro $ 2.8 mln in 2005 .,1,"['finnish', 'metal', 'components', 'supplier', 'componenta', 'oyj', 'said', 'its', 'net', 'profit', 'went', 'up', 'to', 'mln', 'euro', 'mln', 'in', 'from', 'mln', 'euro', 'mln', 'in']"
301,"Finnish silicon wafer technology company Okmetic Oyj OMX Helsinki : OKM1V reported on Thursday 30 October an operating profit of EUR7 .4 m for January-September 2008 , up from EUR6 .1 m in the corresponding period in 2007 .",1,"['finnish', 'silicon', 'wafer', 'technology', 'company', 'okmetic', 'oyj', 'omx', 'helsinki', 'okm', 'v', 'reported', 'on', 'thursday', 'october', 'an', 'operating', 'profit', 'of', 'eur', 'm', 'for', 'january', 'september', 'up', 'from', 'eur', 'm', 'in', 'the', 'corresponding', 'period', 'in']"
302,"Fiskars Brands report net sales of EUR 145.8 mn , up from EUR 138.4 mn .",1,"['fiskars', 'brands', 'report', 'net', 'sales', 'of', 'eur', 'mn', 'up', 'from', 'eur', 'mn']"
303,"GeoSentric Oyj s GeoSolutions Business Unit GyPSii , the mobile digital lifestyle application and geo-mobility social networking platform , has signed an agreement with Nanjing MyNet to make the GyPSii mobile social networking platform available to customers of China Mobile .",1,"['geosentric', 'oyj', 's', 'geosolutions', 'business', 'unit', 'gypsii', 'the', 'mobile', 'digital', 'lifestyle', 'application', 'and', 'geo', 'mobility', 'social', 'networking', 'platform', 'has', 'signed', 'an', 'agreement', 'with', 'nanjing', 'mynet', 'to', 'make', 'the', 'gypsii', 'mobile', 'social', 'networking', 'platform', 'available', 'to', 'customers', 'of', 'china', 'mobile']"
304,HELSINKI AFX - Outokumpu Technology said it has signed a 3.5 mln eur agreement with Mongolia 's Erdenet Mining Corporation for the engineering of the first HydroCopper plant to be built at the Erdenet mine site .,1,"['helsinki', 'afx', 'outokumpu', 'technology', 'said', 'it', 'has', 'signed', 'a', 'mln', 'eur', 'agreement', 'with', 'mongolia', 's', 'erdenet', 'mining', 'corporation', 'for', 'the', 'engineering', 'of', 'the', 'first', 'hydrocopper', 'plant', 'to', 'be', 'built', 'at', 'the', 'erdenet', 'mine', 'site']"
305,"However , the proportion of the paid standing orders grew in 2009 .",1,"['however', 'the', 'proportion', 'of', 'the', 'paid', 'standing', 'orders', 'grew', 'in']"
306,"In addition to the demand in Finland , the export of lining stone products also increased .",1,"['in', 'addition', 'to', 'the', 'demand', 'in', 'finland', 'the', 'export', 'of', 'lining', 'stone', 'products', 'also', 'increased']"
307,"In January-September 2007 , the group 's net sales from continuing operations rose to EUR 213.1 mn from EUR 172.6 mn in the corresponding period in 2006 .",1,"['in', 'january', 'september', 'the', 'group', 's', 'net', 'sales', 'from', 'continuing', 'operations', 'rose', 'to', 'eur', 'mn', 'from', 'eur', 'mn', 'in', 'the', 'corresponding', 'period', 'in']"
308,"In July-September 2008 , YIT 's net sales increased to EUR 970.8 mn , compared to EUR 906.8 mn in the corresponding period in 2007 .",1,"['in', 'july', 'september', 'yit', 's', 'net', 'sales', 'increased', 'to', 'eur', 'mn', 'compared', 'to', 'eur', 'mn', 'in', 'the', 'corresponding', 'period', 'in']"
309,"In the reporting period , net sales rose by 8 % year-on-year to EUR64 .3 m , due to the business acquisitions realized during the first half of 2008-09 , the effect of which was EUR10 .9 m in the review period .",1,"['in', 'the', 'reporting', 'period', 'net', 'sales', 'rose', 'by', 'year', 'on', 'year', 'to', 'eur', 'm', 'due', 'to', 'the', 'business', 'acquisitions', 'realized', 'during', 'the', 'first', 'half', 'of', 'the', 'effect', 'of', 'which', 'was', 'eur', 'm', 'in', 'the', 'review', 'period']"
310,"In the reporting period , the company 's operating profit grew by 43.2 % to EUR 6 million .",1,"['in', 'the', 'reporting', 'period', 'the', 'company', 's', 'operating', 'profit', 'grew', 'by', 'to', 'eur', 'million']"
311,Last year 's net sales rose to EUR 68.3 million from EUR 62.2 million .,1,"['last', 'year', 's', 'net', 'sales', 'rose', 'to', 'eur', 'million', 'from', 'eur', 'million']"
312,"Last year the company raised its turnover to approximately 7 million litas EUR 2 mln , from 6.1 million litas in 2004 .",1,"['last', 'year', 'the', 'company', 'raised', 'its', 'turnover', 'to', 'approximately', 'million', 'litas', 'eur', 'mln', 'from', 'million', 'litas', 'in']"
313,"ADP News - Nov 18 , 2008 - Finnish AC drives manufacturer Vacon Oyj OMX : VAC1V said today that it had set up new representative offices in Romania and Ukraine to serve the growing markets in eastern and southeastern Europe .",1,"['adp', 'news', 'nov', 'finnish', 'ac', 'drives', 'manufacturer', 'vacon', 'oyj', 'omx', 'vac', 'v', 'said', 'today', 'that', 'it', 'had', 'set', 'up', 'new', 'representative', 'offices', 'in', 'romania', 'and', 'ukraine', 'to', 'serve', 'the', 'growing', 'markets', 'in', 'eastern', 'and', 'southeastern', 'europe']"
314,Marimekko Group 's full-year net sales are estimated to increase by about 10 % .,1,"['marimekko', 'group', 's', 'full', 'year', 'net', 'sales', 'are', 'estimated', 'to', 'increase', 'by', 'about']"
315,Net sales surged by 30 % to EUR 36 million .,1,"['net', 'sales', 'surged', 'by', 'to', 'eur', 'million']"
316,"Net sales went up by 1 % year-on-year to EUR 29 million , affected by the business acquisitions , realized during the previous financial period , the effect of which was EUR 5.1 million on the review period .",1,"['net', 'sales', 'went', 'up', 'by', 'year', 'on', 'year', 'to', 'eur', 'million', 'affected', 'by', 'the', 'business', 'acquisitions', 'realized', 'during', 'the', 'previous', 'financial', 'period', 'the', 'effect', 'of', 'which', 'was', 'eur', 'million', 'on', 'the', 'review', 'period']"
317,"Nevertheless , its market share rose to 49.14 percent from 48.51 percent a year earlier .",1,"['nevertheless', 'its', 'market', 'share', 'rose', 'to', 'percent', 'from', 'percent', 'a', 'year', 'earlier']"
318,Nokia - the world 's largest mobile phone manufacturer - and China Postel - China 's largest mobile phone distributor - have a long-standing partnership that continues to grow stronger over time .,1,"['nokia', 'the', 'world', 's', 'largest', 'mobile', 'phone', 'manufacturer', 'and', 'china', 'postel', 'china', 's', 'largest', 'mobile', 'phone', 'distributor', 'have', 'a', 'long', 'standing', 'partnership', 'that', 'continues', 'to', 'grow', 'stronger', 'over', 'time']"
319,"October-December sales were 302 mln eur , or a 25.3 pct increase year on year .",1,"['october', 'december', 'sales', 'were', 'mln', 'eur', 'or', 'a', 'pct', 'increase', 'year', 'on', 'year']"
320,"Olvi , which controls a 94 percent stake in Ragutis through A. Le Coq , said in its annual report published earlier this year that the Lithuanian brewery 's sales reached 15.04 million euros last year , a rise of 20.4 percent from 12.49 million euros in 2004 .",1,"['olvi', 'which', 'controls', 'a', 'percent', 'stake', 'in', 'ragutis', 'through', 'a', 'le', 'coq', 'said', 'in', 'its', 'annual', 'report', 'published', 'earlier', 'this', 'year', 'that', 'the', 'lithuanian', 'brewery', 's', 'sales', 'reached', 'million', 'euros', 'last', 'year', 'a', 'rise', 'of', 'percent', 'from', 'million', 'euros', 'in']"
321,Olvi expects sales and market share to increase in the first quarter of 2010 .,1,"['olvi', 'expects', 'sales', 'and', 'market', 'share', 'to', 'increase', 'in', 'the', 'first', 'quarter', 'of']"
322,Operating profit increased to EUR 14.0 mn from EUR 4.9 mn in the corresponding period in 2005 .,1,"['operating', 'profit', 'increased', 'to', 'eur', 'mn', 'from', 'eur', 'mn', 'in', 'the', 'corresponding', 'period', 'in']"
323,Operating profit of the Asian plants grew markedly .,1,"['operating', 'profit', 'of', 'the', 'asian', 'plants', 'grew', 'markedly']"
324,"Operating profit totaled EUR 825mn , up from EUR 763mn in 2004 .",1,"['operating', 'profit', 'totaled', 'eur', 'mn', 'up', 'from', 'eur', 'mn', 'in']"
325,"Operating profit totalled EUR 83.0 mn , up from EUR 23.5 mn year-on-year .",1,"['operating', 'profit', 'totalled', 'eur', 'mn', 'up', 'from', 'eur', 'mn', 'year', 'on', 'year']"
326,Production capacity will increase from 36 000 to 85 000 tonnes per year and the raw material will continue to be recycled paper and board .,1,"['production', 'capacity', 'will', 'increase', 'from', 'to', 'tonnes', 'per', 'year', 'and', 'the', 'raw', 'material', 'will', 'continue', 'to', 'be', 'recycled', 'paper', 'and', 'board']"
327,Profit for the period increased from EUR 2.9 mn to EUR 10.5 mn .,1,"['profit', 'for', 'the', 'period', 'increased', 'from', 'eur', 'mn', 'to', 'eur', 'mn']"
328,"Profit per share was EUR 1.03 , up from EUR 0.87 .",1,"['profit', 'per', 'share', 'was', 'eur', 'up', 'from', 'eur']"
329,Return on capital employed rose by 4.8 percentage points to 19.6 % .,1,"['return', 'on', 'capital', 'employed', 'rose', 'by', 'percentage', 'points', 'to']"
330,"Revenue from July to September grew 21 percent to EURO 2.3 billion , the Finnish company said Thursday .",1,"['revenue', 'from', 'july', 'to', 'september', 'grew', 'percent', 'to', 'euro', 'billion', 'the', 'finnish', 'company', 'said', 'thursday']"
331,Revenue grew 1 percent to euro742 .2 million US$ 964 million from euro735 million .,1,"['revenue', 'grew', 'percent', 'to', 'euro', 'million', 'us', 'million', 'from', 'euro', 'million']"
332,Ruukki 's order book at the end of 2010 was 30 % up year-on-year and 10 % up quarter-on-quarter .,1,"['ruukki', 's', 'order', 'book', 'at', 'the', 'end', 'of', 'was', 'up', 'year', 'on', 'year', 'and', 'up', 'quarter', 'on', 'quarter']"
333,Ruukki signed the contract with Norwegian company Veidekke Entreprenor AS .,1,"['ruukki', 'signed', 'the', 'contract', 'with', 'norwegian', 'company', 'veidekke', 'entreprenor', 'as']"
334,Sales in Finland rose by 3.9 % and international growth was 0.7 % .,1,"['sales', 'in', 'finland', 'rose', 'by', 'and', 'international', 'growth', 'was']"
335,Sales of security and system packaging increased slightly .,1,"['sales', 'of', 'security', 'and', 'system', 'packaging', 'increased', 'slightly']"
336,Stora Enso 's third-quarter pre-tax profit doubled to EUR 197mn .,1,"['stora', 'enso', 's', 'third', 'quarter', 'pre', 'tax', 'profit', 'doubled', 'to', 'eur', 'mn']"
337,"Strongest growth was seen in the new markets in Russia , the Czech Republic , and Slovakia .",1,"['strongest', 'growth', 'was', 'seen', 'in', 'the', 'new', 'markets', 'in', 'russia', 'the', 'czech', 'republic', 'and', 'slovakia']"
338,"The airline has ordered nine Airbus A350-900 aircraft with deliveries from 2011 , and in doing so becomes the lead airline for the latest variant of Rolls-Royce Trent series engines , called the 1700 .",1,"['the', 'airline', 'has', 'ordered', 'nine', 'airbus', 'a', 'aircraft', 'with', 'deliveries', 'from', 'and', 'in', 'doing', 'so', 'becomes', 'the', 'lead', 'airline', 'for', 'the', 'latest', 'variant', 'of', 'rolls', 'royce', 'trent', 'series', 'engines', 'called', 'the']"
339,"The company is now intensifying its smelter operations and increasing its annual production capacity to 230,000 tonnes of copper .",1,"['the', 'company', 'is', 'now', 'intensifying', 'its', 'smelter', 'operations', 'and', 'increasing', 'its', 'annual', 'production', 'capacity', 'to', 'tonnes', 'of', 'copper']"
340,The company 's market share is continued to increase further .,1,"['the', 'company', 's', 'market', 'share', 'is', 'continued', 'to', 'increase', 'further']"
341,"The company 's scheduled traffic , measured in revenue passenger kilometres RPK , grew by just over 2 % and nearly 3 % more passengers were carried on scheduled flights than in February 2009 .",1,"['the', 'company', 's', 'scheduled', 'traffic', 'measured', 'in', 'revenue', 'passenger', 'kilometres', 'rpk', 'grew', 'by', 'just', 'over', 'and', 'nearly', 'more', 'passengers', 'were', 'carried', 'on', 'scheduled', 'flights', 'than', 'in', 'february']"
342,"The company said that its investments in the new market areas resulted in sales increase in Sweden , Poland , Russia and Lithuania .",1,"['the', 'company', 'said', 'that', 'its', 'investments', 'in', 'the', 'new', 'market', 'areas', 'resulted', 'in', 'sales', 'increase', 'in', 'sweden', 'poland', 'russia', 'and', 'lithuania']"
343,"The disposal of Autotank will also strengthen Aspo 's capital structure , '' commented Gustav Nyberg , CEO of Aspo .",1,"['the', 'disposal', 'of', 'autotank', 'will', 'also', 'strengthen', 'aspo', 's', 'capital', 'structure', 'commented', 'gustav', 'nyberg', 'ceo', 'of', 'aspo']"
344,"The earnings per share for the quarter came in at 0.25 eur , up from the 0.20 eur of the same quarter a year earlier .",1,"['the', 'earnings', 'per', 'share', 'for', 'the', 'quarter', 'came', 'in', 'at', 'eur', 'up', 'from', 'the', 'eur', 'of', 'the', 'same', 'quarter', 'a', 'year', 'earlier']"
345,The economic occupancy rate of Sponda 's property portfolio rose to 91.2 % from 88.8 % in 2006 .,1,"['the', 'economic', 'occupancy', 'rate', 'of', 'sponda', 's', 'property', 'portfolio', 'rose', 'to', 'from', 'in']"
346,"The Finnish supplier of BSS-OSS and VAS for telecom operators , Tecnotree , has received expansion orders worth a total US$ 7.3 mn for its convergent charging and next generation messaging solutions in Latin America , the company announced without specifying which operators had placed the orders .",1,"['the', 'finnish', 'supplier', 'of', 'bss', 'oss', 'and', 'vas', 'for', 'telecom', 'operators', 'tecnotree', 'has', 'received', 'expansion', 'orders', 'worth', 'a', 'total', 'us', 'mn', 'for', 'its', 'convergent', 'charging', 'and', 'next', 'generation', 'messaging', 'solutions', 'in', 'latin', 'america', 'the', 'company', 'announced', 'without', 'specifying', 'which', 'operators', 'had', 'placed', 'the', 'orders']"
347,The group 's 12-month operating profit grew 31 percent to 337.8 million euros .,1,"['the', 'group', 's', 'month', 'operating', 'profit', 'grew', 'percent', 'to', 'million', 'euros']"
348,"The growth in the activeness of Talentum 's customers , which started at the end of 2009 , continued during the reporting period , the company stated .",1,"['the', 'growth', 'in', 'the', 'activeness', 'of', 'talentum', 's', 'customers', 'which', 'started', 'at', 'the', 'end', 'of', 'continued', 'during', 'the', 'reporting', 'period', 'the', 'company', 'stated']"
349,The growth of net sales in the first half of 2008 has been 28 % compared with the first half of 2007 .,1,"['the', 'growth', 'of', 'net', 'sales', 'in', 'the', 'first', 'half', 'of', 'has', 'been', 'compared', 'with', 'the', 'first', 'half', 'of']"
350,The pretax profit of the group 's life insurance business increased to EUR 36 million from EUR 27 million .,1,"['the', 'pretax', 'profit', 'of', 'the', 'group', 's', 'life', 'insurance', 'business', 'increased', 'to', 'eur', 'million', 'from', 'eur', 'million']"
351,The pretax profit of the group 's life insurance business increased to EUR36m from EUR27m .,1,"['the', 'pretax', 'profit', 'of', 'the', 'group', 's', 'life', 'insurance', 'business', 'increased', 'to', 'eur', 'm', 'from', 'eur', 'm']"
352,"The total delivery volume of paper businesses in 2010 was 1,155,000 tonnes , up from 1,132,000 tonnes in 2009 .",1,"['the', 'total', 'delivery', 'volume', 'of', 'paper', 'businesses', 'in', 'was', 'tonnes', 'up', 'from', 'tonnes', 'in']"
353,The value of the firm 's forestry holdings increased by SEK 3.6 bn .,1,"['the', 'value', 'of', 'the', 'firm', 's', 'forestry', 'holdings', 'increased', 'by', 'sek', 'bn']"
354,"This new deal has strengthened the partnership from Telemig Celular and Tecnomen , which it has started since the beginning of Telemig 's prepaid operations .",1,"['this', 'new', 'deal', 'has', 'strengthened', 'the', 'partnership', 'from', 'telemig', 'celular', 'and', 'tecnomen', 'which', 'it', 'has', 'started', 'since', 'the', 'beginning', 'of', 'telemig', 's', 'prepaid', 'operations']"
355,Turnover rose to EUR21m from EUR17m .,1,"['turnover', 'rose', 'to', 'eur', 'm', 'from', 'eur', 'm']"
356,"Xerox and Stora Enso have teamed up to tailor the iGen3 to the short-run , on-demand packaging market .",1,"['xerox', 'and', 'stora', 'enso', 'have', 'teamed', 'up', 'to', 'tailor', 'the', 'igen', 'to', 'the', 'short', 'run', 'on', 'demand', 'packaging', 'market']"
357,YIT Construction and the town of Riihim+ñki have signed a lease contract whereby the town will occupy the Travel Centre office facilities .,1,"['yit', 'construction', 'and', 'the', 'town', 'of', 'riihim', 'ki', 'have', 'signed', 'a', 'lease', 'contract', 'whereby', 'the', 'town', 'will', 'occupy', 'the', 'travel', 'centre', 'office', 'facilities']"
358,"The upgrade is intended to raise the network capacity from 450 MHz to 630 MHz in several cities , enabling bi-directional services for digital television as well as broadband data .",1,"['the', 'upgrade', 'is', 'intended', 'to', 'raise', 'the', 'network', 'capacity', 'from', 'mhz', 'to', 'mhz', 'in', 'several', 'cities', 'enabling', 'bi', 'directional', 'services', 'for', 'digital', 'television', 'as', 'well', 'as', 'broadband', 'data']"
359,"Lead production , in turn , should increase to 60,000 tonnes through 2009 in what would be a twofold increase from current capacity levels , Zahariev said .",1,"['lead', 'production', 'in', 'turn', 'should', 'increase', 'to', 'tonnes', 'through', 'in', 'what', 'would', 'be', 'a', 'twofold', 'increase', 'from', 'current', 'capacity', 'levels', 'zahariev', 'said']"
360,"Separately , YIT Corporation and Austrian firm E AG last week signed an agreement on the sale of E 's building system service business in Germany , Austria , Poland , the Czech Republic , Hungary and Romania for EUR 55 mln .",1,"['separately', 'yit', 'corporation', 'and', 'austrian', 'firm', 'e', 'ag', 'last', 'week', 'signed', 'an', 'agreement', 'on', 'the', 'sale', 'of', 'e', 's', 'building', 'system', 'service', 'business', 'in', 'germany', 'austria', 'poland', 'the', 'czech', 'republic', 'hungary', 'and', 'romania', 'for', 'eur', 'mln']"
361,The company intends to raise production capacity in 2006 .,1,"['the', 'company', 'intends', 'to', 'raise', 'production', 'capacity', 'in']"
362,"Thereby , the company will expand its offering to North , Central and South America .",1,"['thereby', 'the', 'company', 'will', 'expand', 'its', 'offering', 'to', 'north', 'central', 'and', 'south', 'america']"
363,"To our members and partners , the use of IT will mostly be apparent in the increased efficiency of the results service , '' observes Perttu Puro from Tradeka .",1,"['to', 'our', 'members', 'and', 'partners', 'the', 'use', 'of', 'it', 'will', 'mostly', 'be', 'apparent', 'in', 'the', 'increased', 'efficiency', 'of', 'the', 'results', 'service', 'observes', 'perttu', 'puro', 'from', 'tradeka']"
364,A tinyurl link takes users to a scamming site promising that users can earn thousands of dollars by becoming a Google ( NASDAQ : GOOG ) Cash advertiser .,0,"['a', 'tinyurl', 'link', 'takes', 'users', 'to', 'a', 'scamming', 'site', 'promising', 'that', 'users', 'can', 'earn', 'thousands', 'of', 'dollars', 'by', 'becoming', 'a', 'google', 'nasdaq', 'goog', 'cash', 'advertiser']"
365,"Compared with the FTSE 100 index , which rose 36.7 points ( or 0.6 % ) on the day , this was a relative price change of -0.2 % .",0,"['compared', 'with', 'the', 'ftse', 'index', 'which', 'rose', 'points', 'or', 'on', 'the', 'day', 'this', 'was', 'a', 'relative', 'price', 'change', 'of']"
366,"Compared with the FTSE 100 index , which rose 94.9 points ( or 1.6 % ) on the day , this was a relative price change of -0.4 % .",0,"['compared', 'with', 'the', 'ftse', 'index', 'which', 'rose', 'points', 'or', 'on', 'the', 'day', 'this', 'was', 'a', 'relative', 'price', 'change', 'of']"
367,"Finland 's Nokian Tyres and Kazakhstan 's Ordabasy Corporation signed an agreement to build a plant in Astana to produce car tires , Ordabasy chairman Dinmukhamet Idrisov said at a press conference .",1,"['finland', 's', 'nokian', 'tyres', 'and', 'kazakhstan', 's', 'ordabasy', 'corporation', 'signed', 'an', 'agreement', 'to', 'build', 'a', 'plant', 'in', 'astana', 'to', 'produce', 'car', 'tires', 'ordabasy', 'chairman', 'dinmukhamet', 'idrisov', 'said', 'at', 'a', 'press', 'conference']"
368,Finnish business software group AffectoGenimap Oyj said it had signed an agreement to acquire all the shares in Swedish sector company Intellibis Ab for 12 mln euro ( $ 15.8 mln ) on a debt-free basis .,1,"['finnish', 'business', 'software', 'group', 'affectogenimap', 'oyj', 'said', 'it', 'had', 'signed', 'an', 'agreement', 'to', 'acquire', 'all', 'the', 'shares', 'in', 'swedish', 'sector', 'company', 'intellibis', 'ab', 'for', 'mln', 'euro', 'mln', 'on', 'a', 'debt', 'free', 'basis']"
369,"Finnish silicon wafers manufacturer Okmetic Oyj said on June 29 , 2007 it signed an agreement with Nordea Bank Finland Plc , the local subsidiary of Swedish commercial bank Nordea Bank AB , which will refinance Okmetic 's syndicated bank facility which amounts to some 20 mln euro ( $ 26.9 mln ) .",1,"['finnish', 'silicon', 'wafers', 'manufacturer', 'okmetic', 'oyj', 'said', 'on', 'june', 'it', 'signed', 'an', 'agreement', 'with', 'nordea', 'bank', 'finland', 'plc', 'the', 'local', 'subsidiary', 'of', 'swedish', 'commercial', 'bank', 'nordea', 'bank', 'ab', 'which', 'will', 'refinance', 'okmetic', 's', 'syndicated', 'bank', 'facility', 'which', 'amounts', 'to', 'some', 'mln', 'euro', 'mln']"
370,"Furthermore , Bunge will also sign a licensing agreement for the Sunnuntai and Carlshamn Mejeri brands .",1,"['furthermore', 'bunge', 'will', 'also', 'sign', 'a', 'licensing', 'agreement', 'for', 'the', 'sunnuntai', 'and', 'carlshamn', 'mejeri', 'brands']"
371,"In September 2010 , the Finnish group agreed to buy Danish company Rose Poultry A-S for up to EUR23 .9 m in a combination of cash and stock .",1,"['in', 'september', 'the', 'finnish', 'group', 'agreed', 'to', 'buy', 'danish', 'company', 'rose', 'poultry', 'a', 's', 'for', 'up', 'to', 'eur', 'm', 'in', 'a', 'combination', 'of', 'cash', 'and', 'stock']"
372,"is planning to expand its product portfolio in the harbor segment , chief executive Pekka Lundmark told Financial Times Deutschland .",1,"['is', 'planning', 'to', 'expand', 'its', 'product', 'portfolio', 'in', 'the', 'harbor', 'segment', 'chief', 'executive', 'pekka', 'lundmark', 'told', 'financial', 'times', 'deutschland']"
373,"KAUKO-TELKO LTD PRESS RELEASE 19.06.2007 AT 14.00 1 ( 1 ) Telko Group ( Kauko-Telko ) is expanding its strategic partnership with BP Industrial Lubricants & Services ( BP ILS ) by acquiring total ownership of BP 's Swedish retail company , Molub-Alloy AB .",1,"['kauko', 'telko', 'ltd', 'press', 'release', 'at', 'telko', 'group', 'kauko', 'telko', 'is', 'expanding', 'its', 'strategic', 'partnership', 'with', 'bp', 'industrial', 'lubricants', 'services', 'bp', 'ils', 'by', 'acquiring', 'total', 'ownership', 'of', 'bp', 's', 'swedish', 'retail', 'company', 'molub', 'alloy', 'ab']"
374,"Production capacity will rise gradually from 170,000 tonnes to 215,000 tonnes .",1,"['production', 'capacity', 'will', 'rise', 'gradually', 'from', 'tonnes', 'to', 'tonnes']"
375,Ramirent s Danish subsidiary Ramirent A-S has today signed an agreement to acquire the business assets of the machinery rental company Jydsk Materiel Udlejning located in West Jutland .,1,"['ramirent', 's', 'danish', 'subsidiary', 'ramirent', 'a', 's', 'has', 'today', 'signed', 'an', 'agreement', 'to', 'acquire', 'the', 'business', 'assets', 'of', 'the', 'machinery', 'rental', 'company', 'jydsk', 'materiel', 'udlejning', 'located', 'in', 'west', 'jutland']"
376,"The agreement will provide The Switch with double the converter capacity , whilst opening up further manufacturing locations in China .",1,"['the', 'agreement', 'will', 'provide', 'the', 'switch', 'with', 'double', 'the', 'converter', 'capacity', 'whilst', 'opening', 'up', 'further', 'manufacturing', 'locations', 'in', 'china']"
377,"The company also said on November 16 , 2006 its Real Estate Fund I Ky signed an agreement with Finnish window maker Fenestra Oy to build a window plant in Forssa , southern Finland .",1,"['the', 'company', 'also', 'said', 'on', 'november', 'its', 'real', 'estate', 'fund', 'i', 'ky', 'signed', 'an', 'agreement', 'with', 'finnish', 'window', 'maker', 'fenestra', 'oy', 'to', 'build', 'a', 'window', 'plant', 'in', 'forssa', 'southern', 'finland']"
378,The company has committed to further expanding the Apollo portfolio .,1,"['the', 'company', 'has', 'committed', 'to', 'further', 'expanding', 'the', 'apollo', 'portfolio']"
379,The contracts have been signed to acquire uranium produced at the Sotkamo nickel-zinc mine in eastern Finland owned by Talvivaara .,1,"['the', 'contracts', 'have', 'been', 'signed', 'to', 'acquire', 'uranium', 'produced', 'at', 'the', 'sotkamo', 'nickel', 'zinc', 'mine', 'in', 'eastern', 'finland', 'owned', 'by', 'talvivaara']"
380,"The OMX Nordic 40 ( OMXN40 ) index , comprising the 40 most traded Nordic stocks on the Nasdaq OMX exchange , closed up 0.43 % at 1,138.84 points on Wednesday .",1,"['the', 'omx', 'nordic', 'omxn', 'index', 'comprising', 'the', 'most', 'traded', 'nordic', 'stocks', 'on', 'the', 'nasdaq', 'omx', 'exchange', 'closed', 'up', 'at', 'points', 'on', 'wednesday']"
381,"The OMX Nordic 40 ( OMXN40 ) index , comprising the 40 most traded Nordic stocks on the Nasdaq OMX exchange , closed up 1.29 % at 1,084.47 points on Friday .",1,"['the', 'omx', 'nordic', 'omxn', 'index', 'comprising', 'the', 'most', 'traded', 'nordic', 'stocks', 'on', 'the', 'nasdaq', 'omx', 'exchange', 'closed', 'up', 'at', 'points', 'on', 'friday']"
382,"Under the terms of the off-take agreement with Talvivaara , Cameco will provide an up-front investment , to a maximum of $ 60 million , to cover the construction cost of the uranium extraction circuit .",1,"['under', 'the', 'terms', 'of', 'the', 'off', 'take', 'agreement', 'with', 'talvivaara', 'cameco', 'will', 'provide', 'an', 'up', 'front', 'investment', 'to', 'a', 'maximum', 'of', 'million', 'to', 'cover', 'the', 'construction', 'cost', 'of', 'the', 'uranium', 'extraction', 'circuit']"
383,"Vaisala Oyj Press Release September 30 , 2010 Vaisala has signed a contract to sell its oxygen measurement technology and business to SICK Maihak GmbH .",1,"['vaisala', 'oyj', 'press', 'release', 'september', 'vaisala', 'has', 'signed', 'a', 'contract', 'to', 'sell', 'its', 'oxygen', 'measurement', 'technology', 'and', 'business', 'to', 'sick', 'maihak', 'gmbh']"
384,"- BEIJING XFN-ASIA - Hong Kong-listed Standard Chartered Bank said it has signed a China mobile phone dealer financing agreement with Nokia , making it the first foreign bank to offer financing to the country 's small and medium enterprise -LR",1,"['beijing', 'xfn', 'asia', 'hong', 'kong', 'listed', 'standard', 'chartered', 'bank', 'said', 'it', 'has', 'signed', 'a', 'china', 'mobile', 'phone', 'dealer', 'financing', 'agreement', 'with', 'nokia', 'making', 'it', 'the', 'first', 'foreign', 'bank', 'to', 'offer', 'financing', 'to', 'the', 'country', 's', 'small', 'and', 'medium', 'enterprise', 'lr']"
385,"`` Lidskoe Pivo 's investment program foresees the integrated modernization of production , updating transport and logistics infrastructure and developing new marketing instruments , '' Mikshis said .",1,"['lidskoe', 'pivo', 's', 'investment', 'program', 'foresees', 'the', 'integrated', 'modernization', 'of', 'production', 'updating', 'transport', 'and', 'logistics', 'infrastructure', 'and', 'developing', 'new', 'marketing', 'instruments', 'mikshis', 'said']"
386,`` Residentialconstruction in particular has picked up in several markets .,1,"['residentialconstruction', 'in', 'particular', 'has', 'picked', 'up', 'in', 'several', 'markets']"
387,"After the transaction , Alma Media raised its stake in Talentum to 30.65 % of the shares and some 31.12 % of voting rights .",1,"['after', 'the', 'transaction', 'alma', 'media', 'raised', 'its', 'stake', 'in', 'talentum', 'to', 'of', 'the', 'shares', 'and', 'some', 'of', 'voting', 'rights']"
388,"As the largest elevator market in the world , Chinese output of elevators continued to rise to 262,000 units in 2009 , up about 5 % yr-on-yr .",1,"['as', 'the', 'largest', 'elevator', 'market', 'in', 'the', 'world', 'chinese', 'output', 'of', 'elevators', 'continued', 'to', 'rise', 'to', 'units', 'in', 'up', 'about', 'yr', 'on', 'yr']"
389,"Compared with the FTSE 100 index , which rose 28.3 points or 0.5 % on the day , this was a relative price change of 2.3 % .",1,"['compared', 'with', 'the', 'ftse', 'index', 'which', 'rose', 'points', 'or', 'on', 'the', 'day', 'this', 'was', 'a', 'relative', 'price', 'change', 'of']"
390,Componenta increased its stake in Turkish steel company Doktas Dokumculuk Ticaret ve Sanayi A.S. to 92.6 pct stake in March 2007 .,1,"['componenta', 'increased', 'its', 'stake', 'in', 'turkish', 'steel', 'company', 'doktas', 'dokumculuk', 'ticaret', 've', 'sanayi', 'a', 's', 'to', 'pct', 'stake', 'in', 'march']"
391,"Earnings per share EPS are seen at EUR 0.56 , up from EUR 0.38 .",1,"['earnings', 'per', 'share', 'eps', 'are', 'seen', 'at', 'eur', 'up', 'from', 'eur']"
392,Estonia 's beer market overall grew three percent last year to 130 million liters .,1,"['estonia', 's', 'beer', 'market', 'overall', 'grew', 'three', 'percent', 'last', 'year', 'to', 'million', 'liters']"
393,Finnish lifting equipment maker Konecranes HEL : KCR1V said on 29 July 2009 it has raised its stake in Austrian manipulator maker ACS Konecranes to 80 % and bought German sector player Knight Europe .,1,"['finnish', 'lifting', 'equipment', 'maker', 'konecranes', 'hel', 'kcr', 'v', 'said', 'on', 'july', 'it', 'has', 'raised', 'its', 'stake', 'in', 'austrian', 'manipulator', 'maker', 'acs', 'konecranes', 'to', 'and', 'bought', 'german', 'sector', 'player', 'knight', 'europe']"
394,"HELSINKI AFX - KCI Konecranes said it has raised its stake in MMH Holdings Inc , the owner of US-based Morris Materials Handling , to 90.9 pct from 74.5 pct .",1,"['helsinki', 'afx', 'kci', 'konecranes', 'said', 'it', 'has', 'raised', 'its', 'stake', 'in', 'mmh', 'holdings', 'inc', 'the', 'owner', 'of', 'us', 'based', 'morris', 'materials', 'handling', 'to', 'pct', 'from', 'pct']"
395,It delivers a different user experience and enables us to widen the market we can address . '',1,"['it', 'delivers', 'a', 'different', 'user', 'experience', 'and', 'enables', 'us', 'to', 'widen', 'the', 'market', 'we', 'can', 'address']"
396,"ADPnews - Jun 30 , 2009 - Finnish stainless steel maker Outokumpu Oyj HEL : OUT1V said yesterday it signed a three-year EUR 900 million USD 1.3 bn revolving credit facility .",1,"['adpnews', 'jun', 'finnish', 'stainless', 'steel', 'maker', 'outokumpu', 'oyj', 'hel', 'out', 'v', 'said', 'yesterday', 'it', 'signed', 'a', 'three', 'year', 'eur', 'million', 'usd', 'bn', 'revolving', 'credit', 'facility']"
397,Most of the increase in net sales was due to the acquisition of Swedish Silva that produces garden tools and boats .,1,"['most', 'of', 'the', 'increase', 'in', 'net', 'sales', 'was', 'due', 'to', 'the', 'acquisition', 'of', 'swedish', 'silva', 'that', 'produces', 'garden', 'tools', 'and', 'boats']"
398,One of the challenges in the oil production in the North Sea is scale formation that can plug pipelines and halt production .,0,"['one', 'of', 'the', 'challenges', 'in', 'the', 'oil', 'production', 'in', 'the', 'north', 'sea', 'is', 'scale', 'formation', 'that', 'can', 'plug', 'pipelines', 'and', 'halt', 'production']"
399,SysOpen Digia had signed an agreement with the main shareholders of Sentera holding in total 77.39 % of the share capital and votes of Sentera .,1,"['sysopen', 'digia', 'had', 'signed', 'an', 'agreement', 'with', 'the', 'main', 'shareholders', 'of', 'sentera', 'holding', 'in', 'total', 'of', 'the', 'share', 'capital', 'and', 'votes', 'of', 'sentera']"
400,The company plans to expand into the international market through its subsidiaries and distributors from 2011 onwards .,1,"['the', 'company', 'plans', 'to', 'expand', 'into', 'the', 'international', 'market', 'through', 'its', 'subsidiaries', 'and', 'distributors', 'from', 'onwards']"
401,"The decision to sell a share in Lenenergo was reached in line with Fortum 's strategic plans to invest mainly in generating assets in Russia , while Lenenergo is a grid company , the press release said .",1,"['the', 'decision', 'to', 'sell', 'a', 'share', 'in', 'lenenergo', 'was', 'reached', 'in', 'line', 'with', 'fortum', 's', 'strategic', 'plans', 'to', 'invest', 'mainly', 'in', 'generating', 'assets', 'in', 'russia', 'while', 'lenenergo', 'is', 'a', 'grid', 'company', 'the', 'press', 'release', 'said']"
402,"The equipment will expand container handling capacity at Namibia 's main port of Walvis Bay , on the west coast .",1,"['the', 'equipment', 'will', 'expand', 'container', 'handling', 'capacity', 'at', 'namibia', 's', 'main', 'port', 'of', 'walvis', 'bay', 'on', 'the', 'west', 'coast']"
403,The expansion includes the doubling of the floor space and the addition of more lifting capacity and production equipment .,1,"['the', 'expansion', 'includes', 'the', 'doubling', 'of', 'the', 'floor', 'space', 'and', 'the', 'addition', 'of', 'more', 'lifting', 'capacity', 'and', 'production', 'equipment']"
404,The Group aims to increase its net sales and comparable operating profit in 2006 .,1,"['the', 'group', 'aims', 'to', 'increase', 'its', 'net', 'sales', 'and', 'comparable', 'operating', 'profit', 'in']"
405,"The subscriptions increase Cargotec 's share capital by 36,780 euros .",1,"['the', 'subscriptions', 'increase', 'cargotec', 's', 'share', 'capital', 'by', 'euros']"
406,"The subscriptions increase Cargotec 's share capital by EUR 27,060 .",1,"['the', 'subscriptions', 'increase', 'cargotec', 's', 'share', 'capital', 'by', 'eur']"
407,"The total area of the Gorelovo plant is about 22,000 sq m. Atria invested about EURO 70mn in the plant , which should double Atria Russia 's production capacity in the St Petersburg area .",1,"['the', 'total', 'area', 'of', 'the', 'gorelovo', 'plant', 'is', 'about', 'sq', 'm', 'atria', 'invested', 'about', 'euro', 'mn', 'in', 'the', 'plant', 'which', 'should', 'double', 'atria', 'russia', 's', 'production', 'capacity', 'in', 'the', 'st', 'petersburg', 'area']"
408,"With the launch of new 3G handsets , Nokia aims to become the winner in China 's 3G market as it did in the 2G market .",1,"['with', 'the', 'launch', 'of', 'new', 'g', 'handsets', 'nokia', 'aims', 'to', 'become', 'the', 'winner', 'in', 'china', 's', 'g', 'market', 'as', 'it', 'did', 'in', 'the', 'g', 'market']"
409,"Earnings per share ( EPS ) for the first quarter 2007 amounted to EUR0 .07 , up from EUR0 .04 .",1,"['earnings', 'per', 'share', 'eps', 'for', 'the', 'first', 'quarter', 'amounted', 'to', 'eur', 'up', 'from', 'eur']"
410,"Jan. 6 -- Ford is struggling in the face of slowing truck and SUV sales and a surfeit of up-to-date , gotta-have cars .",0,"['jan', 'ford', 'is', 'struggling', 'in', 'the', 'face', 'of', 'slowing', 'truck', 'and', 'suv', 'sales', 'and', 'a', 'surfeit', 'of', 'up', 'to', 'date', 'gotta', 'have', 'cars']"
411,"Operating profit was EUR 11.07 mn , up from EUR 8.65 mn .",1,"['operating', 'profit', 'was', 'eur', 'mn', 'up', 'from', 'eur', 'mn']"
412,Peer Peugeot fell 0.81 pct as its sales rose only 6.3 pct from the same period last year .,0,"['peer', 'peugeot', 'fell', 'pct', 'as', 'its', 'sales', 'rose', 'only', 'pct', 'from', 'the', 'same', 'period', 'last', 'year']"
413,Pharmaceuticals group Orion Corp reported a fall in its third-quarter earnings that were hit by larger expenditures on R&D and marketing .,0,"['pharmaceuticals', 'group', 'orion', 'corp', 'reported', 'a', 'fall', 'in', 'its', 'third', 'quarter', 'earnings', 'that', 'were', 'hit', 'by', 'larger', 'expenditures', 'on', 'r', 'd', 'and', 'marketing']"
414,"However , the growth margin slowed down due to the financial crisis .",0,"['however', 'the', 'growth', 'margin', 'slowed', 'down', 'due', 'to', 'the', 'financial', 'crisis']"
415,"Significance : Teleste has emphasised that with its large size and growing economy , as well as the rapid development of its TV services distribution industry , Poland is viewed as an attractive market .",1,"['significance', 'teleste', 'has', 'emphasised', 'that', 'with', 'its', 'large', 'size', 'and', 'growing', 'economy', 'as', 'well', 'as', 'the', 'rapid', 'development', 'of', 'its', 'tv', 'services', 'distribution', 'industry', 'poland', 'is', 'viewed', 'as', 'an', 'attractive', 'market']"
416,"`` We reached agreement with the union that flights will continue as normal , '' Finnair spokesman Usko Maatta said .",1,"['we', 'reached', 'agreement', 'with', 'the', 'union', 'that', 'flights', 'will', 'continue', 'as', 'normal', 'finnair', 'spokesman', 'usko', 'maatta', 'said']"
417,"In Finland , insurance company Pohjola and the Finnish motorcyclist association have signed an agreement with the aim of improving motorcyclists ' traffic safety .",1,"['in', 'finland', 'insurance', 'company', 'pohjola', 'and', 'the', 'finnish', 'motorcyclist', 'association', 'have', 'signed', 'an', 'agreement', 'with', 'the', 'aim', 'of', 'improving', 'motorcyclists', 'traffic', 'safety']"
418,"HELSINKI ( AFX ) - Nokian Tyres reported a fourth quarter pretax profit of 61.5 mln eur , up from 48.6 mln on the back of strong sales .",1,"['helsinki', 'afx', 'nokian', 'tyres', 'reported', 'a', 'fourth', 'quarter', 'pretax', 'profit', 'of', 'mln', 'eur', 'up', 'from', 'mln', 'on', 'the', 'back', 'of', 'strong', 'sales']"
419,"Kalnapilio-Tauro Grupe ( Kalnapilis-Tauras Group ) , which is owned by Denmark 's Royal Unibrew , raised its market share to 25.18 percent from 23.74 percent , as beer sales for the seven months jumped by 14.5 percent to 40.5 million liters .",1,"['kalnapilio', 'tauro', 'grupe', 'kalnapilis', 'tauras', 'group', 'which', 'is', 'owned', 'by', 'denmark', 's', 'royal', 'unibrew', 'raised', 'its', 'market', 'share', 'to', 'percent', 'from', 'percent', 'as', 'beer', 'sales', 'for', 'the', 'seven', 'months', 'jumped', 'by', 'percent', 'to', 'million', 'liters']"
420,"Kalnapilio-Tauro Grupe ( Kalnapilis-Tauras Group ) , which is owned by Denmark 's Royal Unibrew , raised its market share to 25.2 percent from 23.91 percent , as beer sales for the nine months jumped by 11.4 percent to 52.99 million liters .",1,"['kalnapilio', 'tauro', 'grupe', 'kalnapilis', 'tauras', 'group', 'which', 'is', 'owned', 'by', 'denmark', 's', 'royal', 'unibrew', 'raised', 'its', 'market', 'share', 'to', 'percent', 'from', 'percent', 'as', 'beer', 'sales', 'for', 'the', 'nine', 'months', 'jumped', 'by', 'percent', 'to', 'million', 'liters']"
421,"Marimekko has today ( 20 November ) signed a license agreement with the Swedish chain , whereby Marimekko will license some of its popular patterns from the 1950s , 1960s and 1970s to H&M .",1,"['marimekko', 'has', 'today', 'november', 'signed', 'a', 'license', 'agreement', 'with', 'the', 'swedish', 'chain', 'whereby', 'marimekko', 'will', 'license', 'some', 'of', 'its', 'popular', 'patterns', 'from', 'the', 's', 's', 'and', 's', 'to', 'h', 'm']"
422,More staff has been recruited in Japan to further complement its network of close to 50 service locations in more than 20 countries worldwide .,1,"['more', 'staff', 'has', 'been', 'recruited', 'in', 'japan', 'to', 'further', 'complement', 'its', 'network', 'of', 'close', 'to', 'service', 'locations', 'in', 'more', 'than', 'countries', 'worldwide']"
423,Nokian Capacitors ' equipment will be used to raise the capacity and reliability of the Indian grid .,1,"['nokian', 'capacitors', 'equipment', 'will', 'be', 'used', 'to', 'raise', 'the', 'capacity', 'and', 'reliability', 'of', 'the', 'indian', 'grid']"
424,Rautaruukki Corporation Stock exchange release 3 December 2009 at 12 noon Ruukki 's construction and engineering divisions are to further improve and adjust their operations in Finland .,1,"['rautaruukki', 'corporation', 'stock', 'exchange', 'release', 'december', 'at', 'noon', 'ruukki', 's', 'construction', 'and', 'engineering', 'divisions', 'are', 'to', 'further', 'improve', 'and', 'adjust', 'their', 'operations', 'in', 'finland']"
425,"Ruukki Romania , the local arm of Finnish metal producer Ruukki , increased its capital by 900,000 euro ( $ 1.14 mln ) through cash contribution , it was reported on September 19 , 2006 .",1,"['ruukki', 'romania', 'the', 'local', 'arm', 'of', 'finnish', 'metal', 'producer', 'ruukki', 'increased', 'its', 'capital', 'by', 'euro', 'mln', 'through', 'cash', 'contribution', 'it', 'was', 'reported', 'on', 'september']"
426,"STX Finland Oy signed a a preliminary agreement for the building of an environmentally friendly , new generation cruise ferry for Viking Line to manage on between Turku , Finland , and Stockholm , Sweden withViking Line ABP .",1,"['stx', 'finland', 'oy', 'signed', 'a', 'a', 'preliminary', 'agreement', 'for', 'the', 'building', 'of', 'an', 'environmentally', 'friendly', 'new', 'generation', 'cruise', 'ferry', 'for', 'viking', 'line', 'to', 'manage', 'on', 'between', 'turku', 'finland', 'and', 'stockholm', 'sweden', 'withviking', 'line', 'abp']"
427,The company now estimates its net sales in 2010 to increase considerably from 2009 and its operating result to be clearly positive .,1,"['the', 'company', 'now', 'estimates', 'its', 'net', 'sales', 'in', 'to', 'increase', 'considerably', 'from', 'and', 'its', 'operating', 'result', 'to', 'be', 'clearly', 'positive']"
428,"The tower it chose to add , due to go into operation in the summer , will increase total capacity to 80 broadsheet or 160 tabloid pages , with the ability to run 32 - and 48-page products side by side .",1,"['the', 'tower', 'it', 'chose', 'to', 'add', 'due', 'to', 'go', 'into', 'operation', 'in', 'the', 'summer', 'will', 'increase', 'total', 'capacity', 'to', 'broadsheet', 'or', 'tabloid', 'pages', 'with', 'the', 'ability', 'to', 'run', 'and', 'page', 'products', 'side', 'by', 'side']"
429,"Uponor made an operating profit of EUR 151.0 mn , up from EUR 143.7 mn , which made 2007 a record year .",1,"['uponor', 'made', 'an', 'operating', 'profit', 'of', 'eur', 'mn', 'up', 'from', 'eur', 'mn', 'which', 'made', 'a', 'record', 'year']"
430,"Basware Corporation stock exchange release August 31 , 2010 at 16:25 Basware signed a large deal with an international industrial group Basware will deliver Invoice Automation solution and Connectivity Services to an international industrial group .",1,"['basware', 'corporation', 'stock', 'exchange', 'release', 'august', 'at', 'basware', 'signed', 'a', 'large', 'deal', 'with', 'an', 'international', 'industrial', 'group', 'basware', 'will', 'deliver', 'invoice', 'automation', 'solution', 'and', 'connectivity', 'services', 'to', 'an', 'international', 'industrial', 'group']"
431,It estimates the operating profit to further improve from the third quarter .,1,"['it', 'estimates', 'the', 'operating', 'profit', 'to', 'further', 'improve', 'from', 'the', 'third', 'quarter']"
432,Kazgiprotsvetmet and Outotec Finland have signed an agreement on strategic cooperation in the marketing and providing of minerals processing and metallurgical plants and related services in Kazakhstan and the surrounding countries .,1,"['kazgiprotsvetmet', 'and', 'outotec', 'finland', 'have', 'signed', 'an', 'agreement', 'on', 'strategic', 'cooperation', 'in', 'the', 'marketing', 'and', 'providing', 'of', 'minerals', 'processing', 'and', 'metallurgical', 'plants', 'and', 'related', 'services', 'in', 'kazakhstan', 'and', 'the', 'surrounding', 'countries']"
433,Lemcon signed an investment cooperation agreement with the Kaluga regional administration last November .,1,"['lemcon', 'signed', 'an', 'investment', 'cooperation', 'agreement', 'with', 'the', 'kaluga', 'regional', 'administration', 'last', 'november']"
434,Ruukki forecast a 15-20 % annual sales growth and a positive pretax result for 2010 .,1,"['ruukki', 'forecast', 'a', 'annual', 'sales', 'growth', 'and', 'a', 'positive', 'pretax', 'result', 'for']"
435,Sales rose 10 pct to 566 mln eur on the back of strong volume and favourable currency effects .,1,"['sales', 'rose', 'pct', 'to', 'mln', 'eur', 'on', 'the', 'back', 'of', 'strong', 'volume', 'and', 'favourable', 'currency', 'effects']"
436,The growth of net sales has continued favourably in the Middle East and Africaand in Asia Pacific .,1,"['the', 'growth', 'of', 'net', 'sales', 'has', 'continued', 'favourably', 'in', 'the', 'middle', 'east', 'and', 'africaand', 'in', 'asia', 'pacific']"
437,"The new agreement , which expands a long-established cooperation between the companies , involves the transfer of certain engineering and documentation functions from Larox to Etteplan .",1,"['the', 'new', 'agreement', 'which', 'expands', 'a', 'long', 'established', 'cooperation', 'between', 'the', 'companies', 'involves', 'the', 'transfer', 'of', 'certain', 'engineering', 'and', 'documentation', 'functions', 'from', 'larox', 'to', 'etteplan']"
438,With this appointment Kaupthing Bank aims to further co-ordinate Capital Markets activities within the Group and to improve the overall service to clients .,1,"['with', 'this', 'appointment', 'kaupthing', 'bank', 'aims', 'to', 'further', 'co', 'ordinate', 'capital', 'markets', 'activities', 'within', 'the', 'group', 'and', 'to', 'improve', 'the', 'overall', 'service', 'to', 'clients']"
439,"To prove the efficiency of the China Mobile system , Rod Baber , an English climber , climbed to the Mount Everest summit and successfully made calls .",1,"['to', 'prove', 'the', 'efficiency', 'of', 'the', 'china', 'mobile', 'system', 'rod', 'baber', 'an', 'english', 'climber', 'climbed', 'to', 'the', 'mount', 'everest', 'summit', 'and', 'successfully', 'made', 'calls']"
440,"Finnish Ahlstrom Corporation will double its investments in a new specialty glassfiber reinforcement plant in South Carolina , in the US .",1,"['finnish', 'ahlstrom', 'corporation', 'will', 'double', 'its', 'investments', 'in', 'a', 'new', 'specialty', 'glassfiber', 'reinforcement', 'plant', 'in', 'south', 'carolina', 'in', 'the', 'us']"
441,Sales rose to 300.9 mln eur compared with last year 's 276.1 mln eur and in line with 299 mln eur consensus figure .,1,"['sales', 'rose', 'to', 'mln', 'eur', 'compared', 'with', 'last', 'year', 's', 'mln', 'eur', 'and', 'in', 'line', 'with', 'mln', 'eur', 'consensus', 'figure']"
442,The contract was signed in August with Papua New Guinea-based Lihir Gold Ltd ASX : LGL .,1,"['the', 'contract', 'was', 'signed', 'in', 'august', 'with', 'papua', 'new', 'guinea', 'based', 'lihir', 'gold', 'ltd', 'asx', 'lgl']"
443,"`` Our extensive co-operation will also bolster SysOpen Digia 's position in the domestic operator market , '' Kallioranta adds .",1,"['our', 'extensive', 'co', 'operation', 'will', 'also', 'bolster', 'sysopen', 'digia', 's', 'position', 'in', 'the', 'domestic', 'operator', 'market', 'kallioranta', 'adds']"
444,"`` With this agreement , we can continue our good cooperationand at the same time release capital that has been tied up in ourmachinery operation .",1,"['with', 'this', 'agreement', 'we', 'can', 'continue', 'our', 'good', 'cooperationand', 'at', 'the', 'same', 'time', 'release', 'capital', 'that', 'has', 'been', 'tied', 'up', 'in', 'ourmachinery', 'operation']"
445,"Theodosopoulos said Tellabs could be of value to Nokia Siemens or Nortel given its `` leading supply status '' with Verizon , along with high-growth products .",1,"['theodosopoulos', 'said', 'tellabs', 'could', 'be', 'of', 'value', 'to', 'nokia', 'siemens', 'or', 'nortel', 'given', 'its', 'leading', 'supply', 'status', 'with', 'verizon', 'along', 'with', 'high', 'growth', 'products']"
446,"We succeeded in increasing our market share of sold apartment '' , comments Mr Kari Kauniskangas , Head of YIT International Construction Services .",1,"['we', 'succeeded', 'in', 'increasing', 'our', 'market', 'share', 'of', 'sold', 'apartment', 'comments', 'mr', 'kari', 'kauniskangas', 'head', 'of', 'yit', 'international', 'construction', 'services']"
447,"With CapMan as a partner , we will be able to further develop our business and continue to focus on providing quality restaurant services for our customers , '' says Christopher Wynne , CEO of Papa John 's Russia .",1,"['with', 'capman', 'as', 'a', 'partner', 'we', 'will', 'be', 'able', 'to', 'further', 'develop', 'our', 'business', 'and', 'continue', 'to', 'focus', 'on', 'providing', 'quality', 'restaurant', 'services', 'for', 'our', 'customers', 'says', 'christopher', 'wynne', 'ceo', 'of', 'papa', 'john', 's', 'russia']"
448,"Finnish Suominen Corporation that specialises in wet wipes , nonwovens , and flexible packaging reports net sales of EUR 44.1 mn in the second quarter of 2010 , up from EUR 43.3 mn in the second quarter of 2009 .",1,"['finnish', 'suominen', 'corporation', 'that', 'specialises', 'in', 'wet', 'wipes', 'nonwovens', 'and', 'flexible', 'packaging', 'reports', 'net', 'sales', 'of', 'eur', 'mn', 'in', 'the', 'second', 'quarter', 'of', 'up', 'from', 'eur', 'mn', 'in', 'the', 'second', 'quarter', 'of']"
449,"Finnish telecoms software developer Tecnomen Oyj said on December 5 , 2006 it won a $ 3.3 mln ( 2.5 mln euro ) order to supply an expansion of the charging and messaging systems for the mobile and fixed networks of Brasil Telecom .",1,"['finnish', 'telecoms', 'software', 'developer', 'tecnomen', 'oyj', 'said', 'on', 'december', 'it', 'won', 'a', 'mln', 'mln', 'euro', 'order', 'to', 'supply', 'an', 'expansion', 'of', 'the', 'charging', 'and', 'messaging', 'systems', 'for', 'the', 'mobile', 'and', 'fixed', 'networks', 'of', 'brasil', 'telecom']"
450,Increased trust of our clients in YIT can be seen as apartment sales accelerated .,1,"['increased', 'trust', 'of', 'our', 'clients', 'in', 'yit', 'can', 'be', 'seen', 'as', 'apartment', 'sales', 'accelerated']"
451,"( ADP News ) - Dec 11 , 2008 - Finnish construction and engineering company Outotec Oyj ( OMX : OTE1V ) said today it won a EUR 28 million ( USD 36.8 m ) order to expand the phosphate concentrator in Siilinjarvi of Norwegian minera",1,"['adp', 'news', 'dec', 'finnish', 'construction', 'and', 'engineering', 'company', 'outotec', 'oyj', 'omx', 'ote', 'v', 'said', 'today', 'it', 'won', 'a', 'eur', 'million', 'usd', 'm', 'order', 'to', 'expand', 'the', 'phosphate', 'concentrator', 'in', 'siilinjarvi', 'of', 'norwegian', 'minera']"
452,"Mr Priit Kasak , Balti Metsamasina 's owner , said the Rakvere-based company wishes to increase Valmet 's market share from 27 % to a third in a couple of years .",1,"['mr', 'priit', 'kasak', 'balti', 'metsamasina', 's', 'owner', 'said', 'the', 'rakvere', 'based', 'company', 'wishes', 'to', 'increase', 'valmet', 's', 'market', 'share', 'from', 'to', 'a', 'third', 'in', 'a', 'couple', 'of', 'years']"
453,The bank sees a potential for Getinge share to rise .,1,"['the', 'bank', 'sees', 'a', 'potential', 'for', 'getinge', 'share', 'to', 'rise']"
454,"The company recorded revenues of E658 .1 million during the fiscal year ended December 2007 , an increase of 23 % over 2006 .",1,"['the', 'company', 'recorded', 'revenues', 'of', 'e', 'million', 'during', 'the', 'fiscal', 'year', 'ended', 'december', 'an', 'increase', 'of', 'over']"
455,The cooperation will double The Switch 's converter capacity .,1,"['the', 'cooperation', 'will', 'double', 'the', 'switch', 's', 'converter', 'capacity']"
456,The robust growth was the result of the inclusion of clothing chain Lindex in the Group in December 2007 .,1,"['the', 'robust', 'growth', 'was', 'the', 'result', 'of', 'the', 'inclusion', 'of', 'clothing', 'chain', 'lindex', 'in', 'the', 'group', 'in', 'december']"
457,"The six breweries recorded a 5.2 percent growth in domestic beer sales last year to 270.21 million liters , from 256.88 million liters sold in 2005 .",1,"['the', 'six', 'breweries', 'recorded', 'a', 'percent', 'growth', 'in', 'domestic', 'beer', 'sales', 'last', 'year', 'to', 'million', 'liters', 'from', 'million', 'liters', 'sold', 'in']"
458,"This truly takes efficiency to new heights , '' Mr. Metso adds .",1,"['this', 'truly', 'takes', 'efficiency', 'to', 'new', 'heights', 'mr', 'metso', 'adds']"
459,We hope to increase traffic volumes with the opening of Freight One Scandinavia . '',1,"['we', 'hope', 'to', 'increase', 'traffic', 'volumes', 'with', 'the', 'opening', 'of', 'freight', 'one', 'scandinavia']"
460,"a January 11 , 2010 EPHC board of directors has approved an increase in the quarterly dividend from $ 0.03 to $ 0.05 per share .",1,"['a', 'january', 'ephc', 'board', 'of', 'directors', 'has', 'approved', 'an', 'increase', 'in', 'the', 'quarterly', 'dividend', 'from', 'to', 'per', 'share']"
461,"Finnish Cargotec 's Kalmar , the business area providing container handling solutions , has been awarded an order for a further ten E-One rubber-tyred gantry RTG cranes from Saigon Newport Company SNP , in Vietnam .",1,"['finnish', 'cargotec', 's', 'kalmar', 'the', 'business', 'area', 'providing', 'container', 'handling', 'solutions', 'has', 'been', 'awarded', 'an', 'order', 'for', 'a', 'further', 'ten', 'e', 'one', 'rubber', 'tyred', 'gantry', 'rtg', 'cranes', 'from', 'saigon', 'newport', 'company', 'snp', 'in', 'vietnam']"
462,"Bilfinger investors cheered the agreement , pushing shares up 7 % , or & euro ; 3.30 , to & euro ; 50.29 , in afternoon trade .",1,"['bilfinger', 'investors', 'cheered', 'the', 'agreement', 'pushing', 'shares', 'up', 'or', 'euro', 'to', 'euro', 'in', 'afternoon', 'trade']"
463,"Kesko pursues a strategy of healthy , focused growth concentrating on sales and services to consumer-customers .",1,"['kesko', 'pursues', 'a', 'strategy', 'of', 'healthy', 'focused', 'growth', 'concentrating', 'on', 'sales', 'and', 'services', 'to', 'consumer', 'customers']"
464,"LONDON AFX - Shares in Rautaruukki Corp have been upgraded to ` hold ' from ` sell ' by ABN Amro , with the price target raised to 25.75 eur from 14.5 , said dealers .",1,"['london', 'afx', 'shares', 'in', 'rautaruukki', 'corp', 'have', 'been', 'upgraded', 'to', 'hold', 'from', 'sell', 'by', 'abn', 'amro', 'with', 'the', 'price', 'target', 'raised', 'to', 'eur', 'from', 'said', 'dealers']"
465,LONDON MarketWatch -- Nokia nok said it 's won a five-year services contract to run Hutchison Essar 's network operations in nine locations in India .,1,"['london', 'marketwatch', 'nokia', 'nok', 'said', 'it', 's', 'won', 'a', 'five', 'year', 'services', 'contract', 'to', 'run', 'hutchison', 'essar', 's', 'network', 'operations', 'in', 'nine', 'locations', 'in', 'india']"
466,"Progress Group , QPR 's representative in Saudi Arabia and North Africa , has signed a framework agreement for a long term strategic relationship with ISE .",1,"['progress', 'group', 'qpr', 's', 'representative', 'in', 'saudi', 'arabia', 'and', 'north', 'africa', 'has', 'signed', 'a', 'framework', 'agreement', 'for', 'a', 'long', 'term', 'strategic', 'relationship', 'with', 'ise']"
467,"Ragutis , controlled by the Finnish brewery Olvi , achieved a 5.7 percent rise in beer sales to 22.6 million liters and held a 10.75 percent market share .",1,"['ragutis', 'controlled', 'by', 'the', 'finnish', 'brewery', 'olvi', 'achieved', 'a', 'percent', 'rise', 'in', 'beer', 'sales', 'to', 'million', 'liters', 'and', 'held', 'a', 'percent', 'market', 'share']"
468,"The 250 sq m 2,691 sq ft store in Copenhagen 's premier shopping district was inaugurated today , further strengthening the company 's presence in Nordic capitals .",1,"['the', 'sq', 'm', 'sq', 'ft', 'store', 'in', 'copenhagen', 's', 'premier', 'shopping', 'district', 'was', 'inaugurated', 'today', 'further', 'strengthening', 'the', 'company', 's', 'presence', 'in', 'nordic', 'capitals']"
469,"The metal has gained 41 percent this year as demand from China , the world 's largest user , increased .",1,"['the', 'metal', 'has', 'gained', 'percent', 'this', 'year', 'as', 'demand', 'from', 'china', 'the', 'world', 's', 'largest', 'user', 'increased']"
470,"In addition , Cramo and Peab have signed exclusive five-year rental agreements in Finland and have extended their existing rental agreements in the Swedish market for another five years .",1,"['in', 'addition', 'cramo', 'and', 'peab', 'have', 'signed', 'exclusive', 'five', 'year', 'rental', 'agreements', 'in', 'finland', 'and', 'have', 'extended', 'their', 'existing', 'rental', 'agreements', 'in', 'the', 'swedish', 'market', 'for', 'another', 'five', 'years']"
471,"OUTOTEC OYJ PRESS RELEASE DECEMBER 4 , 2009 10.30 AM Outotec establishes a new subsidiary in Kolkata Outotec has established a subsidiary in India in order to better serve its Indian customers and to increase its business in the growing Indian market .",1,"['outotec', 'oyj', 'press', 'release', 'december', 'am', 'outotec', 'establishes', 'a', 'new', 'subsidiary', 'in', 'kolkata', 'outotec', 'has', 'established', 'a', 'subsidiary', 'in', 'india', 'in', 'order', 'to', 'better', 'serve', 'its', 'indian', 'customers', 'and', 'to', 'increase', 'its', 'business', 'in', 'the', 'growing', 'indian', 'market']"
472,It is also 7.7 pct above the 12-month volume weighted average price of the stock .,1,"['it', 'is', 'also', 'pct', 'above', 'the', 'month', 'volume', 'weighted', 'average', 'price', 'of', 'the', 'stock']"
473,"Mobile phone shipments jumped 26 percent to almost 112 million units , while Finnish company 's global market share rose to 39 percent from 36 percent .",1,"['mobile', 'phone', 'shipments', 'jumped', 'percent', 'to', 'almost', 'million', 'units', 'while', 'finnish', 'company', 's', 'global', 'market', 'share', 'rose', 'to', 'percent', 'from', 'percent']"
474,"Selects Third Party Logistics Leader Transplace for Best-in-Class Technology , Procurement Capabilities ; Leading Specialty Packaging Manufacturer Employs Complete 3PL Solution for Supply Chain Visibility and Transportation Efficiency to Increase Service Levels and On-Time Deliveries",1,"['selects', 'third', 'party', 'logistics', 'leader', 'transplace', 'for', 'best', 'in', 'class', 'technology', 'procurement', 'capabilities', 'leading', 'specialty', 'packaging', 'manufacturer', 'employs', 'complete', 'pl', 'solution', 'for', 'supply', 'chain', 'visibility', 'and', 'transportation', 'efficiency', 'to', 'increase', 'service', 'levels', 'and', 'on', 'time', 'deliveries']"
475,4G allows customers to use mobile broadband services with speeds up to ten times higher than with today 's 3G .,1,"['g', 'allows', 'customers', 'to', 'use', 'mobile', 'broadband', 'services', 'with', 'speeds', 'up', 'to', 'ten', 'times', 'higher', 'than', 'with', 'today', 's', 'g']"
476,"Based on strong customer interest and feedback , using RPM mobile phone manufacturers , operators , enterprises and developer forums can significantly increase their product and service quality , user-experience and cost-efficiency '' , Tulonen continues .",1,"['based', 'on', 'strong', 'customer', 'interest', 'and', 'feedback', 'using', 'rpm', 'mobile', 'phone', 'manufacturers', 'operators', 'enterprises', 'and', 'developer', 'forums', 'can', 'significantly', 'increase', 'their', 'product', 'and', 'service', 'quality', 'user', 'experience', 'and', 'cost', 'efficiency', 'tulonen', 'continues']"
477,`` Ixonos has a rich heritage in developing leadership experiences in the smartphone segment .,1,"['ixonos', 'has', 'a', 'rich', 'heritage', 'in', 'developing', 'leadership', 'experiences', 'in', 'the', 'smartphone', 'segment']"
478,`` The acquisition of Elektros Pavara completes KONE 's market expansion strategy in the Baltic Countries .,1,"['the', 'acquisition', 'of', 'elektros', 'pavara', 'completes', 'kone', 's', 'market', 'expansion', 'strategy', 'in', 'the', 'baltic', 'countries']"
479,18 January 2010 - Finnish IT consultancy Trainers ' House Oyj HEL : TRH1V said last Friday it resolved to issue a EUR5m hybrid bond to domestic investors in a bid to strengthen its capital structure .,1,"['january', 'finnish', 'it', 'consultancy', 'trainers', 'house', 'oyj', 'hel', 'trh', 'v', 'said', 'last', 'friday', 'it', 'resolved', 'to', 'issue', 'a', 'eur', 'm', 'hybrid', 'bond', 'to', 'domestic', 'investors', 'in', 'a', 'bid', 'to', 'strengthen', 'its', 'capital', 'structure']"
480,"Repair and maintenance business accounted for net sales of EUR 645.3 mn , up from EUR 563.6 mn .",1,"['repair', 'and', 'maintenance', 'business', 'accounted', 'for', 'net', 'sales', 'of', 'eur', 'mn', 'up', 'from', 'eur', 'mn']"
481,"The money will be spent `` on strengthening the company 's competitiveness in the sphere of sawmill products and increasing the volume of wood delivered for processing in Russia , '' the release says .",1,"['the', 'money', 'will', 'be', 'spent', 'on', 'strengthening', 'the', 'company', 's', 'competitiveness', 'in', 'the', 'sphere', 'of', 'sawmill', 'products', 'and', 'increasing', 'the', 'volume', 'of', 'wood', 'delivered', 'for', 'processing', 'in', 'russia', 'the', 'release', 'says']"
482,The new technology improves the glass quality and consistency while increasing throughput .,1,"['the', 'new', 'technology', 'improves', 'the', 'glass', 'quality', 'and', 'consistency', 'while', 'increasing', 'throughput']"
483,"The Vaisala Group is a successful international technology company that develops , manufactures and markets electronic measurement systems and products .",1,"['the', 'vaisala', 'group', 'is', 'a', 'successful', 'international', 'technology', 'company', 'that', 'develops', 'manufactures', 'and', 'markets', 'electronic', 'measurement', 'systems', 'and', 'products']"
484,We look forward to helping the company develop its operational services and further digitalize its services for its customers . '',1,"['we', 'look', 'forward', 'to', 'helping', 'the', 'company', 'develop', 'its', 'operational', 'services', 'and', 'further', 'digitalize', 'its', 'services', 'for', 'its', 'customers']"
485,"`` The number of collection errors fell considerably , and operations speeded up .",1,"['the', 'number', 'of', 'collection', 'errors', 'fell', 'considerably', 'and', 'operations', 'speeded', 'up']"
486,"By combining its existing solutions into a single platform , Comptel said that it has reduced the cost of deployment .",1,"['by', 'combining', 'its', 'existing', 'solutions', 'into', 'a', 'single', 'platform', 'comptel', 'said', 'that', 'it', 'has', 'reduced', 'the', 'cost', 'of', 'deployment']"
487,"In the second quarter of 2010 , the group 's pretax loss narrowed to EUR 400,000 from EUR 600,000 .",1,"['in', 'the', 'second', 'quarter', 'of', 'the', 'group', 's', 'pretax', 'loss', 'narrowed', 'to', 'eur', 'from', 'eur']"
488,"26 January 2011 - Finnish metal products company Componenta Oyj ( HEL : CTH1V ) said yesterday its net loss narrowed to EUR500 ,000 in the last quarter of 2010 from EUR5 .3 m for the same period a year earlier .",1,"['january', 'finnish', 'metal', 'products', 'company', 'componenta', 'oyj', 'hel', 'cth', 'v', 'said', 'yesterday', 'its', 'net', 'loss', 'narrowed', 'to', 'eur', 'in', 'the', 'last', 'quarter', 'of', 'from', 'eur', 'm', 'for', 'the', 'same', 'period', 'a', 'year', 'earlier']"
489,8 May 2009 - Finnish liquid handling products and diagnostic test systems maker Biohit Oyj ( HEL : BIOBV ) said today ( 8 May 2009 ) its net loss narrowed to EUR0 .1 m ( USD0 .14 m ) for the first quarter of 2009 from EUR0 .4 m for the same period of 2008 .,1,"['may', 'finnish', 'liquid', 'handling', 'products', 'and', 'diagnostic', 'test', 'systems', 'maker', 'biohit', 'oyj', 'hel', 'biobv', 'said', 'today', 'may', 'its', 'net', 'loss', 'narrowed', 'to', 'eur', 'm', 'usd', 'm', 'for', 'the', 'first', 'quarter', 'of', 'from', 'eur', 'm', 'for', 'the', 'same', 'period', 'of']"
490,Finnish fibers and plastic products maker Suominen Corporation said its net loss from continuing operations narrowed to 1.8 mln euro ( $ 2.3 mln ) in 2006 from 3.7 mln euro ( $ 4.8 mln ) in 2005 .,1,"['finnish', 'fibers', 'and', 'plastic', 'products', 'maker', 'suominen', 'corporation', 'said', 'its', 'net', 'loss', 'from', 'continuing', 'operations', 'narrowed', 'to', 'mln', 'euro', 'mln', 'in', 'from', 'mln', 'euro', 'mln', 'in']"
491,"Finnish metal products company Componenta Oyj ( HEL : CTH1V ) said today its net loss narrowed to EUR 500,000 ( USD 680,000 ) in the last quarter of 2010 from EUR 5.3 million for the same period a year earlier .",1,"['finnish', 'metal', 'products', 'company', 'componenta', 'oyj', 'hel', 'cth', 'v', 'said', 'today', 'its', 'net', 'loss', 'narrowed', 'to', 'eur', 'usd', 'in', 'the', 'last', 'quarter', 'of', 'from', 'eur', 'million', 'for', 'the', 'same', 'period', 'a', 'year', 'earlier']"
492,Finnish sports equipment maker Amer Sports Oyj ( HEL : AMEAS ) said today that its net loss narrowed to EUR 16.9 million ( USD 22.3 m ) in the second quarter of 2010 from EUR 23.2 million in the corresponding period a year earlier .,1,"['finnish', 'sports', 'equipment', 'maker', 'amer', 'sports', 'oyj', 'hel', 'ameas', 'said', 'today', 'that', 'its', 'net', 'loss', 'narrowed', 'to', 'eur', 'million', 'usd', 'm', 'in', 'the', 'second', 'quarter', 'of', 'from', 'eur', 'million', 'in', 'the', 'corresponding', 'period', 'a', 'year', 'earlier']"
493,"Finnish steel maker Rautaruukki Oyj ( HEL : RTRKS ) , or Ruukki , said today its net loss contracted to EUR 49 million ( USD 68.2 m ) for the first nine months of 2010 from EUR 229 million for the same period a year ago .",1,"['finnish', 'steel', 'maker', 'rautaruukki', 'oyj', 'hel', 'rtrks', 'or', 'ruukki', 'said', 'today', 'its', 'net', 'loss', 'contracted', 'to', 'eur', 'million', 'usd', 'm', 'for', 'the', 'first', 'nine', 'months', 'of', 'from', 'eur', 'million', 'for', 'the', 'same', 'period', 'a', 'year', 'ago']"
494,"For the first nine months of 2010 , Talvivaara 's net loss narrowed to EUR 8.3 million from EUR 21.9 million for the same period of 2009 .",1,"['for', 'the', 'first', 'nine', 'months', 'of', 'talvivaara', 's', 'net', 'loss', 'narrowed', 'to', 'eur', 'million', 'from', 'eur', 'million', 'for', 'the', 'same', 'period', 'of']"
495,"In the first nine months of 2010 , the company 's net loss narrowed to EUR 415,000 from EUR 7.4 million for the corresponding period of 2009 .",1,"['in', 'the', 'first', 'nine', 'months', 'of', 'the', 'company', 's', 'net', 'loss', 'narrowed', 'to', 'eur', 'from', 'eur', 'million', 'for', 'the', 'corresponding', 'period', 'of']"
496,"In the first nine months of 2010 , the company 's net loss narrowed to EUR415 ,000 from EUR7 .4 m for the corresponding period of 2009 .",1,"['in', 'the', 'first', 'nine', 'months', 'of', 'the', 'company', 's', 'net', 'loss', 'narrowed', 'to', 'eur', 'from', 'eur', 'm', 'for', 'the', 'corresponding', 'period', 'of']"
497,"( ADP News ) - Feb 9 , 2009 - Finnish computer services company Proha Oyj ( HEL : ART1V ) said today its net loss narrowed to EUR 113,000 ( USD 146,000 ) for 2008 from EUR 1.2 million for 2007 .",1,"['adp', 'news', 'feb', 'finnish', 'computer', 'services', 'company', 'proha', 'oyj', 'hel', 'art', 'v', 'said', 'today', 'its', 'net', 'loss', 'narrowed', 'to', 'eur', 'usd', 'for', 'from', 'eur', 'million', 'for']"
498,The new factory working model and reorganisations would decrease Nokian Tyres ' costs in the factory by EUR 30 million ( USD 38.7 m ) .,1,"['the', 'new', 'factory', 'working', 'model', 'and', 'reorganisations', 'would', 'decrease', 'nokian', 'tyres', 'costs', 'in', 'the', 'factory', 'by', 'eur', 'million', 'usd', 'm']"
499,20 October 2010 - Finnish metal products company Componenta Oyj HEL : CTH1V said yesterday that its net loss narrowed to EUR7m for the first nine months of 2010 from EUR23 .3 m for the same period of 2009 .,1,"['october', 'finnish', 'metal', 'products', 'company', 'componenta', 'oyj', 'hel', 'cth', 'v', 'said', 'yesterday', 'that', 'its', 'net', 'loss', 'narrowed', 'to', 'eur', 'm', 'for', 'the', 'first', 'nine', 'months', 'of', 'from', 'eur', 'm', 'for', 'the', 'same', 'period', 'of']"
500,Finnish fibers and plastic products maker Suominen Corporation said its net loss narrowed to 1.6 mln euro $ 2.0 mln in the first nine months of 2006 from 2.16 mln euro $ 2.7 mln in the same period of 2005 .,1,"['finnish', 'fibers', 'and', 'plastic', 'products', 'maker', 'suominen', 'corporation', 'said', 'its', 'net', 'loss', 'narrowed', 'to', 'mln', 'euro', 'mln', 'in', 'the', 'first', 'nine', 'months', 'of', 'from', 'mln', 'euro', 'mln', 'in', 'the', 'same', 'period', 'of']"
501,"In contrast , the company 's net loss for the third quarter of 2009 contracted to EUR 76 million from EUR 256 million for the corresponding period a year ago .",1,"['in', 'contrast', 'the', 'company', 's', 'net', 'loss', 'for', 'the', 'third', 'quarter', 'of', 'contracted', 'to', 'eur', 'million', 'from', 'eur', 'million', 'for', 'the', 'corresponding', 'period', 'a', 'year', 'ago']"
502,"In the second quarter of 2010 , Raute 's net loss narrowed to EUR 123,000 from EUR 1.5 million in the same period of 2009 .",1,"['in', 'the', 'second', 'quarter', 'of', 'raute', 's', 'net', 'loss', 'narrowed', 'to', 'eur', 'from', 'eur', 'million', 'in', 'the', 'same', 'period', 'of']"
503,"ADP News - Nov 13 , 2008 - Finnish printed circuit board PCB maker Aspocomp Group Oyj OMX : ACG1V said today that its net loss narrowed to EUR 2 million USD 2.5 m in the first nine months of 2008 from EUR 57",1,"['adp', 'news', 'nov', 'finnish', 'printed', 'circuit', 'board', 'pcb', 'maker', 'aspocomp', 'group', 'oyj', 'omx', 'acg', 'v', 'said', 'today', 'that', 'its', 'net', 'loss', 'narrowed', 'to', 'eur', 'million', 'usd', 'm', 'in', 'the', 'first', 'nine', 'months', 'of', 'from', 'eur']"
504,"Metsaliitto , however , narrowed its net loss for the second quarter of 2007 to 5.0 mln euro $ 6.9 mln from 61 mln euro $ 83.7 mln a year ago .",1,"['metsaliitto', 'however', 'narrowed', 'its', 'net', 'loss', 'for', 'the', 'second', 'quarter', 'of', 'to', 'mln', 'euro', 'mln', 'from', 'mln', 'euro', 'mln', 'a', 'year', 'ago']"
505,"narrows to EUR2 .8 m 9-mo '09 29 October 2009 - Finnish software and hardware developer Elektrobit Oyj HEL : EBG1V , or EB , said today that its net loss narrowed to EUR2 .8 m for the first nine months of 2009 from EUR35 .6 m for the same period a year ago .",1,"['narrows', 'to', 'eur', 'm', 'mo', 'october', 'finnish', 'software', 'and', 'hardware', 'developer', 'elektrobit', 'oyj', 'hel', 'ebg', 'v', 'or', 'eb', 'said', 'today', 'that', 'its', 'net', 'loss', 'narrowed', 'to', 'eur', 'm', 'for', 'the', 'first', 'nine', 'months', 'of', 'from', 'eur', 'm', 'for', 'the', 'same', 'period', 'a', 'year', 'ago']"
506,The diluted loss per share narrowed to EUR 0.27 from EUR 0.86 .,1,"['the', 'diluted', 'loss', 'per', 'share', 'narrowed', 'to', 'eur', 'from', 'eur']"
507,Unit costs for flight operations fell by 6.4 percent .,1,"['unit', 'costs', 'for', 'flight', 'operations', 'fell', 'by', 'percent']"
508,The loss for the third quarter of 2007 was EUR 0.3 mn smaller than the loss of the second quarter of 2007 .,1,"['the', 'loss', 'for', 'the', 'third', 'quarter', 'of', 'was', 'eur', 'mn', 'smaller', 'than', 'the', 'loss', 'of', 'the', 'second', 'quarter', 'of']"
509,Airvana 's UMTS Home Base Station femto cell uses software-based functionality and off-the-shelf silicon to accelerate feature development and reduce product cost .,1,"['airvana', 's', 'umts', 'home', 'base', 'station', 'femto', 'cell', 'uses', 'software', 'based', 'functionality', 'and', 'off', 'the', 'shelf', 'silicon', 'to', 'accelerate', 'feature', 'development', 'and', 'reduce', 'product', 'cost']"
510,"According to Sepp+ñnen , the new technology UMTS900 solution network building costs are by one-third lower than that of the building of 3.5 G networks , operating at 2,100 MHz frequency .",1,"['according', 'to', 'sepp', 'nen', 'the', 'new', 'technology', 'umts', 'solution', 'network', 'building', 'costs', 'are', 'by', 'one', 'third', 'lower', 'than', 'that', 'of', 'the', 'building', 'of', 'g', 'networks', 'operating', 'at', 'mhz', 'frequency']"
511,The costs of the new ropax vessels are 30 % lower than those of the present ones .,1,"['the', 'costs', 'of', 'the', 'new', 'ropax', 'vessels', 'are', 'lower', 'than', 'those', 'of', 'the', 'present', 'ones']"
512,The program 's target is structural cost reductions of about EUR 30mn in 2009 .,1,"['the', 'program', 's', 'target', 'is', 'structural', 'cost', 'reductions', 'of', 'about', 'eur', 'mn', 'in']"
513,UPM-Kymmene is working closely with its shipping agents to reduce fuel consumption and greenhouse gas emissions .,1,"['upm', 'kymmene', 'is', 'working', 'closely', 'with', 'its', 'shipping', 'agents', 'to', 'reduce', 'fuel', 'consumption', 'and', 'greenhouse', 'gas', 'emissions']"
514,"2009 3 February 2010 - Finland-based steel maker Rautaruukki Oyj ( HEL : RTRKS ) , or Ruukki , said today it slipped to a larger-than-expected pretax loss of EUR46m in the fourth quarter of 2009 from a year-earlier profit of EUR45m .",0,"['february', 'finland', 'based', 'steel', 'maker', 'rautaruukki', 'oyj', 'hel', 'rtrks', 'or', 'ruukki', 'said', 'today', 'it', 'slipped', 'to', 'a', 'larger', 'than', 'expected', 'pretax', 'loss', 'of', 'eur', 'm', 'in', 'the', 'fourth', 'quarter', 'of', 'from', 'a', 'year', 'earlier', 'profit', 'of', 'eur', 'm']"
515,"( ADPnews ) - Feb 3 , 2010 - Finland-based steel maker Rautaruukki Oyj ( HEL : RTRKS ) , or Ruukki , said today it slipped to a larger-than-expected pretax loss of EUR 46 million ( USD 64.5 m ) in the fourth quarter of 2009 from a",0,"['adpnews', 'feb', 'finland', 'based', 'steel', 'maker', 'rautaruukki', 'oyj', 'hel', 'rtrks', 'or', 'ruukki', 'said', 'today', 'it', 'slipped', 'to', 'a', 'larger', 'than', 'expected', 'pretax', 'loss', 'of', 'eur', 'million', 'usd', 'm', 'in', 'the', 'fourth', 'quarter', 'of', 'from', 'a']"
516,"Result before taxes decreased to nearly EUR 14.5 mn , compared to nearly EUR 20mn in the previous accounting period .",0,"['result', 'before', 'taxes', 'decreased', 'to', 'nearly', 'eur', 'mn', 'compared', 'to', 'nearly', 'eur', 'mn', 'in', 'the', 'previous', 'accounting', 'period']"
517,The company slipped to an operating loss of EUR 2.6 million from a profit of EUR 1.3 million .,0,"['the', 'company', 'slipped', 'to', 'an', 'operating', 'loss', 'of', 'eur', 'million', 'from', 'a', 'profit', 'of', 'eur', 'million']"
518,23 April 2010 - Finnish construction and engineering company Outotec Oyj HEL : OTE1V said today it slipped to a net loss of EUR7 .3 m in the first quarter of 2010 from a net profit of EUR12 .5 m in the corresponding period last year .,0,"['april', 'finnish', 'construction', 'and', 'engineering', 'company', 'outotec', 'oyj', 'hel', 'ote', 'v', 'said', 'today', 'it', 'slipped', 'to', 'a', 'net', 'loss', 'of', 'eur', 'm', 'in', 'the', 'first', 'quarter', 'of', 'from', 'a', 'net', 'profit', 'of', 'eur', 'm', 'in', 'the', 'corresponding', 'period', 'last', 'year']"
519,Cramo slipped to a pretax loss of EUR 6.7 million from a pretax profit of EUR 58.9 million .,0,"['cramo', 'slipped', 'to', 'a', 'pretax', 'loss', 'of', 'eur', 'million', 'from', 'a', 'pretax', 'profit', 'of', 'eur', 'million']"
520,"Finnish IT solutions provider Affecto Oyj HEL : AFE1V said today its slipped to a net loss of EUR 115,000 USD 152,000 in the second quarter of 2010 from a profit of EUR 845,000 in the corresponding period a year earlier .",0,"['finnish', 'it', 'solutions', 'provider', 'affecto', 'oyj', 'hel', 'afe', 'v', 'said', 'today', 'its', 'slipped', 'to', 'a', 'net', 'loss', 'of', 'eur', 'usd', 'in', 'the', 'second', 'quarter', 'of', 'from', 'a', 'profit', 'of', 'eur', 'in', 'the', 'corresponding', 'period', 'a', 'year', 'earlier']"
521,"In 2009 , Comptel slipped to a net loss of EUR2 .1 m from a profit of EUR6 .6 m in the previous year .",0,"['in', 'comptel', 'slipped', 'to', 'a', 'net', 'loss', 'of', 'eur', 'm', 'from', 'a', 'profit', 'of', 'eur', 'm', 'in', 'the', 'previous', 'year']"
522,"In Q2 of 2009 , profit before taxes amounted to EUR 13.6 mn , down from EUR 26.8 mn in Q2 of 2008 .",0,"['in', 'q', 'of', 'profit', 'before', 'taxes', 'amounted', 'to', 'eur', 'mn', 'down', 'from', 'eur', 'mn', 'in', 'q', 'of']"
523,"ADPnews - Feb 5 , 2010 - Finnish real estate investor Sponda Oyj HEL : SDA1V said today that it slipped to a net loss of EUR 81.5 million USD 11.8 m in 2009 from a profit of EUR 29.3 million in 2008 .",0,"['adpnews', 'feb', 'finnish', 'real', 'estate', 'investor', 'sponda', 'oyj', 'hel', 'sda', 'v', 'said', 'today', 'that', 'it', 'slipped', 'to', 'a', 'net', 'loss', 'of', 'eur', 'million', 'usd', 'm', 'in', 'from', 'a', 'profit', 'of', 'eur', 'million', 'in']"
524,"ADPnews - Jul 17 , 2009 - Finland-based steel maker Rautaruukki Oyj Ruukki HEL : RTRKS said today it slipped to a net loss of EUR 184 million USD 259.7 m for the first half of 2009 from a net profit of EUR 2",0,"['adpnews', 'jul', 'finland', 'based', 'steel', 'maker', 'rautaruukki', 'oyj', 'ruukki', 'hel', 'rtrks', 'said', 'today', 'it', 'slipped', 'to', 'a', 'net', 'loss', 'of', 'eur', 'million', 'usd', 'm', 'for', 'the', 'first', 'half', 'of', 'from', 'a', 'net', 'profit', 'of', 'eur']"
525,"Profit before taxes amounted to EUR 56.5 mn , down from EUR 232.9 mn a year ago .",0,"['profit', 'before', 'taxes', 'amounted', 'to', 'eur', 'mn', 'down', 'from', 'eur', 'mn', 'a', 'year', 'ago']"
526,"Profit before taxes decreased by 9 % to EUR 187.8 mn in the first nine months of 2008 , compared to EUR 207.1 mn a year earlier .",0,"['profit', 'before', 'taxes', 'decreased', 'by', 'to', 'eur', 'mn', 'in', 'the', 'first', 'nine', 'months', 'of', 'compared', 'to', 'eur', 'mn', 'a', 'year', 'earlier']"
527,Profit before taxes decreased to EUR 31.6 mn from EUR 50.0 mn the year before .,0,"['profit', 'before', 'taxes', 'decreased', 'to', 'eur', 'mn', 'from', 'eur', 'mn', 'the', 'year', 'before']"
528,"Profit before taxes was EUR 4.0 mn , down from EUR 4.9 mn .",0,"['profit', 'before', 'taxes', 'was', 'eur', 'mn', 'down', 'from', 'eur', 'mn']"
529,"The company 's profit before taxes fell to EUR 21.1 mn in the third quarter of 2008 , compared to EUR 35.8 mn in the corresponding period in 2007 .",0,"['the', 'company', 's', 'profit', 'before', 'taxes', 'fell', 'to', 'eur', 'mn', 'in', 'the', 'third', 'quarter', 'of', 'compared', 'to', 'eur', 'mn', 'in', 'the', 'corresponding', 'period', 'in']"
530,"In August-October 2010 , the company 's result before taxes totalled EUR 9.6 mn , up from EUR 0.5 mn in the corresponding period in 2009 .",1,"['in', 'august', 'october', 'the', 'company', 's', 'result', 'before', 'taxes', 'totalled', 'eur', 'mn', 'up', 'from', 'eur', 'mn', 'in', 'the', 'corresponding', 'period', 'in']"
531,Finnish Bore that is owned by the Rettig family has grown recently through the acquisition of smaller shipping companies .,1,"['finnish', 'bore', 'that', 'is', 'owned', 'by', 'the', 'rettig', 'family', 'has', 'grown', 'recently', 'through', 'the', 'acquisition', 'of', 'smaller', 'shipping', 'companies']"
532,The plan is estimated to generate some EUR 5 million ( USD 6.5 m ) in cost savings on an annual basis .,1,"['the', 'plan', 'is', 'estimated', 'to', 'generate', 'some', 'eur', 'million', 'usd', 'm', 'in', 'cost', 'savings', 'on', 'an', 'annual', 'basis']"
533,"Finnish pharmaceuticals company Orion reports profit before taxes of EUR 70.0 mn in the third quarter of 2010 , up from EUR 54.9 mn in the corresponding period in 2009 .",1,"['finnish', 'pharmaceuticals', 'company', 'orion', 'reports', 'profit', 'before', 'taxes', 'of', 'eur', 'mn', 'in', 'the', 'third', 'quarter', 'of', 'up', 'from', 'eur', 'mn', 'in', 'the', 'corresponding', 'period', 'in']"
534,"Finnish Sampo Bank , of Danish Danske Bank group , reports profit before taxes of EUR 152.3 mn in 2010 , up from EUR 32.7 mn in 2009 .",1,"['finnish', 'sampo', 'bank', 'of', 'danish', 'danske', 'bank', 'group', 'reports', 'profit', 'before', 'taxes', 'of', 'eur', 'mn', 'in', 'up', 'from', 'eur', 'mn', 'in']"
535,"Profit after taxes for the period was up to EUR0 .9 m , from EUR0 .01 m last year .",1,"['profit', 'after', 'taxes', 'for', 'the', 'period', 'was', 'up', 'to', 'eur', 'm', 'from', 'eur', 'm', 'last', 'year']"
536,"Profit before taxes was EUR 5.4 mn , up from EUR 3.6 mn a year earlier .",1,"['profit', 'before', 'taxes', 'was', 'eur', 'mn', 'up', 'from', 'eur', 'mn', 'a', 'year', 'earlier']"
537,Also construction expenses have gone up in Russia .,0,"['also', 'construction', 'expenses', 'have', 'gone', 'up', 'in', 'russia']"
538,11 August 2010 - Finnish measuring equipment maker Vaisala Oyj HEL : VAIAS said today that its net loss widened to EUR4 .8 m in the first half of 2010 from EUR2 .3 m in the corresponding period a year earlier .,0,"['august', 'finnish', 'measuring', 'equipment', 'maker', 'vaisala', 'oyj', 'hel', 'vaias', 'said', 'today', 'that', 'its', 'net', 'loss', 'widened', 'to', 'eur', 'm', 'in', 'the', 'first', 'half', 'of', 'from', 'eur', 'm', 'in', 'the', 'corresponding', 'period', 'a', 'year', 'earlier']"
539,"Finnish power supply solutions and systems provider Efore Oyj said its net loss widened to 3.2 mln euro $ 4.2 mln for the first quarter of fiscal 2006-2007 ending October 31 , 2007 from 900,000 euro $ 1.2 mln for the same period of fiscal 2005-06 .",0,"['finnish', 'power', 'supply', 'solutions', 'and', 'systems', 'provider', 'efore', 'oyj', 'said', 'its', 'net', 'loss', 'widened', 'to', 'mln', 'euro', 'mln', 'for', 'the', 'first', 'quarter', 'of', 'fiscal', 'ending', 'october', 'from', 'euro', 'mln', 'for', 'the', 'same', 'period', 'of', 'fiscal']"
540,"ADP News - Apr 22 , 2009 - Finnish business information systems developer Solteq Oyj HEL : STQ1V said today its net loss widened to EUR 189,000 USD 245,000 for the first quarter of 2009 from EUR 10,000 for the same peri",0,"['adp', 'news', 'apr', 'finnish', 'business', 'information', 'systems', 'developer', 'solteq', 'oyj', 'hel', 'stq', 'v', 'said', 'today', 'its', 'net', 'loss', 'widened', 'to', 'eur', 'usd', 'for', 'the', 'first', 'quarter', 'of', 'from', 'eur', 'for', 'the', 'same', 'peri']"
541,Salonen added that data shows producers ' pulp inventories in North America are declining . ',0,"['salonen', 'added', 'that', 'data', 'shows', 'producers', 'pulp', 'inventories', 'in', 'north', 'america', 'are', 'declining']"
542,The Elcoteq group recently announced that the last three months of the previous year brought to it a major loss of more than half a billion kroons ( EUR 32 mln ) for the fifth quarter running .,0,"['the', 'elcoteq', 'group', 'recently', 'announced', 'that', 'the', 'last', 'three', 'months', 'of', 'the', 'previous', 'year', 'brought', 'to', 'it', 'a', 'major', 'loss', 'of', 'more', 'than', 'half', 'a', 'billion', 'kroons', 'eur', 'mln', 'for', 'the', 'fifth', 'quarter', 'running']"
543,"For the current year , Raute expects its net sales to increase and the operating result -- to be positive .",1,"['for', 'the', 'current', 'year', 'raute', 'expects', 'its', 'net', 'sales', 'to', 'increase', 'and', 'the', 'operating', 'result', 'to', 'be', 'positive']"
544,"Turnover surged to EUR61 .8 m from EUR47 .6 m due to increasing service demand , especially in the third quarter , and the overall growth of its business .",1,"['turnover', 'surged', 'to', 'eur', 'm', 'from', 'eur', 'm', 'due', 'to', 'increasing', 'service', 'demand', 'especially', 'in', 'the', 'third', 'quarter', 'and', 'the', 'overall', 'growth', 'of', 'its', 'business']"
545,"As a result , the company currently anticipates net sales to increase and the operating result to be positive .",1,"['as', 'a', 'result', 'the', 'company', 'currently', 'anticipates', 'net', 'sales', 'to', 'increase', 'and', 'the', 'operating', 'result', 'to', 'be', 'positive']"
546,"Asimilar agreement was signed between China Mobile Ltd. ( SEHK : 0941 and NYSE : CHL ) , the largest mobile carrier , and theGPS and social networking service provider , promoting GyPSii service before Beijing 2008 Olympic Games , according to thelatest news .",1,"['asimilar', 'agreement', 'was', 'signed', 'between', 'china', 'mobile', 'ltd', 'sehk', 'and', 'nyse', 'chl', 'the', 'largest', 'mobile', 'carrier', 'and', 'thegps', 'and', 'social', 'networking', 'service', 'provider', 'promoting', 'gypsii', 'service', 'before', 'beijing', 'olympic', 'games', 'according', 'to', 'thelatest', 'news']"
547,"`` UPM 's deliveries increased during the third quarter by 4 percent , and the efficiency of operations improved , '' Chief Executive Jussi Pesonen said .",1,"['upm', 's', 'deliveries', 'increased', 'during', 'the', 'third', 'quarter', 'by', 'percent', 'and', 'the', 'efficiency', 'of', 'operations', 'improved', 'chief', 'executive', 'jussi', 'pesonen', 'said']"
548,"Global sports equipment maker Amer Sports Corp. , whose brands include Atomic , Salomon and Wilson , saw a 64 percent increase in third-quarter net profit to EURO 47.4 million $ 65 million on strong sales and cost cuts .",1,"['global', 'sports', 'equipment', 'maker', 'amer', 'sports', 'corp', 'whose', 'brands', 'include', 'atomic', 'salomon', 'and', 'wilson', 'saw', 'a', 'percent', 'increase', 'in', 'third', 'quarter', 'net', 'profit', 'to', 'euro', 'million', 'million', 'on', 'strong', 'sales', 'and', 'cost', 'cuts']"
549,"Due to rapid expansion , the market share of Tallink in terms of passenger carriage through Tallinna Sadam Port of Tallinn totaled 55 percent in November against 45.7 percent in November 2005 .",1,"['due', 'to', 'rapid', 'expansion', 'the', 'market', 'share', 'of', 'tallink', 'in', 'terms', 'of', 'passenger', 'carriage', 'through', 'tallinna', 'sadam', 'port', 'of', 'tallinn', 'totaled', 'percent', 'in', 'november', 'against', 'percent', 'in', 'november']"
550,"Finnish industrial investor Panostaja Oyj OMX Helsinki : PNAAS OMX Helsinki : PNABS said on Friday 11 July that it has signed a deal to acquire the entire share capital of Kospa Oy , the manufacturer of waste disposal equipment .",1,"['finnish', 'industrial', 'investor', 'panostaja', 'oyj', 'omx', 'helsinki', 'pnaas', 'omx', 'helsinki', 'pnabs', 'said', 'on', 'friday', 'july', 'that', 'it', 'has', 'signed', 'a', 'deal', 'to', 'acquire', 'the', 'entire', 'share', 'capital', 'of', 'kospa', 'oy', 'the', 'manufacturer', 'of', 'waste', 'disposal', 'equipment']"
551,"Stora Enso R shares rose 1.20 pct to 11.84 eur , UPM-Kymmene was also dragged higher , rising 1.68 pct to 17.56 eur and M-Real B added 2.38 pct to 4.30 eur .",1,"['stora', 'enso', 'r', 'shares', 'rose', 'pct', 'to', 'eur', 'upm', 'kymmene', 'was', 'also', 'dragged', 'higher', 'rising', 'pct', 'to', 'eur', 'and', 'm', 'real', 'b', 'added', 'pct', 'to', 'eur']"
552,Cash Flow from Operations for the most recent quarter also reached a eight year low .,0,"['cash', 'flow', 'from', 'operations', 'for', 'the', 'most', 'recent', 'quarter', 'also', 'reached', 'a', 'eight', 'year', 'low']"
553,Both loans will be used to finance strategic investments such as shopping center redevelopment projects and refinancing of maturing debt .,1,"['both', 'loans', 'will', 'be', 'used', 'to', 'finance', 'strategic', 'investments', 'such', 'as', 'shopping', 'center', 'redevelopment', 'projects', 'and', 'refinancing', 'of', 'maturing', 'debt']"
554,"The stock price rose 70.0 ores or 0.9 % to close at SEK77 .65 , ending a two-day streak of losses .",1,"['the', 'stock', 'price', 'rose', 'ores', 'or', 'to', 'close', 'at', 'sek', 'ending', 'a', 'two', 'day', 'streak', 'of', 'losses']"
555,"Earnings per share ( EPS ) amounted to EUR0 .98 , up from the loss of EUR0 .02 .",1,"['earnings', 'per', 'share', 'eps', 'amounted', 'to', 'eur', 'up', 'from', 'the', 'loss', 'of', 'eur']"
556,"Earnings per share ( EPS ) were EUR0 .03 , up from the loss of EUR0 .083 .",1,"['earnings', 'per', 'share', 'eps', 'were', 'eur', 'up', 'from', 'the', 'loss', 'of', 'eur']"
557,"Operating profit totalled EUR 0.4 mn , up from an operating loss of EUR 0.8 mn year-on-year .",1,"['operating', 'profit', 'totalled', 'eur', 'mn', 'up', 'from', 'an', 'operating', 'loss', 'of', 'eur', 'mn', 'year', 'on', 'year']"
558,"Operating profit totalled EUR 7.0 mn , up from a loss of EUR 4.0 mn in the second quarter of 2009 .",1,"['operating', 'profit', 'totalled', 'eur', 'mn', 'up', 'from', 'a', 'loss', 'of', 'eur', 'mn', 'in', 'the', 'second', 'quarter', 'of']"
559,Operating result including non-recurring items rose to EUR 146mn from a loss of EUR 267mn in 2009 .,1,"['operating', 'result', 'including', 'non', 'recurring', 'items', 'rose', 'to', 'eur', 'mn', 'from', 'a', 'loss', 'of', 'eur', 'mn', 'in']"
560,"Tiimari , the Finnish retailer , reported to have geenrated quarterly revenues totalling EUR 1.3 mn in the 4th quarter 2009 , up from EUR 0.3 mn loss in 2008 .",1,"['tiimari', 'the', 'finnish', 'retailer', 'reported', 'to', 'have', 'geenrated', 'quarterly', 'revenues', 'totalling', 'eur', 'mn', 'in', 'the', 'th', 'quarter', 'up', 'from', 'eur', 'mn', 'loss', 'in']"
561,"Earnings per share EPS amounted to EUR0 .03 , up from the loss of EUR0 .08 .",1,"['earnings', 'per', 'share', 'eps', 'amounted', 'to', 'eur', 'up', 'from', 'the', 'loss', 'of', 'eur']"
562,"Operating profit totalled EUR 5.8 mn , up from a loss of EUR 1.7 mn in the fourth quarter of 2009 .",1,"['operating', 'profit', 'totalled', 'eur', 'mn', 'up', 'from', 'a', 'loss', 'of', 'eur', 'mn', 'in', 'the', 'fourth', 'quarter', 'of']"
563,"Operating profit was EUR 0.6 mn , up from a loss of EUR 19mn a year earlier .",1,"['operating', 'profit', 'was', 'eur', 'mn', 'up', 'from', 'a', 'loss', 'of', 'eur', 'mn', 'a', 'year', 'earlier']"
564,The investments and operational changes enable additional optimisation of the working hours and thereby further cost savings of some 7 % -9 % .,1,"['the', 'investments', 'and', 'operational', 'changes', 'enable', 'additional', 'optimisation', 'of', 'the', 'working', 'hours', 'and', 'thereby', 'further', 'cost', 'savings', 'of', 'some']"
565,"Okmetic 's products are based on high-tech expertise that generates added value for customers , innovative product development and an extremely efficient production process .",1,"['okmetic', 's', 'products', 'are', 'based', 'on', 'high', 'tech', 'expertise', 'that', 'generates', 'added', 'value', 'for', 'customers', 'innovative', 'product', 'development', 'and', 'an', 'extremely', 'efficient', 'production', 'process']"
566,"9 September 2010 - Finnish stationery and gift retailer Tiimari HEL : TII1V said today its net sales rose by 2 % year-on-year to EUR5 .7 m in August 2010 , driven by growth in Finland , while demand in the Baltics remained weak .",1,"['september', 'finnish', 'stationery', 'and', 'gift', 'retailer', 'tiimari', 'hel', 'tii', 'v', 'said', 'today', 'its', 'net', 'sales', 'rose', 'by', 'year', 'on', 'year', 'to', 'eur', 'm', 'in', 'august', 'driven', 'by', 'growth', 'in', 'finland', 'while', 'demand', 'in', 'the', 'baltics', 'remained', 'weak']"
567,"By 14:29 CET on Monday , shares in Bavarian Nordic had climbed 1.21 % to DKK250 on the stock exchange in Copenhagen after having lost 7.41 % in the past month .",1,"['by', 'cet', 'on', 'monday', 'shares', 'in', 'bavarian', 'nordic', 'had', 'climbed', 'to', 'dkk', 'on', 'the', 'stock', 'exchange', 'in', 'copenhagen', 'after', 'having', 'lost', 'in', 'the', 'past', 'month']"
568,"For example , net sales increased by 5.9 % from the first quarter , and EBITDA increased from a negative EUR 0.2 mn in the first quarter of 2009 .",1,"['for', 'example', 'net', 'sales', 'increased', 'by', 'from', 'the', 'first', 'quarter', 'and', 'ebitda', 'increased', 'from', 'a', 'negative', 'eur', 'mn', 'in', 'the', 'first', 'quarter', 'of']"
569,"Mobile phone sales rose 25 % to 5.87 billion euros , while enterprise solution sales dropped 39 % to 186 million euros .",1,"['mobile', 'phone', 'sales', 'rose', 'to', 'billion', 'euros', 'while', 'enterprise', 'solution', 'sales', 'dropped', 'to', 'million', 'euros']"
570,RISING costs have forced packaging producer Huhtamaki to axe 90 jobs at its Hampshire manufacturing plant .,0,"['rising', 'costs', 'have', 'forced', 'packaging', 'producer', 'huhtamaki', 'to', 'axe', 'jobs', 'at', 'its', 'hampshire', 'manufacturing', 'plant']"
571,"`` However , the rapidly increasing costs and the strengthening of the euro were challenging for the whole industry , and they impacted on our results . ''",0,"['however', 'the', 'rapidly', 'increasing', 'costs', 'and', 'the', 'strengthening', 'of', 'the', 'euro', 'were', 'challenging', 'for', 'the', 'whole', 'industry', 'and', 'they', 'impacted', 'on', 'our', 'results']"
572,"At this growth rate , paying off the national debt will be extremely painful .",0,"['at', 'this', 'growth', 'rate', 'paying', 'off', 'the', 'national', 'debt', 'will', 'be', 'extremely', 'painful']"
573,Operating loss increased to EUR 17mn from a loss of EUR 10.8 mn in 2005 .,0,"['operating', 'loss', 'increased', 'to', 'eur', 'mn', 'from', 'a', 'loss', 'of', 'eur', 'mn', 'in']"
574,"The payment of 2.779 million litas in interest on a long-term loan provided by Ragutis ' majority shareholder , Estonia 's A. Le Coq , also added to the losses .",0,"['the', 'payment', 'of', 'million', 'litas', 'in', 'interest', 'on', 'a', 'long', 'term', 'loan', 'provided', 'by', 'ragutis', 'majority', 'shareholder', 'estonia', 's', 'a', 'le', 'coq', 'also', 'added', 'to', 'the', 'losses']"
575,"At the moment , Valio is not worried , but if the ban continues for long , it may become quite a problem .",0,"['at', 'the', 'moment', 'valio', 'is', 'not', 'worried', 'but', 'if', 'the', 'ban', 'continues', 'for', 'long', 'it', 'may', 'become', 'quite', 'a', 'problem']"
576,Sponda will record a profit from the sale of 8.5 mln euro ($ 12.4 mln).,1,"['sponda', 'will', 'record', 'a', 'profit', 'from', 'the', 'sale', 'of', 'mln', 'euro', 'mln']"
577,"Cencorp estimates that its net sales in the last quarter will be as earlier stated , EUR4 .3 m to EUR5 .0 m , and operating profit (EBIT)is estimated to be positive .",1,"['cencorp', 'estimates', 'that', 'its', 'net', 'sales', 'in', 'the', 'last', 'quarter', 'will', 'be', 'as', 'earlier', 'stated', 'eur', 'm', 'to', 'eur', 'm', 'and', 'operating', 'profit', 'ebit', 'is', 'estimated', 'to', 'be', 'positive']"
578,`` Our customer has been satisfied with Basware Invoice Automation solution and extends the implementation to new geographies .,1,"['our', 'customer', 'has', 'been', 'satisfied', 'with', 'basware', 'invoice', 'automation', 'solution', 'and', 'extends', 'the', 'implementation', 'to', 'new', 'geographies']"
579,Repeats sees 2008 EBITA above 18 pct of sales .,1,"['repeats', 'sees', 'ebita', 'above', 'pct', 'of', 'sales']"
580,` By separating side businesses we will be able to faster expand and develop Tapro retail network .,1,"['by', 'separating', 'side', 'businesses', 'we', 'will', 'be', 'able', 'to', 'faster', 'expand', 'and', 'develop', 'tapro', 'retail', 'network']"
581,"` Our strategic cooperation with Rentakran brings us new customers and already-working relationships with the authorities of the new territories , ' said Jarmo Laasanen , a senior manager at Cramo .",1,"['our', 'strategic', 'cooperation', 'with', 'rentakran', 'brings', 'us', 'new', 'customers', 'and', 'already', 'working', 'relationships', 'with', 'the', 'authorities', 'of', 'the', 'new', 'territories', 'said', 'jarmo', 'laasanen', 'a', 'senior', 'manager', 'at', 'cramo']"
582,"`` After the share purchase is completed , financing will also be provided to expand Latvia 's broadband infrastructure and to develop new areas of business , including acquisitions of other companies . ''",1,"['after', 'the', 'share', 'purchase', 'is', 'completed', 'financing', 'will', 'also', 'be', 'provided', 'to', 'expand', 'latvia', 's', 'broadband', 'infrastructure', 'and', 'to', 'develop', 'new', 'areas', 'of', 'business', 'including', 'acquisitions', 'of', 'other', 'companies']"
583,"`` In terms of profitability and earnings 2007 was the best year in our history , '' Chief Executive Veli-Matti Mattila said .",1,"['in', 'terms', 'of', 'profitability', 'and', 'earnings', 'was', 'the', 'best', 'year', 'in', 'our', 'history', 'chief', 'executive', 'veli', 'matti', 'mattila', 'said']"
584,`` The Government has had a very professional approach in assessing the offer .,1,"['the', 'government', 'has', 'had', 'a', 'very', 'professional', 'approach', 'in', 'assessing', 'the', 'offer']"
585,"`` The margarine business has been put into good shape in the last two years , making it a natural addition to Bunge , which is looking to leverage its position in the Central and Northern European markets , '' Raisio CEO Matti Rihko said in a statement .",1,"['the', 'margarine', 'business', 'has', 'been', 'put', 'into', 'good', 'shape', 'in', 'the', 'last', 'two', 'years', 'making', 'it', 'a', 'natural', 'addition', 'to', 'bunge', 'which', 'is', 'looking', 'to', 'leverage', 'its', 'position', 'in', 'the', 'central', 'and', 'northern', 'european', 'markets', 'raisio', 'ceo', 'matti', 'rihko', 'said', 'in', 'a', 'statement']"
586,`` This is a win for all OEMs targeting to develop WiMAX products .,1,"['this', 'is', 'a', 'win', 'for', 'all', 'oems', 'targeting', 'to', 'develop', 'wimax', 'products']"
587,"A portion , $ 12.5 million , will be recorded as part of its winnings in a prior patent dispute with Finnish phone maker Nokia Oyj .",1,"['a', 'portion', 'million', 'will', 'be', 'recorded', 'as', 'part', 'of', 'its', 'winnings', 'in', 'a', 'prior', 'patent', 'dispute', 'with', 'finnish', 'phone', 'maker', 'nokia', 'oyj']"
588,"Finnish electronics manufacturing services company Elcoteq signing a cooperation agreement with a Japanese mobile phone manufacturer , bypasses Elcoteq Tallinn , says Jan Kotka , CEO of Elcoteq Tallinn .",1,"['finnish', 'electronics', 'manufacturing', 'services', 'company', 'elcoteq', 'signing', 'a', 'cooperation', 'agreement', 'with', 'a', 'japanese', 'mobile', 'phone', 'manufacturer', 'bypasses', 'elcoteq', 'tallinn', 'says', 'jan', 'kotka', 'ceo', 'of', 'elcoteq', 'tallinn']"
589,"According to A-Rehu 's Managing Director , Jouko Lahtinen , the project will stabilise costs and improve supply security .",1,"['according', 'to', 'a', 'rehu', 's', 'managing', 'director', 'jouko', 'lahtinen', 'the', 'project', 'will', 'stabilise', 'costs', 'and', 'improve', 'supply', 'security']"
590,"According to CEO Matti Karppinen , Frozen Foods posted a good result in 2010 , as it did in 2009 .",1,"['according', 'to', 'ceo', 'matti', 'karppinen', 'frozen', 'foods', 'posted', 'a', 'good', 'result', 'in', 'as', 'it', 'did', 'in']"
591,"According to Viking Line 's Managing Director , Nils-Erik Eklund , the company 's Board of Directors is very satisfied with Viking Line 's performance .",1,"['according', 'to', 'viking', 'line', 's', 'managing', 'director', 'nils', 'erik', 'eklund', 'the', 'company', 's', 'board', 'of', 'directors', 'is', 'very', 'satisfied', 'with', 'viking', 'line', 's', 'performance']"
592,Actions to improve operational efficiency and adjust operations are expected to deliver annualised permanent cost savings of around EUR 4.5 million and will be effected mostly during the first half of 2010 .,1,"['actions', 'to', 'improve', 'operational', 'efficiency', 'and', 'adjust', 'operations', 'are', 'expected', 'to', 'deliver', 'annualised', 'permanent', 'cost', 'savings', 'of', 'around', 'eur', 'million', 'and', 'will', 'be', 'effected', 'mostly', 'during', 'the', 'first', 'half', 'of']"
593,"At the same time , sales development in Russia was boosted by the opening of Stockmann Nevsky Centre in St Petersburg .",1,"['at', 'the', 'same', 'time', 'sales', 'development', 'in', 'russia', 'was', 'boosted', 'by', 'the', 'opening', 'of', 'stockmann', 'nevsky', 'centre', 'in', 'st', 'petersburg']"
594,"Benefon , a wireless and GPS technology company , will supply Karputer with its TWIG navigation platform , a GPS satellite navigation and voice guidance service .",1,"['benefon', 'a', 'wireless', 'and', 'gps', 'technology', 'company', 'will', 'supply', 'karputer', 'with', 'its', 'twig', 'navigation', 'platform', 'a', 'gps', 'satellite', 'navigation', 'and', 'voice', 'guidance', 'service']"
595,"Biohit and VWR have been in close cooperation for a number of years in the US , where Biohit is one of VWR 's focus suppliers .",1,"['biohit', 'and', 'vwr', 'have', 'been', 'in', 'close', 'cooperation', 'for', 'a', 'number', 'of', 'years', 'in', 'the', 'us', 'where', 'biohit', 'is', 'one', 'of', 'vwr', 's', 'focus', 'suppliers']"
596,Combining this deep domain expertise with our Application Service Management ASM and outsourcing service offerings has now proved to be a winning combination .,1,"['combining', 'this', 'deep', 'domain', 'expertise', 'with', 'our', 'application', 'service', 'management', 'asm', 'and', 'outsourcing', 'service', 'offerings', 'has', 'now', 'proved', 'to', 'be', 'a', 'winning', 'combination']"
597,Demand was brisk as expected and order levels have remained high .,1,"['demand', 'was', 'brisk', 'as', 'expected', 'and', 'order', 'levels', 'have', 'remained', 'high']"
598,"During the past decade it has gradually divested noncore assets and bought several sports equipment makers , including California-based Fitness Products International and Sparks , Nevada-based ATEC , a leading maker of baseball and softball pitching machines .",1,"['during', 'the', 'past', 'decade', 'it', 'has', 'gradually', 'divested', 'noncore', 'assets', 'and', 'bought', 'several', 'sports', 'equipment', 'makers', 'including', 'california', 'based', 'fitness', 'products', 'international', 'and', 'sparks', 'nevada', 'based', 'atec', 'a', 'leading', 'maker', 'of', 'baseball', 'and', 'softball', 'pitching', 'machines']"
599,Espoon kaupunki awarded contracts for personal care products .,1,"['espoon', 'kaupunki', 'awarded', 'contracts', 'for', 'personal', 'care', 'products']"
600,"Exports accounted for 65.4 % of net sales , representing an all time record for the company .",1,"['exports', 'accounted', 'for', 'of', 'net', 'sales', 'representing', 'an', 'all', 'time', 'record', 'for', 'the', 'company']"
601,Finland 's Poyry Energy has won a contract to advise builders of a new cogeneration power plant in Lithuania 's second-biggest city of Kaunas and to supervise the construction process .,1,"['finland', 's', 'poyry', 'energy', 'has', 'won', 'a', 'contract', 'to', 'advise', 'builders', 'of', 'a', 'new', 'cogeneration', 'power', 'plant', 'in', 'lithuania', 's', 'second', 'biggest', 'city', 'of', 'kaunas', 'and', 'to', 'supervise', 'the', 'construction', 'process']"
602,"Finnish construction company YIT Oyj said on November 13 , 2007 it won a 70 mln euro $ 102.8 mln contract to construct the new office building for local property company Tapiola Real Estate Oy .",1,"['finnish', 'construction', 'company', 'yit', 'oyj', 'said', 'on', 'november', 'it', 'won', 'a', 'mln', 'euro', 'mln', 'contract', 'to', 'construct', 'the', 'new', 'office', 'building', 'for', 'local', 'property', 'company', 'tapiola', 'real', 'estate', 'oy']"
603,"In 2006 , Kone received an order from Aker Yards to supply 43 customised elevators for the very first Genesis cruise ship which is scheduled to be completed in 2009 .",1,"['in', 'kone', 'received', 'an', 'order', 'from', 'aker', 'yards', 'to', 'supply', 'customised', 'elevators', 'for', 'the', 'very', 'first', 'genesis', 'cruise', 'ship', 'which', 'is', 'scheduled', 'to', 'be', 'completed', 'in']"
604,"In addition to fireplace exports , demand for lining stone has exceeded the level of the earlier part of the year and will continue to be clearly brisker for the remainder of the year .",1,"['in', 'addition', 'to', 'fireplace', 'exports', 'demand', 'for', 'lining', 'stone', 'has', 'exceeded', 'the', 'level', 'of', 'the', 'earlier', 'part', 'of', 'the', 'year', 'and', 'will', 'continue', 'to', 'be', 'clearly', 'brisker', 'for', 'the', 'remainder', 'of', 'the', 'year']"
605,Kalmar has been awarded a new 5-year contract to supply its Rough Terrain Container Handler RTCH .,1,"['kalmar', 'has', 'been', 'awarded', 'a', 'new', 'year', 'contract', 'to', 'supply', 'its', 'rough', 'terrain', 'container', 'handler', 'rtch']"
606,Major Order in India Comptel Corporation has received a significant long-term order for mediation and provisioning solutions being used by a leading operator in India .,1,"['major', 'order', 'in', 'india', 'comptel', 'corporation', 'has', 'received', 'a', 'significant', 'long', 'term', 'order', 'for', 'mediation', 'and', 'provisioning', 'solutions', 'being', 'used', 'by', 'a', 'leading', 'operator', 'in', 'india']"
607,Managing Director Kari Inkinen says that Sponda 's leasing operations developed highly favourably .,1,"['managing', 'director', 'kari', 'inkinen', 'says', 'that', 'sponda', 's', 'leasing', 'operations', 'developed', 'highly', 'favourably']"
608,Net cash flow from operations is expected to remain positive .,1,"['net', 'cash', 'flow', 'from', 'operations', 'is', 'expected', 'to', 'remain', 'positive']"
609,"Of the price , Kesko 's share is 10 mln euro $ 15.5 mln and it will recognize a gain of 4.0 mln euro $ 6.2 mln on the disposal which will be included in the result for the second quarter of 2008 .",1,"['of', 'the', 'price', 'kesko', 's', 'share', 'is', 'mln', 'euro', 'mln', 'and', 'it', 'will', 'recognize', 'a', 'gain', 'of', 'mln', 'euro', 'mln', 'on', 'the', 'disposal', 'which', 'will', 'be', 'included', 'in', 'the', 'result', 'for', 'the', 'second', 'quarter', 'of']"
610,Olvi has posted a strong set of figures for the first six months of this year .,1,"['olvi', 'has', 'posted', 'a', 'strong', 'set', 'of', 'figures', 'for', 'the', 'first', 'six', 'months', 'of', 'this', 'year']"
611,Operating profit improved by 27 % to EUR 579.8 mn from EUR 457.2 mn in 2006 .,1,"['operating', 'profit', 'improved', 'by', 'to', 'eur', 'mn', 'from', 'eur', 'mn', 'in']"
612,Our standardised services have met with a positive reception among our customers as well as at Itella .,1,"['our', 'standardised', 'services', 'have', 'met', 'with', 'a', 'positive', 'reception', 'among', 'our', 'customers', 'as', 'well', 'as', 'at', 'itella']"
613,Performance in the second half of 2009 exceeded expectations .,1,"['performance', 'in', 'the', 'second', 'half', 'of', 'exceeded', 'expectations']"
614,Ponsse projects the forest machine markets to improve more than expected in 2010 from the previous year .,1,"['ponsse', 'projects', 'the', 'forest', 'machine', 'markets', 'to', 'improve', 'more', 'than', 'expected', 'in', 'from', 'the', 'previous', 'year']"
615,"Ragutis , which is based in Lithuania 's second-largest city Kaunas , boosted its sales last year 22.3 per cent to 36.4 million liters .",1,"['ragutis', 'which', 'is', 'based', 'in', 'lithuania', 's', 'second', 'largest', 'city', 'kaunas', 'boosted', 'its', 'sales', 'last', 'year', 'per', 'cent', 'to', 'million', 'liters']"
616,"Raisio 's bid to buy Glisten is a `` win-win '' deal for both companies , the chairman of the UK snacks firm told just-food today 10 February .",1,"['raisio', 's', 'bid', 'to', 'buy', 'glisten', 'is', 'a', 'win', 'win', 'deal', 'for', 'both', 'companies', 'the', 'chairman', 'of', 'the', 'uk', 'snacks', 'firm', 'told', 'just', 'food', 'today', 'february']"
617,Stora Enso owns 43 percent of Bergvik and earns therefore SEK 1.5 bn on the value appreciation .,1,"['stora', 'enso', 'owns', 'percent', 'of', 'bergvik', 'and', 'earns', 'therefore', 'sek', 'bn', 'on', 'the', 'value', 'appreciation']"
618,Talvivaara also maintains its assumption of turning cash flow positive before the year end .,1,"['talvivaara', 'also', 'maintains', 'its', 'assumption', 'of', 'turning', 'cash', 'flow', 'positive', 'before', 'the', 'year', 'end']"
619,"Thanksto improvements in demand and the adjustments we have made , theutilization rates of Cramo 's fleet have substantiallyimproved . ''",1,"['thanksto', 'improvements', 'in', 'demand', 'and', 'the', 'adjustments', 'we', 'have', 'made', 'theutilization', 'rates', 'of', 'cramo', 's', 'fleet', 'have', 'substantiallyimproved']"
620,The acquisition is expected to improve access to chrome ore resources in Turkey .,1,"['the', 'acquisition', 'is', 'expected', 'to', 'improve', 'access', 'to', 'chrome', 'ore', 'resources', 'in', 'turkey']"
621,The aim is an annual improvement in Ruukki Construction 's operating profit of more than EUR 3 million USD 4.1 m starting in 2009 .,1,"['the', 'aim', 'is', 'an', 'annual', 'improvement', 'in', 'ruukki', 'construction', 's', 'operating', 'profit', 'of', 'more', 'than', 'eur', 'million', 'usd', 'm', 'starting', 'in']"
622,"The company estimates that the trend in demand for sports equipment will be steady in 2006 , '' Amer 's report said .",1,"['the', 'company', 'estimates', 'that', 'the', 'trend', 'in', 'demand', 'for', 'sports', 'equipment', 'will', 'be', 'steady', 'in', 'amer', 's', 'report', 'said']"
623,The estimated synergy benefits are at least EUR7m annually .,1,"['the', 'estimated', 'synergy', 'benefits', 'are', 'at', 'least', 'eur', 'm', 'annually']"
624,The Group 's business is balanced by its broad portfolio of sports and presence in all major markets .,1,"['the', 'group', 's', 'business', 'is', 'balanced', 'by', 'its', 'broad', 'portfolio', 'of', 'sports', 'and', 'presence', 'in', 'all', 'major', 'markets']"
625,The objective of the planned measures is to achieve significant savings in the next few years .,1,"['the', 'objective', 'of', 'the', 'planned', 'measures', 'is', 'to', 'achieve', 'significant', 'savings', 'in', 'the', 'next', 'few', 'years']"
626,The rebuilds are designed to improve the machines ' performance and product quality .,1,"['the', 'rebuilds', 'are', 'designed', 'to', 'improve', 'the', 'machines', 'performance', 'and', 'product', 'quality']"
627,"The transaction will have a positive impact of around EUR2m on earnings , which Ruukki will recognize during the fourth quarter of this year .",1,"['the', 'transaction', 'will', 'have', 'a', 'positive', 'impact', 'of', 'around', 'eur', 'm', 'on', 'earnings', 'which', 'ruukki', 'will', 'recognize', 'during', 'the', 'fourth', 'quarter', 'of', 'this', 'year']"
628,"When the situation normalises , the company will be able to increase the amount of residential units for sale in St Petersburg and Moscow , in particular .",1,"['when', 'the', 'situation', 'normalises', 'the', 'company', 'will', 'be', 'able', 'to', 'increase', 'the', 'amount', 'of', 'residential', 'units', 'for', 'sale', 'in', 'st', 'petersburg', 'and', 'moscow', 'in', 'particular']"
629,"` This is a repeat order to follow successfully installed 159 elevators in the same Delhi metro system , ' Kone spokeswoman told Thomson Financial News .",1,"['this', 'is', 'a', 'repeat', 'order', 'to', 'follow', 'successfully', 'installed', 'elevators', 'in', 'the', 'same', 'delhi', 'metro', 'system', 'kone', 'spokeswoman', 'told', 'thomson', 'financial', 'news']"
630,"`` Our customers now have the chance to make bookings for all the services they want at one location , '' said Mikko Tuomainen , in-charge of Finnair 's Internet ( sales ) .",1,"['our', 'customers', 'now', 'have', 'the', 'chance', 'to', 'make', 'bookings', 'for', 'all', 'the', 'services', 'they', 'want', 'at', 'one', 'location', 'said', 'mikko', 'tuomainen', 'in', 'charge', 'of', 'finnair', 's', 'internet', 'sales']"
631,`` Stonesoft sees great promise in the future of IPv6 .,1,"['stonesoft', 'sees', 'great', 'promise', 'in', 'the', 'future', 'of', 'ipv']"
632,`` The combined activities will create value for shareholders and be good for our employees and customers .,1,"['the', 'combined', 'activities', 'will', 'create', 'value', 'for', 'shareholders', 'and', 'be', 'good', 'for', 'our', 'employees', 'and', 'customers']"
633,`` The trend in the sports and leisure markets was favorable in the first months of the year .,1,"['the', 'trend', 'in', 'the', 'sports', 'and', 'leisure', 'markets', 'was', 'favorable', 'in', 'the', 'first', 'months', 'of', 'the', 'year']"
634,"`` We continued actively to focus R&D and to position our offering away from point solutions towards dynamic end-to-end solutions , '' Ervio stated .",1,"['we', 'continued', 'actively', 'to', 'focus', 'r', 'd', 'and', 'to', 'position', 'our', 'offering', 'away', 'from', 'point', 'solutions', 'towards', 'dynamic', 'end', 'to', 'end', 'solutions', 'ervio', 'stated']"
635,16 February 2011 - Finnish industrial machinery company Metso Oyj ( HEL : MEO1V ) said today it will deliver minerals processing equipment and basic engineering to Canadian miner Northland Resources ( OSL : NAUR ) ( TSE : NAU ) .,1,"['february', 'finnish', 'industrial', 'machinery', 'company', 'metso', 'oyj', 'hel', 'meo', 'v', 'said', 'today', 'it', 'will', 'deliver', 'minerals', 'processing', 'equipment', 'and', 'basic', 'engineering', 'to', 'canadian', 'miner', 'northland', 'resources', 'osl', 'naur', 'tse', 'nau']"
636,27 January 2011 - Finnish IT solutions provider Affecto Oyj ( HEL : AFE1V ) said today it has won a EUR1 .2 m ( USD1 .6 m ) contract from state-owned Lithuanian Social Insurance Institution ( SODRA ) .,1,"['january', 'finnish', 'it', 'solutions', 'provider', 'affecto', 'oyj', 'hel', 'afe', 'v', 'said', 'today', 'it', 'has', 'won', 'a', 'eur', 'm', 'usd', 'm', 'contract', 'from', 'state', 'owned', 'lithuanian', 'social', 'insurance', 'institution', 'sodra']"
637,"According to Finnish pension insurance company Varma , Varma was the recipient of over two thirds of the revenue of the earnings-related pension cover that was under competitive tendering in Finland .",1,"['according', 'to', 'finnish', 'pension', 'insurance', 'company', 'varma', 'varma', 'was', 'the', 'recipient', 'of', 'over', 'two', 'thirds', 'of', 'the', 'revenue', 'of', 'the', 'earnings', 'related', 'pension', 'cover', 'that', 'was', 'under', 'competitive', 'tendering', 'in', 'finland']"
638,Finnish construction group Lemmink+ñinen has been awarded two road building contracts by the Lithuanian transport administration .,1,"['finnish', 'construction', 'group', 'lemmink', 'inen', 'has', 'been', 'awarded', 'two', 'road', 'building', 'contracts', 'by', 'the', 'lithuanian', 'transport', 'administration']"
639,"Finnish construction group YIT has been awarded a contract to install heating , air conditioning and cooling systems to the new head office of the automobile association ADAC in Munich in Germany .",1,"['finnish', 'construction', 'group', 'yit', 'has', 'been', 'awarded', 'a', 'contract', 'to', 'install', 'heating', 'air', 'conditioning', 'and', 'cooling', 'systems', 'to', 'the', 'new', 'head', 'office', 'of', 'the', 'automobile', 'association', 'adac', 'in', 'munich', 'in', 'germany']"
640,"Finnish flexible packaging manufacturer Suominen Corporation reports net sales of EUR 54.5 mn in the first quarter of 2008 , compared with EUR 54.3 mn a year earlier .",1,"['finnish', 'flexible', 'packaging', 'manufacturer', 'suominen', 'corporation', 'reports', 'net', 'sales', 'of', 'eur', 'mn', 'in', 'the', 'first', 'quarter', 'of', 'compared', 'with', 'eur', 'mn', 'a', 'year', 'earlier']"
641,Finnish forest machinery manufacturer Ponsse has agreed with Volvo on the start of cooperation in Latin America .,1,"['finnish', 'forest', 'machinery', 'manufacturer', 'ponsse', 'has', 'agreed', 'with', 'volvo', 'on', 'the', 'start', 'of', 'cooperation', 'in', 'latin', 'america']"
642,"Finnish Metso Paper has been awarded a contract for the rebuild of Sabah Forest Industries ' ( SFI ) pulp mill in Sabah , Malaysia .",1,"['finnish', 'metso', 'paper', 'has', 'been', 'awarded', 'a', 'contract', 'for', 'the', 'rebuild', 'of', 'sabah', 'forest', 'industries', 'sfi', 'pulp', 'mill', 'in', 'sabah', 'malaysia']"
643,"Finnish Metso Paper has won an order to supply an uncoated fine paper machine to MCC Paper Yinhe , in China .",1,"['finnish', 'metso', 'paper', 'has', 'won', 'an', 'order', 'to', 'supply', 'an', 'uncoated', 'fine', 'paper', 'machine', 'to', 'mcc', 'paper', 'yinhe', 'in', 'china']"
644,Finnish Outokumpu Technology has been awarded several new grinding technology contracts .,1,"['finnish', 'outokumpu', 'technology', 'has', 'been', 'awarded', 'several', 'new', 'grinding', 'technology', 'contracts']"
645,Finnish Rautaruukki has been awarded a contract to supply and install steel superstructures for the Partihallsf+Ârbindelsen bridge in Gothenburg in Sweden .,1,"['finnish', 'rautaruukki', 'has', 'been', 'awarded', 'a', 'contract', 'to', 'supply', 'and', 'install', 'steel', 'superstructures', 'for', 'the', 'partihallsf', 'rbindelsen', 'bridge', 'in', 'gothenburg', 'in', 'sweden']"
646,"Lule+Ñ municipality has awarded YIT a 2-year contract , for property management of about one third of the municipality 's properties , with a total area of 140,000 sq. metres .",1,"['lule', 'municipality', 'has', 'awarded', 'yit', 'a', 'year', 'contract', 'for', 'property', 'management', 'of', 'about', 'one', 'third', 'of', 'the', 'municipality', 's', 'properties', 'with', 'a', 'total', 'area', 'of', 'sq', 'metres']"
647,"The shopping center to be opened in St. Petersburg , Russia in November 2010 will turn the cash flow of Finnish department store chain Stockmann 's Russian operations positive for the first time in 2011 .",1,"['the', 'shopping', 'center', 'to', 'be', 'opened', 'in', 'st', 'petersburg', 'russia', 'in', 'november', 'will', 'turn', 'the', 'cash', 'flow', 'of', 'finnish', 'department', 'store', 'chain', 'stockmann', 's', 'russian', 'operations', 'positive', 'for', 'the', 'first', 'time', 'in']"
648,"According to Atria 's President and CEO Matti Tikkakoski , the company 's Swedish operations significantly improved in the first quarter .",1,"['according', 'to', 'atria', 's', 'president', 'and', 'ceo', 'matti', 'tikkakoski', 'the', 'company', 's', 'swedish', 'operations', 'significantly', 'improved', 'in', 'the', 'first', 'quarter']"
649,"According to CEO Kai Telanne , the company 's newspapers achieved the best financial result ever .",1,"['according', 'to', 'ceo', 'kai', 'telanne', 'the', 'company', 's', 'newspapers', 'achieved', 'the', 'best', 'financial', 'result', 'ever']"
650,"According to Kesko , the company agreed with the city administration about lease of the building in 2006 , its resettlement and construction of a five-star hotel Hilton for 120 rooms .",1,"['according', 'to', 'kesko', 'the', 'company', 'agreed', 'with', 'the', 'city', 'administration', 'about', 'lease', 'of', 'the', 'building', 'in', 'its', 'resettlement', 'and', 'construction', 'of', 'a', 'five', 'star', 'hotel', 'hilton', 'for', 'rooms']"
651,"According to Nordic financial group Nordea 's analyst Sami Sarkamies , this makes Nokia 's portfolio competitive again .",1,"['according', 'to', 'nordic', 'financial', 'group', 'nordea', 's', 'analyst', 'sami', 'sarkamies', 'this', 'makes', 'nokia', 's', 'portfolio', 'competitive', 'again']"
652,"According to Ringman , Finnish paper companies have acquired know-how and capacity in paper recycling , which has turned out to be a successful strategy .",1,"['according', 'to', 'ringman', 'finnish', 'paper', 'companies', 'have', 'acquired', 'know', 'how', 'and', 'capacity', 'in', 'paper', 'recycling', 'which', 'has', 'turned', 'out', 'to', 'be', 'a', 'successful', 'strategy']"
653,"According to Schmardin , Nordea will most likely try to win customers over from other pension fund providers .",1,"['according', 'to', 'schmardin', 'nordea', 'will', 'most', 'likely', 'try', 'to', 'win', 'customers', 'over', 'from', 'other', 'pension', 'fund', 'providers']"
654,"According to the CEO of Nordea Bank Estonia Vahur Kraft , Nordea Finland and Stockmann have been cooperating for more than ten years .",1,"['according', 'to', 'the', 'ceo', 'of', 'nordea', 'bank', 'estonia', 'vahur', 'kraft', 'nordea', 'finland', 'and', 'stockmann', 'have', 'been', 'cooperating', 'for', 'more', 'than', 'ten', 'years']"
655,"Adanac Molybdenum of Canada has ordered grinding technology for its molybdenum project in British Columbia , Canada , while Shalkiya Zinc of Kazakhstan has awarded a contract for grinding technology for the Shalkiya zinc-lead project in Kazakhstan .",1,"['adanac', 'molybdenum', 'of', 'canada', 'has', 'ordered', 'grinding', 'technology', 'for', 'its', 'molybdenum', 'project', 'in', 'british', 'columbia', 'canada', 'while', 'shalkiya', 'zinc', 'of', 'kazakhstan', 'has', 'awarded', 'a', 'contract', 'for', 'grinding', 'technology', 'for', 'the', 'shalkiya', 'zinc', 'lead', 'project', 'in', 'kazakhstan']"
656,All of Raisio 's divisions recorded an operating profit .,1,"['all', 'of', 'raisio', 's', 'divisions', 'recorded', 'an', 'operating', 'profit']"
657,"And the broker repeated its ` buy ' rating , based on expectations that current restructuring will lead to a clear improvement in performance in Europe in 2007 .",1,"['and', 'the', 'broker', 'repeated', 'its', 'buy', 'rating', 'based', 'on', 'expectations', 'that', 'current', 'restructuring', 'will', 'lead', 'to', 'a', 'clear', 'improvement', 'in', 'performance', 'in', 'europe', 'in']"
658,"Arvo Vuorenmaa , the Loviisa plant 's general manager said the application for the new licence was a `` standard '' procedure and that he was `` quite confident '' about approval being granted .",1,"['arvo', 'vuorenmaa', 'the', 'loviisa', 'plant', 's', 'general', 'manager', 'said', 'the', 'application', 'for', 'the', 'new', 'licence', 'was', 'a', 'standard', 'procedure', 'and', 'that', 'he', 'was', 'quite', 'confident', 'about', 'approval', 'being', 'granted']"
659,"As a domestic business , Best-In is already close to Finnish dog owners .",1,"['as', 'a', 'domestic', 'business', 'best', 'in', 'is', 'already', 'close', 'to', 'finnish', 'dog', 'owners']"
660,"BasWare 's CEO Ilkka Sihvo comments in conjunction with the Interim Report : `` As a whole , BasWare succeeded well in the second quarter of 2007 .",1,"['basware', 's', 'ceo', 'ilkka', 'sihvo', 'comments', 'in', 'conjunction', 'with', 'the', 'interim', 'report', 'as', 'a', 'whole', 'basware', 'succeeded', 'well', 'in', 'the', 'second', 'quarter', 'of']"
661,Cash flow from operating activities is estimated to be positive .,1,"['cash', 'flow', 'from', 'operating', 'activities', 'is', 'estimated', 'to', 'be', 'positive']"
662,Cision says the sale will return its U.K. operation to profitability .,1,"['cision', 'says', 'the', 'sale', 'will', 'return', 'its', 'u', 'k', 'operation', 'to', 'profitability']"
663,"Citigroup , Inc ( NYSE : C ) has announced that its Global Transaction Services ( GTS ) business has been awarded a new mandate by Finland-based Pohjola Bank Group .",1,"['citigroup', 'inc', 'nyse', 'c', 'has', 'announced', 'that', 'its', 'global', 'transaction', 'services', 'gts', 'business', 'has', 'been', 'awarded', 'a', 'new', 'mandate', 'by', 'finland', 'based', 'pohjola', 'bank', 'group']"
664,"Comptel , a vendor of dynamic Operations Support System ( OSS ) software , has been selected by Orascom Telecom ( OTH ) as partner for provisioning and activation solutions for mobile services .",1,"['comptel', 'a', 'vendor', 'of', 'dynamic', 'operations', 'support', 'system', 'oss', 'software', 'has', 'been', 'selected', 'by', 'orascom', 'telecom', 'oth', 'as', 'partner', 'for', 'provisioning', 'and', 'activation', 'solutions', 'for', 'mobile', 'services']"
665,"Department store sales improved by 14 % to EUR 1,070.6 mn .",1,"['department', 'store', 'sales', 'improved', 'by', 'to', 'eur', 'mn']"
666,DMASIA-16 August 2006-Benefon extends manufacturing capability with ASMobile -® 2006 Digitalmediaasia.com & DMA Ltd. .,1,"['dmasia', 'august', 'benefon', 'extends', 'manufacturing', 'capability', 'with', 'asmobile', 'digitalmediaasia', 'com', 'dma', 'ltd']"
667,"Finland 's national carrier Finnair PLC carried a record 8.5 million passengers in 2005 , an increase of 4.5 percent on the previous year , the airline reported Tuesday .",1,"['finland', 's', 'national', 'carrier', 'finnair', 'plc', 'carried', 'a', 'record', 'million', 'passengers', 'in', 'an', 'increase', 'of', 'percent', 'on', 'the', 'previous', 'year', 'the', 'airline', 'reported', 'tuesday']"
668,"Finnair PLC carried a record 8.8 million passengers in 2006 , an increase of 3.5 percent on the previous year , the Finnish national carrier reported Tuesday .",1,"['finnair', 'plc', 'carried', 'a', 'record', 'million', 'passengers', 'in', 'an', 'increase', 'of', 'percent', 'on', 'the', 'previous', 'year', 'the', 'finnish', 'national', 'carrier', 'reported', 'tuesday']"
669,"Finnish consulting and engineering group Poyry Plc ( OMX Helsinki : POY ) said on Wednesday ( 1 October ) that it has been awarded a contract by Tanqia Dibba FZC as owner-engineer for the wastewater system of Dibba , Emirate of Fujairah , UAE .",1,"['finnish', 'consulting', 'and', 'engineering', 'group', 'poyry', 'plc', 'omx', 'helsinki', 'poy', 'said', 'on', 'wednesday', 'october', 'that', 'it', 'has', 'been', 'awarded', 'a', 'contract', 'by', 'tanqia', 'dibba', 'fzc', 'as', 'owner', 'engineer', 'for', 'the', 'wastewater', 'system', 'of', 'dibba', 'emirate', 'of', 'fujairah', 'uae']"
670,"Finnish financial solutions developer Basware Corporation ( OMX Helsinki BAS1V ) said on Tuesday ( 23 September ) that it will deliver a complete Invoice Automation solution to a large US engineering , construction and technical services organization .",1,"['finnish', 'financial', 'solutions', 'developer', 'basware', 'corporation', 'omx', 'helsinki', 'bas', 'v', 'said', 'on', 'tuesday', 'september', 'that', 'it', 'will', 'deliver', 'a', 'complete', 'invoice', 'automation', 'solution', 'to', 'a', 'large', 'us', 'engineering', 'construction', 'and', 'technical', 'services', 'organization']"
671,Finnish handling systems company Cargotec Oyj ( HEL : CGCBV ) said today that it won a EUR 13 million ( USD 16.6 m ) contract to deliver MacGregor hatch covers for ships ordered by Norwegian shipowner Grieg Shipping .,1,"['finnish', 'handling', 'systems', 'company', 'cargotec', 'oyj', 'hel', 'cgcbv', 'said', 'today', 'that', 'it', 'won', 'a', 'eur', 'million', 'usd', 'm', 'contract', 'to', 'deliver', 'macgregor', 'hatch', 'covers', 'for', 'ships', 'ordered', 'by', 'norwegian', 'shipowner', 'grieg', 'shipping']"
672,Finnish operator Elisa and Aker Yards have signed a long-term service deal through which Elisa will deliver all necessary voice and data services for Aker Yards in Finland .,1,"['finnish', 'operator', 'elisa', 'and', 'aker', 'yards', 'have', 'signed', 'a', 'long', 'term', 'service', 'deal', 'through', 'which', 'elisa', 'will', 'deliver', 'all', 'necessary', 'voice', 'and', 'data', 'services', 'for', 'aker', 'yards', 'in', 'finland']"
673,"Finnish steel maker Rautaruukki Oyj ( Ruukki ) said on July 7 , 2008 that it won a 9.0 mln euro ( $ 14.1 mln ) contract to supply and install steel superstructures for Partihallsforbindelsen bridge project in Gothenburg , western Sweden .",1,"['finnish', 'steel', 'maker', 'rautaruukki', 'oyj', 'ruukki', 'said', 'on', 'july', 'that', 'it', 'won', 'a', 'mln', 'euro', 'mln', 'contract', 'to', 'supply', 'and', 'install', 'steel', 'superstructures', 'for', 'partihallsforbindelsen', 'bridge', 'project', 'in', 'gothenburg', 'western', 'sweden']"
674,"Fiskars has a strong portfolio of international brands , which include Fiskars , Iittala , Gerber , Silva and Buster .",1,"['fiskars', 'has', 'a', 'strong', 'portfolio', 'of', 'international', 'brands', 'which', 'include', 'fiskars', 'iittala', 'gerber', 'silva', 'and', 'buster']"
675,"For Teleste , the acquisition marks an entry into services business in a market where it has long been an established and significant supplier of products .",1,"['for', 'teleste', 'the', 'acquisition', 'marks', 'an', 'entry', 'into', 'services', 'business', 'in', 'a', 'market', 'where', 'it', 'has', 'long', 'been', 'an', 'established', 'and', 'significant', 'supplier', 'of', 'products']"
676,"Forestries were also higher , driven by yesterday 's bullish analyst comment on Stora Enso in Dagens Industri , dealers said .",1,"['forestries', 'were', 'also', 'higher', 'driven', 'by', 'yesterday', 's', 'bullish', 'analyst', 'comment', 'on', 'stora', 'enso', 'in', 'dagens', 'industri', 'dealers', 'said']"
677,"Furthermore , efficiency improvement measures initiated earlier are now bearing fruit , '' CEO Jan Lang said .",1,"['furthermore', 'efficiency', 'improvement', 'measures', 'initiated', 'earlier', 'are', 'now', 'bearing', 'fruit', 'ceo', 'jan', 'lang', 'said']"
678,Global Banking News - 28 September 2010 Tieto Corporation and Pohjola Bank ( PINK : POJLF ) are to cooperate on SWIFT services .,1,"['global', 'banking', 'news', 'september', 'tieto', 'corporation', 'and', 'pohjola', 'bank', 'pink', 'pojlf', 'are', 'to', 'cooperate', 'on', 'swift', 'services']"
679,Hearst will be able to consolidate about 20 % of all Russian market for advertising in press after the purchase .,1,"['hearst', 'will', 'be', 'able', 'to', 'consolidate', 'about', 'of', 'all', 'russian', 'market', 'for', 'advertising', 'in', 'press', 'after', 'the', 'purchase']"
680,"Helsingin Uutiset , Vantaan Sanomat and Lansivayla reach some 385,000 readers , or more than 40 % of the consumers in the greater Helsinki region .",1,"['helsingin', 'uutiset', 'vantaan', 'sanomat', 'and', 'lansivayla', 'reach', 'some', 'readers', 'or', 'more', 'than', 'of', 'the', 'consumers', 'in', 'the', 'greater', 'helsinki', 'region']"
681,"HELSINKI ( AFX ) - Metso said it will upgrade one of UPM-Kymmene 's four paper machines at the latter 's mill in Jaemsaenkoski with a new coating color supply system , machine and process controls and quality measurements .",1,"['helsinki', 'afx', 'metso', 'said', 'it', 'will', 'upgrade', 'one', 'of', 'upm', 'kymmene', 's', 'four', 'paper', 'machines', 'at', 'the', 'latter', 's', 'mill', 'in', 'jaemsaenkoski', 'with', 'a', 'new', 'coating', 'color', 'supply', 'system', 'machine', 'and', 'process', 'controls', 'and', 'quality', 'measurements']"
682,"However , Simdax will remain available in the markets where it already has been approved as it has marketing authorisations or submitted applications in more than 40 countries , Orion added .",1,"['however', 'simdax', 'will', 'remain', 'available', 'in', 'the', 'markets', 'where', 'it', 'already', 'has', 'been', 'approved', 'as', 'it', 'has', 'marketing', 'authorisations', 'or', 'submitted', 'applications', 'in', 'more', 'than', 'countries', 'orion', 'added']"
683,"However , the broker gave an `` outperform '' recommendation on the stock .",1,"['however', 'the', 'broker', 'gave', 'an', 'outperform', 'recommendation', 'on', 'the', 'stock']"
684,"However , the total orders received will still be above last year s levels .",1,"['however', 'the', 'total', 'orders', 'received', 'will', 'still', 'be', 'above', 'last', 'year', 's', 'levels']"
685,"In accordance with our strategy , we strengthened our local presence by establishing a representative office in South Africa in October .",1,"['in', 'accordance', 'with', 'our', 'strategy', 'we', 'strengthened', 'our', 'local', 'presence', 'by', 'establishing', 'a', 'representative', 'office', 'in', 'south', 'africa', 'in', 'october']"
686,"In addition , Lehdentekijat Oy will start producing a new membership magazine , Viisas Raha ( Wise Money ) for the Association .",1,"['in', 'addition', 'lehdentekijat', 'oy', 'will', 'start', 'producing', 'a', 'new', 'membership', 'magazine', 'viisas', 'raha', 'wise', 'money', 'for', 'the', 'association']"
687,"In future , the company intends to look for know-how from outside the company and to cooperate with other actors in the sector .",1,"['in', 'future', 'the', 'company', 'intends', 'to', 'look', 'for', 'know', 'how', 'from', 'outside', 'the', 'company', 'and', 'to', 'cooperate', 'with', 'other', 'actors', 'in', 'the', 'sector']"
688,Industry Investment is very interested in Glaston 's solar energy projects .,1,"['industry', 'investment', 'is', 'very', 'interested', 'in', 'glaston', 's', 'solar', 'energy', 'projects']"
689,It is now the leading private road ambulance service company in Finland .,1,"['it', 'is', 'now', 'the', 'leading', 'private', 'road', 'ambulance', 'service', 'company', 'in', 'finland']"
690,"Known as Post Bank , the concept would see Fidelity Bank rolling out 75 offices in Ghana Post premises , to provide financial services to the people .",1,"['known', 'as', 'post', 'bank', 'the', 'concept', 'would', 'see', 'fidelity', 'bank', 'rolling', 'out', 'offices', 'in', 'ghana', 'post', 'premises', 'to', 'provide', 'financial', 'services', 'to', 'the', 'people']"
691,"Kone 's factory located at Ayanambakkam , a suburb to the west of Chennai , is a fully integrated facility which gives it the capability to address costs .",1,"['kone', 's', 'factory', 'located', 'at', 'ayanambakkam', 'a', 'suburb', 'to', 'the', 'west', 'of', 'chennai', 'is', 'a', 'fully', 'integrated', 'facility', 'which', 'gives', 'it', 'the', 'capability', 'to', 'address', 'costs']"
692,Last year SysOpen Digia invested in IBM product know-how in the building of portal and trading place systems and successfully implemented customer solutions supported by it .,1,"['last', 'year', 'sysopen', 'digia', 'invested', 'in', 'ibm', 'product', 'know', 'how', 'in', 'the', 'building', 'of', 'portal', 'and', 'trading', 'place', 'systems', 'and', 'successfully', 'implemented', 'customer', 'solutions', 'supported', 'by', 'it']"
693,"( ADP News ) - Oct 1 , 2008 - Finnish consulting and engineering company Poyry Oyj ( OMX : POY1V ) said today it was awarded a EUR 5.2 million ( USD 7.4 m ) extension to their existing consultancy engineering contract with Venezuel",1,"['adp', 'news', 'oct', 'finnish', 'consulting', 'and', 'engineering', 'company', 'poyry', 'oyj', 'omx', 'poy', 'v', 'said', 'today', 'it', 'was', 'awarded', 'a', 'eur', 'million', 'usd', 'm', 'extension', 'to', 'their', 'existing', 'consultancy', 'engineering', 'contract', 'with', 'venezuel']"
694,"( ADP News ) - Oct 31 , 2008 - Finnish food company Raisio Oyj ( OMX : RAIVV ) said today that its net profit jumped to EUR 16.4 million ( USD 20.9 m ) for the first nine months of 2008 from EUR 1.1 million for the same period of 2",1,"['adp', 'news', 'oct', 'finnish', 'food', 'company', 'raisio', 'oyj', 'omx', 'raivv', 'said', 'today', 'that', 'its', 'net', 'profit', 'jumped', 'to', 'eur', 'million', 'usd', 'm', 'for', 'the', 'first', 'nine', 'months', 'of', 'from', 'eur', 'million', 'for', 'the', 'same', 'period', 'of']"
695,"( ADP News ) - Sep 30 , 2008 - Finnish security and privacy software solutions developer Stonesoft Oyj said today that it won a USD 1.9 million ( EUR 1.3 m ) order to deliver its StoneGate network security products to an unnamed Russian te",1,"['adp', 'news', 'sep', 'finnish', 'security', 'and', 'privacy', 'software', 'solutions', 'developer', 'stonesoft', 'oyj', 'said', 'today', 'that', 'it', 'won', 'a', 'usd', 'million', 'eur', 'm', 'order', 'to', 'deliver', 'its', 'stonegate', 'network', 'security', 'products', 'to', 'an', 'unnamed', 'russian', 'te']"
696,"Meanwhile , Electrowatt-Ekono Philippines , Inc. was also awarded a three-year operation and maintenance ( O&M ) contract by FR Cement Corporation .",1,"['meanwhile', 'electrowatt', 'ekono', 'philippines', 'inc', 'was', 'also', 'awarded', 'a', 'three', 'year', 'operation', 'and', 'maintenance', 'o', 'm', 'contract', 'by', 'fr', 'cement', 'corporation']"
697,"Meanwhile , Nokia said that it will be able to deliver a complete range of services from deployment operations to consulting and integration to managed services as a result of the buyout .",1,"['meanwhile', 'nokia', 'said', 'that', 'it', 'will', 'be', 'able', 'to', 'deliver', 'a', 'complete', 'range', 'of', 'services', 'from', 'deployment', 'operations', 'to', 'consulting', 'and', 'integration', 'to', 'managed', 'services', 'as', 'a', 'result', 'of', 'the', 'buyout']"
698,"Nevertheless , Fitch notes that the business fundamentals of the three banks currently remain sound .",1,"['nevertheless', 'fitch', 'notes', 'that', 'the', 'business', 'fundamentals', 'of', 'the', 'three', 'banks', 'currently', 'remain', 'sound']"
699,"Nokia controls more than 50 percent of phone sales in India and Africa , and has a strong prosition on most other emerging markets .",1,"['nokia', 'controls', 'more', 'than', 'percent', 'of', 'phone', 'sales', 'in', 'india', 'and', 'africa', 'and', 'has', 'a', 'strong', 'prosition', 'on', 'most', 'other', 'emerging', 'markets']"
700,NORDIC BUSINESS REPORT-26 June 2006-Metso Corporation wins EUR50m equipment order in Australia -® 1998-2006 M2 COMMUNICATIONS LTD The Finnish engineering and technology group Metso Corporation said on Monday ( 26 June ) that it has received a EUR50m equipment order in Australia .,1,"['nordic', 'business', 'report', 'june', 'metso', 'corporation', 'wins', 'eur', 'm', 'equipment', 'order', 'in', 'australia', 'm', 'communications', 'ltd', 'the', 'finnish', 'engineering', 'and', 'technology', 'group', 'metso', 'corporation', 'said', 'on', 'monday', 'june', 'that', 'it', 'has', 'received', 'a', 'eur', 'm', 'equipment', 'order', 'in', 'australia']"
701,"Of the sales price , a sales gain of some 3.1 mln euro ( $ 4.5 mln ) will be recognized in Incap 's earnings for 2007 .",1,"['of', 'the', 'sales', 'price', 'a', 'sales', 'gain', 'of', 'some', 'mln', 'euro', 'mln', 'will', 'be', 'recognized', 'in', 'incap', 's', 'earnings', 'for']"
702,Outotec 's net profit for the second quarter of 2007 jumped to 16.8 mln euro ( $ 23.1 mln ) from 4.6 mln euro ( $ 6.3 mln ) a year ago .,1,"['outotec', 's', 'net', 'profit', 'for', 'the', 'second', 'quarter', 'of', 'jumped', 'to', 'mln', 'euro', 'mln', 'from', 'mln', 'euro', 'mln', 'a', 'year', 'ago']"
703,Panostaja Oyj s ( Panostaja ) Board of Directors decided on 16 December 2010 on a new long-term incentive and commitment plan for members of the management team .,1,"['panostaja', 'oyj', 's', 'panostaja', 'board', 'of', 'directors', 'decided', 'on', 'december', 'on', 'a', 'new', 'long', 'term', 'incentive', 'and', 'commitment', 'plan', 'for', 'members', 'of', 'the', 'management', 'team']"
704,"Pioneer Library System was one of 127 libraries , municipalities , arts , culture and higher education and science organizations to have been awarded grants to participate in The Big Read , the largest federal reading program in U.S. history .",1,"['pioneer', 'library', 'system', 'was', 'one', 'of', 'libraries', 'municipalities', 'arts', 'culture', 'and', 'higher', 'education', 'and', 'science', 'organizations', 'to', 'have', 'been', 'awarded', 'grants', 'to', 'participate', 'in', 'the', 'big', 'read', 'the', 'largest', 'federal', 'reading', 'program', 'in', 'u', 's', 'history']"
705,Pretax profit jumped to EUR 21.9 million from EUR 3.1 million .,1,"['pretax', 'profit', 'jumped', 'to', 'eur', 'million', 'from', 'eur', 'million']"
706,"Profitability ( EBIT % ) was 13.9 % , compared to 13.1 % in the previous-year period .",1,"['profitability', 'ebit', 'was', 'compared', 'to', 'in', 'the', 'previous', 'year', 'period']"
707,Raute Corporation has received orders worth over EUR 12 million from OOO Ilim Bratsk DOK in Russia .,1,"['raute', 'corporation', 'has', 'received', 'orders', 'worth', 'over', 'eur', 'million', 'from', 'ooo', 'ilim', 'bratsk', 'dok', 'in', 'russia']"
708,"Recovery has been evident in the liquid handling business , particularly in areas outside Europe and primarily in North America and Asia .",1,"['recovery', 'has', 'been', 'evident', 'in', 'the', 'liquid', 'handling', 'business', 'particularly', 'in', 'areas', 'outside', 'europe', 'and', 'primarily', 'in', 'north', 'america', 'and', 'asia']"
709,"Sales improved to SEK 1,553 mn , compared with SEK 1,408 mn .",1,"['sales', 'improved', 'to', 'sek', 'mn', 'compared', 'with', 'sek', 'mn']"
710,"Savon koulutuskuntayhtyma , Finland based company has awarded contract for specialist agricultural or forestry machinery .",1,"['savon', 'koulutuskuntayhtyma', 'finland', 'based', 'company', 'has', 'awarded', 'contract', 'for', 'specialist', 'agricultural', 'or', 'forestry', 'machinery']"
711,SKF 6 April 2010 - Alandsbanken has given a `` buy '' recommendation on Swedish industrial company SKF AB ( STO : SKF B ) with a share price target of SEK150 .,1,"['skf', 'april', 'alandsbanken', 'has', 'given', 'a', 'buy', 'recommendation', 'on', 'swedish', 'industrial', 'company', 'skf', 'ab', 'sto', 'skf', 'b', 'with', 'a', 'share', 'price', 'target', 'of', 'sek']"
712,Sony Ericsson and Nokia dominated the list of best-selling handsets with five models each .,1,"['sony', 'ericsson', 'and', 'nokia', 'dominated', 'the', 'list', 'of', 'best', 'selling', 'handsets', 'with', 'five', 'models', 'each']"
713,"Speaking to just-drinks today , a spokesperson for Olvi said : `` We have performed very well in all four countries we operate in - namely , Finland , Estonia , Latvia and Lithuania . ''",1,"['speaking', 'to', 'just', 'drinks', 'today', 'a', 'spokesperson', 'for', 'olvi', 'said', 'we', 'have', 'performed', 'very', 'well', 'in', 'all', 'four', 'countries', 'we', 'operate', 'in', 'namely', 'finland', 'estonia', 'latvia', 'and', 'lithuania']"
714,Sports equipment sales also progressed well owing to the prolonged winter season .,1,"['sports', 'equipment', 'sales', 'also', 'progressed', 'well', 'owing', 'to', 'the', 'prolonged', 'winter', 'season']"
715,Stockmann MasterCard has widened the scope of this cooperation to Estonia and Latvia .,1,"['stockmann', 'mastercard', 'has', 'widened', 'the', 'scope', 'of', 'this', 'cooperation', 'to', 'estonia', 'and', 'latvia']"
716,TELE2 Affarsvarlden gave a `` buy '' recommendation on mobile operator Tele2 AB and a share price target of 142 crowns ( $ 23.54 - 15.19 euro ) .,1,"['tele', 'affarsvarlden', 'gave', 'a', 'buy', 'recommendation', 'on', 'mobile', 'operator', 'tele', 'ab', 'and', 'a', 'share', 'price', 'target', 'of', 'crowns', 'euro']"
717,That topped consensus forecasts for earnings of 0.21 euros a share .,1,"['that', 'topped', 'consensus', 'forecasts', 'for', 'earnings', 'of', 'euros', 'a', 'share']"
718,The acquisition of Kaupthing Sverige will bring a significant positive non-recurring addition to the group 's performance .,1,"['the', 'acquisition', 'of', 'kaupthing', 'sverige', 'will', 'bring', 'a', 'significant', 'positive', 'non', 'recurring', 'addition', 'to', 'the', 'group', 's', 'performance']"
719,The acquisition will have an immediate positive impact on Aspocomp 's financial result .,1,"['the', 'acquisition', 'will', 'have', 'an', 'immediate', 'positive', 'impact', 'on', 'aspocomp', 's', 'financial', 'result']"
720,The amending of the proposal simplifies the proposed plan and increases the incentive for key employees to stay in the Company .,1,"['the', 'amending', 'of', 'the', 'proposal', 'simplifies', 'the', 'proposed', 'plan', 'and', 'increases', 'the', 'incentive', 'for', 'key', 'employees', 'to', 'stay', 'in', 'the', 'company']"
721,"The Australian company Mirabela Nickel has awarded Outokumpu Technology a contract for grinding technology for its nickel sulfide project in Bahia State , Brazil .",1,"['the', 'australian', 'company', 'mirabela', 'nickel', 'has', 'awarded', 'outokumpu', 'technology', 'a', 'contract', 'for', 'grinding', 'technology', 'for', 'its', 'nickel', 'sulfide', 'project', 'in', 'bahia', 'state', 'brazil']"
722,"The broker has initiated both Palfinger AG and Konecranes OYJ with ` buy ' recommendations , with 51 and 42 eur price targets respectively .",1,"['the', 'broker', 'has', 'initiated', 'both', 'palfinger', 'ag', 'and', 'konecranes', 'oyj', 'with', 'buy', 'recommendations', 'with', 'and', 'eur', 'price', 'targets', 'respectively']"
723,"The buyer aims to thus reinforce its position in Denmark , Martela Group managing director Heikki Martela said .",1,"['the', 'buyer', 'aims', 'to', 'thus', 'reinforce', 'its', 'position', 'in', 'denmark', 'martela', 'group', 'managing', 'director', 'heikki', 'martela', 'said']"
724,The companies have agreed on long-term cooperation to mechanise harvesting in Stora Enso 's eucalyptus plantations in Southern China .,1,"['the', 'companies', 'have', 'agreed', 'on', 'long', 'term', 'cooperation', 'to', 'mechanise', 'harvesting', 'in', 'stora', 'enso', 's', 'eucalyptus', 'plantations', 'in', 'southern', 'china']"
725,The company aims to maintain this trend in profitability during the current year .,1,"['the', 'company', 'aims', 'to', 'maintain', 'this', 'trend', 'in', 'profitability', 'during', 'the', 'current', 'year']"
726,The company also said that in Poland a profitability program has been launched at the Oborniki steel frame and sandwich panel plant .,1,"['the', 'company', 'also', 'said', 'that', 'in', 'poland', 'a', 'profitability', 'program', 'has', 'been', 'launched', 'at', 'the', 'oborniki', 'steel', 'frame', 'and', 'sandwich', 'panel', 'plant']"
727,"The company has established a 3G base station at about 17,000 feet at the foot of Mount Everest that will enable mountain climbers at the 29,035-foot summit to surf the Internet and even send videos of their exploits .",1,"['the', 'company', 'has', 'established', 'a', 'g', 'base', 'station', 'at', 'about', 'feet', 'at', 'the', 'foot', 'of', 'mount', 'everest', 'that', 'will', 'enable', 'mountain', 'climbers', 'at', 'the', 'foot', 'summit', 'to', 'surf', 'the', 'internet', 'and', 'even', 'send', 'videos', 'of', 'their', 'exploits']"
728,The company is also featured in the Ethibel Pioneer Investment Register and included in Innovest 's Global 100 list of the world 's most sustainable corporations .,1,"['the', 'company', 'is', 'also', 'featured', 'in', 'the', 'ethibel', 'pioneer', 'investment', 'register', 'and', 'included', 'in', 'innovest', 's', 'global', 'list', 'of', 'the', 'world', 's', 'most', 'sustainable', 'corporations']"
729,"The company 's goal is to achieve annual savings of EUR 2 million ( USD 2.7 m ) , of which two thirds are to be realized in 2010 .",1,"['the', 'company', 's', 'goal', 'is', 'to', 'achieve', 'annual', 'savings', 'of', 'eur', 'million', 'usd', 'm', 'of', 'which', 'two', 'thirds', 'are', 'to', 'be', 'realized', 'in']"
730,The company said it observed a current stabilisation in prices and there is potential for higher prices for deliveries in the first quarter of 2011 .,1,"['the', 'company', 'said', 'it', 'observed', 'a', 'current', 'stabilisation', 'in', 'prices', 'and', 'there', 'is', 'potential', 'for', 'higher', 'prices', 'for', 'deliveries', 'in', 'the', 'first', 'quarter', 'of']"
731,The company will also be compensated for acting as a reserve batch plant .,1,"['the', 'company', 'will', 'also', 'be', 'compensated', 'for', 'acting', 'as', 'a', 'reserve', 'batch', 'plant']"
732,The Group also has a strong global position in other fishing categories .,1,"['the', 'group', 'also', 'has', 'a', 'strong', 'global', 'position', 'in', 'other', 'fishing', 'categories']"
733,The Group 's cash flow from operations will be positive .,1,"['the', 'group', 's', 'cash', 'flow', 'from', 'operations', 'will', 'be', 'positive']"
734,The mill has long traditions and holds an established position in the markets .,1,"['the', 'mill', 'has', 'long', 'traditions', 'and', 'holds', 'an', 'established', 'position', 'in', 'the', 'markets']"
735,"The move is aimed at boosting sales , cost-efficiency and market share in Finland .",1,"['the', 'move', 'is', 'aimed', 'at', 'boosting', 'sales', 'cost', 'efficiency', 'and', 'market', 'share', 'in', 'finland']"
736,"The original name Componenta +àm+Ñl , as a subsidiary of the Finnish Componenta Group , has been changed to +àm+Ñl Components and the company has seen a 63 % growth in Q1 2010 , in comparison to Q1 2009 .",1,"['the', 'original', 'name', 'componenta', 'm', 'l', 'as', 'a', 'subsidiary', 'of', 'the', 'finnish', 'componenta', 'group', 'has', 'been', 'changed', 'to', 'm', 'l', 'components', 'and', 'the', 'company', 'has', 'seen', 'a', 'growth', 'in', 'q', 'in', 'comparison', 'to', 'q']"
737,The parties have also agreed on options that allow UH to extensively implement later on also functionalities of human resources management .,1,"['the', 'parties', 'have', 'also', 'agreed', 'on', 'options', 'that', 'allow', 'uh', 'to', 'extensively', 'implement', 'later', 'on', 'also', 'functionalities', 'of', 'human', 'resources', 'management']"
738,"The pilot project proved that RIFD technology is ideal for our purposes '' , comments Olli Saarinen , Material Handling Supervisor at Yara .",1,"['the', 'pilot', 'project', 'proved', 'that', 'rifd', 'technology', 'is', 'ideal', 'for', 'our', 'purposes', 'comments', 'olli', 'saarinen', 'material', 'handling', 'supervisor', 'at', 'yara']"
739,"The planned facility , estimated to cost around $ 814 million , would be the largest biodiesel plant in the world , and use palm oil certified by the Roundtable on Sustainable Palm Oil ( RSPO ) .",1,"['the', 'planned', 'facility', 'estimated', 'to', 'cost', 'around', 'million', 'would', 'be', 'the', 'largest', 'biodiesel', 'plant', 'in', 'the', 'world', 'and', 'use', 'palm', 'oil', 'certified', 'by', 'the', 'roundtable', 'on', 'sustainable', 'palm', 'oil', 'rspo']"
740,This combined with foreign investments creates interesting opportunities for Solteq .,1,"['this', 'combined', 'with', 'foreign', 'investments', 'creates', 'interesting', 'opportunities', 'for', 'solteq']"
741,"This is Done Logistics ' largest order in Norway , the diversified group said .",1,"['this', 'is', 'done', 'logistics', 'largest', 'order', 'in', 'norway', 'the', 'diversified', 'group', 'said']"
742,This resulted in improved sales figures in Sweden .,1,"['this', 'resulted', 'in', 'improved', 'sales', 'figures', 'in', 'sweden']"
743,"Under the agreement GeoSentric will provide GyPSii-powered hotel information and reservation services to visitors to China , including such popular cities as Beijing and Shanghai .",1,"['under', 'the', 'agreement', 'geosentric', 'will', 'provide', 'gypsii', 'powered', 'hotel', 'information', 'and', 'reservation', 'services', 'to', 'visitors', 'to', 'china', 'including', 'such', 'popular', 'cities', 'as', 'beijing', 'and', 'shanghai']"
744,"Vaisala also said it expects net sales of EUR 253.2 million for 2010 , compared with EUR 252.2 million recorded in 2009 .",1,"['vaisala', 'also', 'said', 'it', 'expects', 'net', 'sales', 'of', 'eur', 'million', 'for', 'compared', 'with', 'eur', 'million', 'recorded', 'in']"
745,Validating our fgVoIP client through Symbian Signed represents a significant step forward in accomplishing this goal .,1,"['validating', 'our', 'fgvoip', 'client', 'through', 'symbian', 'signed', 'represents', 'a', 'significant', 'step', 'forward', 'in', 'accomplishing', 'this', 'goal']"
746,"Wartsila won the contract in October 2007 and the plant will be installed at Manturovo in the Kostroma region of Russia , about 600 km northeast of Moscow , Russia .",1,"['wartsila', 'won', 'the', 'contract', 'in', 'october', 'and', 'the', 'plant', 'will', 'be', 'installed', 'at', 'manturovo', 'in', 'the', 'kostroma', 'region', 'of', 'russia', 'about', 'km', 'northeast', 'of', 'moscow', 'russia']"
747,"We are honored to be recognized by Gartner as a specialist in Business Process Modeling and Analysis , in the company of many of the largest software vendors in the world .",1,"['we', 'are', 'honored', 'to', 'be', 'recognized', 'by', 'gartner', 'as', 'a', 'specialist', 'in', 'business', 'process', 'modeling', 'and', 'analysis', 'in', 'the', 'company', 'of', 'many', 'of', 'the', 'largest', 'software', 'vendors', 'in', 'the', 'world']"
748,We are now in a position to pursue novel clinical candidates going forward . '',1,"['we', 'are', 'now', 'in', 'a', 'position', 'to', 'pursue', 'novel', 'clinical', 'candidates', 'going', 'forward']"
749,- UPM-Kymmene upgraded to ` in-line ' from ` underperform ' by Goldman Sachs .,1,"['upm', 'kymmene', 'upgraded', 'to', 'in', 'line', 'from', 'underperform', 'by', 'goldman', 'sachs']"
750,`` Consumers have very well received our packed fresh meat .,1,"['consumers', 'have', 'very', 'well', 'received', 'our', 'packed', 'fresh', 'meat']"
751,`` Demand for sports equipment was good in 2005 .,1,"['demand', 'for', 'sports', 'equipment', 'was', 'good', 'in']"
752,"`` Last year , Finnair recorded a 32.6-percent growth on the Asian sector , carrying more than 1.10 million passengers between the two continents . ''",1,"['last', 'year', 'finnair', 'recorded', 'a', 'percent', 'growth', 'on', 'the', 'asian', 'sector', 'carrying', 'more', 'than', 'million', 'passengers', 'between', 'the', 'two', 'continents']"
753,`` The additional flight linking Mumbai with Helsinki was dictated by the strong traffic demand between Asia and Europe .,1,"['the', 'additional', 'flight', 'linking', 'mumbai', 'with', 'helsinki', 'was', 'dictated', 'by', 'the', 'strong', 'traffic', 'demand', 'between', 'asia', 'and', 'europe']"
754,`` The lowering of prices by us and by our competitors shows that the real estate market has stabilised and returned into balance and apartments are acquiring a fair price in the eyes of our clients .,1,"['the', 'lowering', 'of', 'prices', 'by', 'us', 'and', 'by', 'our', 'competitors', 'shows', 'that', 'the', 'real', 'estate', 'market', 'has', 'stabilised', 'and', 'returned', 'into', 'balance', 'and', 'apartments', 'are', 'acquiring', 'a', 'fair', 'price', 'in', 'the', 'eyes', 'of', 'our', 'clients']"
755,"`` The new structure provides better communication , faster decision-making and cost savings , '' Proha said .",1,"['the', 'new', 'structure', 'provides', 'better', 'communication', 'faster', 'decision', 'making', 'and', 'cost', 'savings', 'proha', 'said']"
756,"`` This contract demonstrates our ability to apply our minerals and metals technologies in adjacent industries , such as oil shale processing .",1,"['this', 'contract', 'demonstrates', 'our', 'ability', 'to', 'apply', 'our', 'minerals', 'and', 'metals', 'technologies', 'in', 'adjacent', 'industries', 'such', 'as', 'oil', 'shale', 'processing']"
757,`` We are pleased to deliver the Basware Invoice Automation solution to a major retail company in the US .,1,"['we', 'are', 'pleased', 'to', 'deliver', 'the', 'basware', 'invoice', 'automation', 'solution', 'to', 'a', 'major', 'retail', 'company', 'in', 'the', 'us']"
758,"`` We have tailored our solutions to meet Solel 's technical requirements , and the result is both cost-effective manufacturing and highest-quality reflectors . ''",1,"['we', 'have', 'tailored', 'our', 'solutions', 'to', 'meet', 'solel', 's', 'technical', 'requirements', 'and', 'the', 'result', 'is', 'both', 'cost', 'effective', 'manufacturing', 'and', 'highest', 'quality', 'reflectors']"
759,`` We 've been feeling quite positive about the region as a whole .,1,"['we', 've', 'been', 'feeling', 'quite', 'positive', 'about', 'the', 'region', 'as', 'a', 'whole']"
760,21 December 2010 - Finnish industrial machinery company Wartsila Oyj Abp HEL : WRT1V said yesterday it had won an order to design a liquefied natural gas LNG powered platform supply vessel PSV for Norwegian oil service provider Eidesvik Offshore ASA OSL : EIOF .,1,"['december', 'finnish', 'industrial', 'machinery', 'company', 'wartsila', 'oyj', 'abp', 'hel', 'wrt', 'v', 'said', 'yesterday', 'it', 'had', 'won', 'an', 'order', 'to', 'design', 'a', 'liquefied', 'natural', 'gas', 'lng', 'powered', 'platform', 'supply', 'vessel', 'psv', 'for', 'norwegian', 'oil', 'service', 'provider', 'eidesvik', 'offshore', 'asa', 'osl', 'eiof']"
761,Finlan 's listed food industry company HKScan Group controlled companies in the Baltics improved revenues by EUR 3.5 mn to EUR 160.4 mn in 2010 from EUR 156.9 mn in the year before .,1,"['finlan', 's', 'listed', 'food', 'industry', 'company', 'hkscan', 'group', 'controlled', 'companies', 'in', 'the', 'baltics', 'improved', 'revenues', 'by', 'eur', 'mn', 'to', 'eur', 'mn', 'in', 'from', 'eur', 'mn', 'in', 'the', 'year', 'before']"
762,"Finnish airline Finnair has won a deal with the UK public sector to be the official airline for flights from London Heathrow to Osaka in Japan , as well as flights between Manchester in the UK and Helsinki in Finland .",1,"['finnish', 'airline', 'finnair', 'has', 'won', 'a', 'deal', 'with', 'the', 'uk', 'public', 'sector', 'to', 'be', 'the', 'official', 'airline', 'for', 'flights', 'from', 'london', 'heathrow', 'to', 'osaka', 'in', 'japan', 'as', 'well', 'as', 'flights', 'between', 'manchester', 'in', 'the', 'uk', 'and', 'helsinki', 'in', 'finland']"
763,Finnish Cargotec has been awarded a significant order for a total of 292 Hiab loader cranes by BAE Systems in the US .,1,"['finnish', 'cargotec', 'has', 'been', 'awarded', 'a', 'significant', 'order', 'for', 'a', 'total', 'of', 'hiab', 'loader', 'cranes', 'by', 'bae', 'systems', 'in', 'the', 'us']"
764,Finnish Cargotec 's Kalmar has received a significant order from the US Department of Defense .,1,"['finnish', 'cargotec', 's', 'kalmar', 'has', 'received', 'a', 'significant', 'order', 'from', 'the', 'us', 'department', 'of', 'defense']"
765,Finnish Outotec has been awarded a contract to supply a new zinc roaster with gas cleaning and sulphuric acid plant for the OZK Kardzhali zinc smelter in Bulgaria .,1,"['finnish', 'outotec', 'has', 'been', 'awarded', 'a', 'contract', 'to', 'supply', 'a', 'new', 'zinc', 'roaster', 'with', 'gas', 'cleaning', 'and', 'sulphuric', 'acid', 'plant', 'for', 'the', 'ozk', 'kardzhali', 'zinc', 'smelter', 'in', 'bulgaria']"
766,"Finnish P+Âyry has been awarded an engineering contract by CFR , the national railway company of Romania .",1,"['finnish', 'p', 'yry', 'has', 'been', 'awarded', 'an', 'engineering', 'contract', 'by', 'cfr', 'the', 'national', 'railway', 'company', 'of', 'romania']"
767,"According to a report by Neomarkka , Kuitu Finland 's customers are interested in buying the company 's products when it restarts production .",1,"['according', 'to', 'a', 'report', 'by', 'neomarkka', 'kuitu', 'finland', 's', 'customers', 'are', 'interested', 'in', 'buying', 'the', 'company', 's', 'products', 'when', 'it', 'restarts', 'production']"
768,"As a result , the distribution companies will start to distribute , in addition to their current product offering , Shimano reels , rods and other Shimano fishing tackle products on an exclusive basis .",1,"['as', 'a', 'result', 'the', 'distribution', 'companies', 'will', 'start', 'to', 'distribute', 'in', 'addition', 'to', 'their', 'current', 'product', 'offering', 'shimano', 'reels', 'rods', 'and', 'other', 'shimano', 'fishing', 'tackle', 'products', 'on', 'an', 'exclusive', 'basis']"
769,Cargotec Germany GmbH has been awarded a contract by Stadtverwaltung Mainz for chassis bodies under Open procedure .,1,"['cargotec', 'germany', 'gmbh', 'has', 'been', 'awarded', 'a', 'contract', 'by', 'stadtverwaltung', 'mainz', 'for', 'chassis', 'bodies', 'under', 'open', 'procedure']"
770,CEO Erkki J+ñrvinen is happy with the company 's performance in 2010 .,1,"['ceo', 'erkki', 'j', 'rvinen', 'is', 'happy', 'with', 'the', 'company', 's', 'performance', 'in']"
771,Deliveries have started and the network will be ready for a launch soon .,1,"['deliveries', 'have', 'started', 'and', 'the', 'network', 'will', 'be', 'ready', 'for', 'a', 'launch', 'soon']"
772,"Earnings per share for the quarter were also higher year-on-year at 0.33 eur versus 0.27 , and above market expectations of 0.28 eur .",1,"['earnings', 'per', 'share', 'for', 'the', 'quarter', 'were', 'also', 'higher', 'year', 'on', 'year', 'at', 'eur', 'versus', 'and', 'above', 'market', 'expectations', 'of', 'eur']"
773,"EBITDA for the year 2009 improved to EUR484m , as compared with EUR472m in 2008 .",1,"['ebitda', 'for', 'the', 'year', 'improved', 'to', 'eur', 'm', 'as', 'compared', 'with', 'eur', 'm', 'in']"
774,"Estonian telecoms company Elisa 's customer numbers cross 400,000 TALLINN , Oct 22 , BNS - The Estonian telecommunications company Elisa won approximately 50,000 new clients in the nine months of this year , bringing the number to 401,800 by the end of September , the company said .",1,"['estonian', 'telecoms', 'company', 'elisa', 's', 'customer', 'numbers', 'cross', 'tallinn', 'oct', 'bns', 'the', 'estonian', 'telecommunications', 'company', 'elisa', 'won', 'approximately', 'new', 'clients', 'in', 'the', 'nine', 'months', 'of', 'this', 'year', 'bringing', 'the', 'number', 'to', 'by', 'the', 'end', 'of', 'september', 'the', 'company', 'said']"
775,"Exel Composites ' long-term growth prospects remain favourable , however .",1,"['exel', 'composites', 'long', 'term', 'growth', 'prospects', 'remain', 'favourable', 'however']"
776,fi is developing cooperation in keyword advertising with Microsoft .,1,"['fi', 'is', 'developing', 'cooperation', 'in', 'keyword', 'advertising', 'with', 'microsoft']"
777,"Finnish construction group Lemminkainen Oyj HEL : LEM1S said today it has won a contract to provide technical services for the Nevsky Centre shopping mall to be opened in November in St Petersburg , Russia .",1,"['finnish', 'construction', 'group', 'lemminkainen', 'oyj', 'hel', 'lem', 's', 'said', 'today', 'it', 'has', 'won', 'a', 'contract', 'to', 'provide', 'technical', 'services', 'for', 'the', 'nevsky', 'centre', 'shopping', 'mall', 'to', 'be', 'opened', 'in', 'november', 'in', 'st', 'petersburg', 'russia']"
778,Finnish mobile operator DNA will function as a subcontractor to Maingate and will be responsible for telecommunications connections .,1,"['finnish', 'mobile', 'operator', 'dna', 'will', 'function', 'as', 'a', 'subcontractor', 'to', 'maingate', 'and', 'will', 'be', 'responsible', 'for', 'telecommunications', 'connections']"
779,"Finnish software developer Basware Oyj said on November 30 , 2006 its U.S. subsidiary Basware , Inc. won an order to provide software for contract lifecycle management to an unnamed U.S. medical technology company .",1,"['finnish', 'software', 'developer', 'basware', 'oyj', 'said', 'on', 'november', 'its', 'u', 's', 'subsidiary', 'basware', 'inc', 'won', 'an', 'order', 'to', 'provide', 'software', 'for', 'contract', 'lifecycle', 'management', 'to', 'an', 'unnamed', 'u', 's', 'medical', 'technology', 'company']"
780,"However , sales volumes in the food industry are expected to remain at relatively good levels in Finland and in Scandinavia , Atria said .",1,"['however', 'sales', 'volumes', 'in', 'the', 'food', 'industry', 'are', 'expected', 'to', 'remain', 'at', 'relatively', 'good', 'levels', 'in', 'finland', 'and', 'in', 'scandinavia', 'atria', 'said']"
781,Incap and Lankapaja aim to enter into actual agreement to transfer the sheet-metal production to the buyer in February in order to complete the transfer on 1 March 2011 .,1,"['incap', 'and', 'lankapaja', 'aim', 'to', 'enter', 'into', 'actual', 'agreement', 'to', 'transfer', 'the', 'sheet', 'metal', 'production', 'to', 'the', 'buyer', 'in', 'february', 'in', 'order', 'to', 'complete', 'the', 'transfer', 'on', 'march']"
782,Mr Kivimeister said John Deer former Timberjack stands to win in the situation : it controls around 60 % of Estonia 's forest machinery market .,1,"['mr', 'kivimeister', 'said', 'john', 'deer', 'former', 'timberjack', 'stands', 'to', 'win', 'in', 'the', 'situation', 'it', 'controls', 'around', 'of', 'estonia', 's', 'forest', 'machinery', 'market']"
783,Nokia and Elisa will work together to bring a superior mobile gaming experience for Elisa customers .,1,"['nokia', 'and', 'elisa', 'will', 'work', 'together', 'to', 'bring', 'a', 'superior', 'mobile', 'gaming', 'experience', 'for', 'elisa', 'customers']"
784,Nordea sees a return to positive growth for the Baltic countries in 2011 .,1,"['nordea', 'sees', 'a', 'return', 'to', 'positive', 'growth', 'for', 'the', 'baltic', 'countries', 'in']"
785,Operating profit improved by 16.7 % to EUR 7.7 mn .,1,"['operating', 'profit', 'improved', 'by', 'to', 'eur', 'mn']"
786,Operating profit improved by 39.9 % to EUR 18.0 mn from EUR12 .8 mn .,1,"['operating', 'profit', 'improved', 'by', 'to', 'eur', 'mn', 'from', 'eur', 'mn']"
787,Operating profit improved by 44.0 % to ER 4.7 mn from EUR 3.3 mn in 2004 .,1,"['operating', 'profit', 'improved', 'by', 'to', 'er', 'mn', 'from', 'eur', 'mn', 'in']"
788,Operating profit improved to EUR 20.3 mn from EUR 11.4 mn .,1,"['operating', 'profit', 'improved', 'to', 'eur', 'mn', 'from', 'eur', 'mn']"
789,Outokumpu 's chief executive Juha Rantanen expressed his confidence in China market .,1,"['outokumpu', 's', 'chief', 'executive', 'juha', 'rantanen', 'expressed', 'his', 'confidence', 'in', 'china', 'market']"
790,"Previously , the company anticipated its operating profit to improve over the same period .",1,"['previously', 'the', 'company', 'anticipated', 'its', 'operating', 'profit', 'to', 'improve', 'over', 'the', 'same', 'period']"
791,Productional situation has now improved .,1,"['productional', 'situation', 'has', 'now', 'improved']"
792,Rautaruukki said construction group YIT has awarded it a 2.5 mln eur contract to supply the steel structures for a new bridge spanning the Kemijoki river in Northern Finland .,1,"['rautaruukki', 'said', 'construction', 'group', 'yit', 'has', 'awarded', 'it', 'a', 'mln', 'eur', 'contract', 'to', 'supply', 'the', 'steel', 'structures', 'for', 'a', 'new', 'bridge', 'spanning', 'the', 'kemijoki', 'river', 'in', 'northern', 'finland']"
793,"Sales came in at 241 mln eur , compared with 211.4 mln , and also beating consensus forecasts of 235 mln eur .",1,"['sales', 'came', 'in', 'at', 'mln', 'eur', 'compared', 'with', 'mln', 'and', 'also', 'beating', 'consensus', 'forecasts', 'of', 'mln', 'eur']"
794,"Sales VAT inclusive expanded by 19 percent , to 351 million euros .",1,"['sales', 'vat', 'inclusive', 'expanded', 'by', 'percent', 'to', 'million', 'euros']"
795,Strong growth has continued also in China .,1,"['strong', 'growth', 'has', 'continued', 'also', 'in', 'china']"
796,Synergy benefits will start to materialise in the second quarter .,1,"['synergy', 'benefits', 'will', 'start', 'to', 'materialise', 'in', 'the', 'second', 'quarter']"
797,Teleste and Sentry 360 have formed an integration partnership between Sentry s advanced 360-degree immersive camera product line and Teleste s enterprise video management systems .,1,"['teleste', 'and', 'sentry', 'have', 'formed', 'an', 'integration', 'partnership', 'between', 'sentry', 's', 'advanced', 'degree', 'immersive', 'camera', 'product', 'line', 'and', 'teleste', 's', 'enterprise', 'video', 'management', 'systems']"
798,"Thanks to the multiplying effect of wagon performance , transport will be much more efficient , '' says development manager Juha Malkia from VR Cargo .",1,"['thanks', 'to', 'the', 'multiplying', 'effect', 'of', 'wagon', 'performance', 'transport', 'will', 'be', 'much', 'more', 'efficient', 'says', 'development', 'manager', 'juha', 'malkia', 'from', 'vr', 'cargo']"
799,The ` buy ' recommendation was reiterated .,1,"['the', 'buy', 'recommendation', 'was', 'reiterated']"
800,The aim is to achieve EUR 2.5 mn yearly savings .,1,"['the', 'aim', 'is', 'to', 'achieve', 'eur', 'mn', 'yearly', 'savings']"
801,The borrower was happy to do the roadshow and this paid off as the hit ratio from it was high .,1,"['the', 'borrower', 'was', 'happy', 'to', 'do', 'the', 'roadshow', 'and', 'this', 'paid', 'off', 'as', 'the', 'hit', 'ratio', 'from', 'it', 'was', 'high']"
802,"The company , which makes garden tools , scissors and other consumer goods , said earnings were boosted by 6.9 mln eur of income it received from its 16.7 pct shareholding in Finnish engineering group Wartsila .",1,"['the', 'company', 'which', 'makes', 'garden', 'tools', 'scissors', 'and', 'other', 'consumer', 'goods', 'said', 'earnings', 'were', 'boosted', 'by', 'mln', 'eur', 'of', 'income', 'it', 'received', 'from', 'its', 'pct', 'shareholding', 'in', 'finnish', 'engineering', 'group', 'wartsila']"
803,The company anticipates its turnover for the whole 2010 to surpass that of the previous year when it was EUR 67.1 million .,1,"['the', 'company', 'anticipates', 'its', 'turnover', 'for', 'the', 'whole', 'to', 'surpass', 'that', 'of', 'the', 'previous', 'year', 'when', 'it', 'was', 'eur', 'million']"
804,The EPS improved to EUR0 .38 from EUR0 .27 .,1,"['the', 'eps', 'improved', 'to', 'eur', 'from', 'eur']"
805,The expansion aims to attract new customers both in Finland and abroad .,1,"['the', 'expansion', 'aims', 'to', 'attract', 'new', 'customers', 'both', 'in', 'finland', 'and', 'abroad']"
806,The Federal Secretary for Transport and Communication of Mexico has awarded Poyry and its Mexican partner Sintra a consulting contract in connection with the Buenavista-Cuautitlan suburban railway .,1,"['the', 'federal', 'secretary', 'for', 'transport', 'and', 'communication', 'of', 'mexico', 'has', 'awarded', 'poyry', 'and', 'its', 'mexican', 'partner', 'sintra', 'a', 'consulting', 'contract', 'in', 'connection', 'with', 'the', 'buenavista', 'cuautitlan', 'suburban', 'railway']"
807,"The financial impact is estimated to be an annual improvement of EUR2 .0 m in the division 's results , as of fiscal year 2008 .",1,"['the', 'financial', 'impact', 'is', 'estimated', 'to', 'be', 'an', 'annual', 'improvement', 'of', 'eur', 'm', 'in', 'the', 'division', 's', 'results', 'as', 'of', 'fiscal', 'year']"
808,"The financial impact is estimated to be some 1.5 MEUR annual improvement in the division 's result , starting from fiscal year 2007 .",1,"['the', 'financial', 'impact', 'is', 'estimated', 'to', 'be', 'some', 'meur', 'annual', 'improvement', 'in', 'the', 'division', 's', 'result', 'starting', 'from', 'fiscal', 'year']"
809,The Finnish group anticipates a sales gain of EUR42m after tax and expenses .,1,"['the', 'finnish', 'group', 'anticipates', 'a', 'sales', 'gain', 'of', 'eur', 'm', 'after', 'tax', 'and', 'expenses']"
810,"The launch of the plant in June went well , and it has been producing the advanced fuel for a couple of weeks .",1,"['the', 'launch', 'of', 'the', 'plant', 'in', 'june', 'went', 'well', 'and', 'it', 'has', 'been', 'producing', 'the', 'advanced', 'fuel', 'for', 'a', 'couple', 'of', 'weeks']"
811,The parties have agreed to negotiate definitive distribution and license agreements by the end of June 2010 .,1,"['the', 'parties', 'have', 'agreed', 'to', 'negotiate', 'definitive', 'distribution', 'and', 'license', 'agreements', 'by', 'the', 'end', 'of', 'june']"
812,The rationalization of the operations seeks to achieve over EUR 1 million in yearly savings as from the second quarter of the current financial year .,1,"['the', 'rationalization', 'of', 'the', 'operations', 'seeks', 'to', 'achieve', 'over', 'eur', 'million', 'in', 'yearly', 'savings', 'as', 'from', 'the', 'second', 'quarter', 'of', 'the', 'current', 'financial', 'year']"
813,"The sale , which will result in a gain of some EUR 60 million in the second quarter of 2010 for Oriola-KD , supports the Finnish company 's strategy to focus on pharmaceutical wholesale and retail operations .",1,"['the', 'sale', 'which', 'will', 'result', 'in', 'a', 'gain', 'of', 'some', 'eur', 'million', 'in', 'the', 'second', 'quarter', 'of', 'for', 'oriola', 'kd', 'supports', 'the', 'finnish', 'company', 's', 'strategy', 'to', 'focus', 'on', 'pharmaceutical', 'wholesale', 'and', 'retail', 'operations']"
814,The stock of new machines is reasonably small and new orders bring work .,1,"['the', 'stock', 'of', 'new', 'machines', 'is', 'reasonably', 'small', 'and', 'new', 'orders', 'bring', 'work']"
815,The third order awarded to Outokumpu Technology is by Shalkiya Zinc of Kazakhstan for the Shalkiya zinc-lead project in Kazakhstan .,1,"['the', 'third', 'order', 'awarded', 'to', 'outokumpu', 'technology', 'is', 'by', 'shalkiya', 'zinc', 'of', 'kazakhstan', 'for', 'the', 'shalkiya', 'zinc', 'lead', 'project', 'in', 'kazakhstan']"
816,These companies will be able to keep their market positions .,1,"['these', 'companies', 'will', 'be', 'able', 'to', 'keep', 'their', 'market', 'positions']"
817,This acquisition supports our strategy of being close to our customers all around the world offering both equipment and related services .,1,"['this', 'acquisition', 'supports', 'our', 'strategy', 'of', 'being', 'close', 'to', 'our', 'customers', 'all', 'around', 'the', 'world', 'offering', 'both', 'equipment', 'and', 'related', 'services']"
818,"Turun kaupunkin , Finland based company has awarded contract to Lemminkainen Talotekniikka Oy for electrical installation work .",1,"['turun', 'kaupunkin', 'finland', 'based', 'company', 'has', 'awarded', 'contract', 'to', 'lemminkainen', 'talotekniikka', 'oy', 'for', 'electrical', 'installation', 'work']"
819,The world 's biggest magazine paper maker said the program to improve efficiency will include closing several of its least competitive mills and would cover all the company 's operations resulting in annual savings of some euro200 million US$ 240 million .,1,"['the', 'world', 's', 'biggest', 'magazine', 'paper', 'maker', 'said', 'the', 'program', 'to', 'improve', 'efficiency', 'will', 'include', 'closing', 'several', 'of', 'its', 'least', 'competitive', 'mills', 'and', 'would', 'cover', 'all', 'the', 'company', 's', 'operations', 'resulting', 'in', 'annual', 'savings', 'of', 'some', 'euro', 'million', 'us', 'million']"
820,These moderate but significant changes resulted in a significant 24-32 % reduction in the estimated CVD risk .,1,"['these', 'moderate', 'but', 'significant', 'changes', 'resulted', 'in', 'a', 'significant', 'reduction', 'in', 'the', 'estimated', 'cvd', 'risk']"
821,Uponor improved its performance in spite of the decrease in residential construction in the US .,1,"['uponor', 'improved', 'its', 'performance', 'in', 'spite', 'of', 'the', 'decrease', 'in', 'residential', 'construction', 'in', 'the', 'us']"
822,"Israeli cable network operator HOT Telecom has chosen Teleste , an international technology group , as its exclusive provider of FTTx equipment in Israel , according to Teleste today .",1,"['israeli', 'cable', 'network', 'operator', 'hot', 'telecom', 'has', 'chosen', 'teleste', 'an', 'international', 'technology', 'group', 'as', 'its', 'exclusive', 'provider', 'of', 'fttx', 'equipment', 'in', 'israel', 'according', 'to', 'teleste', 'today']"
823,"About Marubeni Marubeni Corporation TSE : 8002 ; ADR : MARUY was established in 1858 , and is a core company of Marubeni Group , one of Japan 's leading general trading houses .",1,"['about', 'marubeni', 'marubeni', 'corporation', 'tse', 'adr', 'maruy', 'was', 'established', 'in', 'and', 'is', 'a', 'core', 'company', 'of', 'marubeni', 'group', 'one', 'of', 'japan', 's', 'leading', 'general', 'trading', 'houses']"
824,"By implementing the software the Finnish Army aims to unify and improve its operations in these application areas , QPR Software stated .",1,"['by', 'implementing', 'the', 'software', 'the', 'finnish', 'army', 'aims', 'to', 'unify', 'and', 'improve', 'its', 'operations', 'in', 'these', 'application', 'areas', 'qpr', 'software', 'stated']"
825,"Fiskars , the World 's  1 Scissors Brand TM , recently won Learning -« Magazine 's 2011 Teachers ' Choice Award for the Classroom .",1,"['fiskars', 'the', 'world', 's', 'scissors', 'brand', 'tm', 'recently', 'won', 'learning', 'magazine', 's', 'teachers', 'choice', 'award', 'for', 'the', 'classroom']"
826,He believes that the soy-oats have a good chance of entering the UK market .,1,"['he', 'believes', 'that', 'the', 'soy', 'oats', 'have', 'a', 'good', 'chance', 'of', 'entering', 'the', 'uk', 'market']"
827,"Kai Tulonen , Chief Technology Officer , SysOpen Digia says : `` We have been using Corporate Phonebook inside SysOpen Digia extensively since last fall , and we have been very satisfied with the results .",1,"['kai', 'tulonen', 'chief', 'technology', 'officer', 'sysopen', 'digia', 'says', 'we', 'have', 'been', 'using', 'corporate', 'phonebook', 'inside', 'sysopen', 'digia', 'extensively', 'since', 'last', 'fall', 'and', 'we', 'have', 'been', 'very', 'satisfied', 'with', 'the', 'results']"
828,"Last year , Lemminkainen completed the Kouvola K-supermarket contract .",1,"['last', 'year', 'lemminkainen', 'completed', 'the', 'kouvola', 'k', 'supermarket', 'contract']"
829,"Metrics in QPR ScoreCard now support date , text and milestone-based values , which improve its support for managing projects around performance or process-related content .",1,"['metrics', 'in', 'qpr', 'scorecard', 'now', 'support', 'date', 'text', 'and', 'milestone', 'based', 'values', 'which', 'improve', 'its', 'support', 'for', 'managing', 'projects', 'around', 'performance', 'or', 'process', 'related', 'content']"
830,Other carriers and handset makers spin it as a positive event that will raise interest for higher-end phones and pricier data plans .,1,"['other', 'carriers', 'and', 'handset', 'makers', 'spin', 'it', 'as', 'a', 'positive', 'event', 'that', 'will', 'raise', 'interest', 'for', 'higher', 'end', 'phones', 'and', 'pricier', 'data', 'plans']"
831,"Pearl Plaza LLC , the joint venture of SRV and Shanghai Industrial Investment Holdings Co Ltd , has concluded the investment decision on construction of the first phase of the shopping center in Saint Petersburg , Russia .",1,"['pearl', 'plaza', 'llc', 'the', 'joint', 'venture', 'of', 'srv', 'and', 'shanghai', 'industrial', 'investment', 'holdings', 'co', 'ltd', 'has', 'concluded', 'the', 'investment', 'decision', 'on', 'construction', 'of', 'the', 'first', 'phase', 'of', 'the', 'shopping', 'center', 'in', 'saint', 'petersburg', 'russia']"
832,"Technopolis and the St. Petersburg government signed a cooperation memorandum in October 2005 to set up a techno-park in the Neudorf production zone in the village of Strelny , in the St. Petersburg suburbs .",1,"['technopolis', 'and', 'the', 'st', 'petersburg', 'government', 'signed', 'a', 'cooperation', 'memorandum', 'in', 'october', 'to', 'set', 'up', 'a', 'techno', 'park', 'in', 'the', 'neudorf', 'production', 'zone', 'in', 'the', 'village', 'of', 'strelny', 'in', 'the', 'st', 'petersburg', 'suburbs']"
833,"Tekla Structures BIM Building Information Modeling software is being developed according to a long-term plan of improved user experience , process , and functionality .",1,"['tekla', 'structures', 'bim', 'building', 'information', 'modeling', 'software', 'is', 'being', 'developed', 'according', 'to', 'a', 'long', 'term', 'plan', 'of', 'improved', 'user', 'experience', 'process', 'and', 'functionality']"
834,TeliaSonera is the leading telecommunications company in the Nordic and Baltic regions .,1,"['teliasonera', 'is', 'the', 'leading', 'telecommunications', 'company', 'in', 'the', 'nordic', 'and', 'baltic', 'regions']"
835,"The report provides a comprehensive insight into the company , including business structure and operations , executive biographies and key competitors .",1,"['the', 'report', 'provides', 'a', 'comprehensive', 'insight', 'into', 'the', 'company', 'including', 'business', 'structure', 'and', 'operations', 'executive', 'biographies', 'and', 'key', 'competitors']"
836,"The services also give the supplier opportunity to key-in invoices , receive orders electronically , to send order confirmations and to upload and create electronic catalogues .",1,"['the', 'services', 'also', 'give', 'the', 'supplier', 'opportunity', 'to', 'key', 'in', 'invoices', 'receive', 'orders', 'electronically', 'to', 'send', 'order', 'confirmations', 'and', 'to', 'upload', 'and', 'create', 'electronic', 'catalogues']"
837,This is the second successful effort for the financial investor this year .,1,"['this', 'is', 'the', 'second', 'successful', 'effort', 'for', 'the', 'financial', 'investor', 'this', 'year']"
838,: Lietuvos Respublikos sveikatos apsaugos ministerija has awarded contract to UAB `` AFFECTO LIETUVA '' for financial systems software package .,1,"['lietuvos', 'respublikos', 'sveikatos', 'apsaugos', 'ministerija', 'has', 'awarded', 'contract', 'to', 'uab', 'affecto', 'lietuva', 'for', 'financial', 'systems', 'software', 'package']"
839,"` For Nordea , moving into the new headquarters signifies the beginning of a new era .",1,"['for', 'nordea', 'moving', 'into', 'the', 'new', 'headquarters', 'signifies', 'the', 'beginning', 'of', 'a', 'new', 'era']"
840,"`` I 'm happy with the outcome , '' Sneed said after the hearing .",1,"['i', 'm', 'happy', 'with', 'the', 'outcome', 'sneed', 'said', 'after', 'the', 'hearing']"
841,"`` Installation of the automatic varnishing line is an important part of the company 's strategy in the region of central and eastern Europe , '' said Jozef Misurec , the director of Ruukki Slovakia .",1,"['installation', 'of', 'the', 'automatic', 'varnishing', 'line', 'is', 'an', 'important', 'part', 'of', 'the', 'company', 's', 'strategy', 'in', 'the', 'region', 'of', 'central', 'and', 'eastern', 'europe', 'said', 'jozef', 'misurec', 'the', 'director', 'of', 'ruukki', 'slovakia']"
842,`` It allows the young child to move forward with his life . '',1,"['it', 'allows', 'the', 'young', 'child', 'to', 'move', 'forward', 'with', 'his', 'life']"
843,"`` Our decision and resolve on MeeGo is only stronger , '' she continued .",1,"['our', 'decision', 'and', 'resolve', 'on', 'meego', 'is', 'only', 'stronger', 'she', 'continued']"
844,1 November 2010 - Finnish textile and clothing company Marimekko Oyj ( HEL : MMO1V ) announced on Friday the opening of its first concept store in Seoul in cooperation with Japanese sector player Look Inc ( TYO : 8029 ) .,1,"['november', 'finnish', 'textile', 'and', 'clothing', 'company', 'marimekko', 'oyj', 'hel', 'mmo', 'v', 'announced', 'on', 'friday', 'the', 'opening', 'of', 'its', 'first', 'concept', 'store', 'in', 'seoul', 'in', 'cooperation', 'with', 'japanese', 'sector', 'player', 'look', 'inc', 'tyo']"
845,A new production line is being completed for the contract production of hormone treatments .,1,"['a', 'new', 'production', 'line', 'is', 'being', 'completed', 'for', 'the', 'contract', 'production', 'of', 'hormone', 'treatments']"
846,About Elcoteq Elcoteq SE is a leading electronics manufacturing services ( EMS ) company in the communications technology field .,1,"['about', 'elcoteq', 'elcoteq', 'se', 'is', 'a', 'leading', 'electronics', 'manufacturing', 'services', 'ems', 'company', 'in', 'the', 'communications', 'technology', 'field']"
847,About Nokia Nokia is a pioneer in mobile telecommunications and the world 's leading maker of mobile devices .,1,"['about', 'nokia', 'nokia', 'is', 'a', 'pioneer', 'in', 'mobile', 'telecommunications', 'and', 'the', 'world', 's', 'leading', 'maker', 'of', 'mobile', 'devices']"
848,"Finnish GeoSentric , a developer and provider of solutions , products , and technologies for location based services , has preliminary agreed on a EUR 6mn short-term funding with its leading investor .",1,"['finnish', 'geosentric', 'a', 'developer', 'and', 'provider', 'of', 'solutions', 'products', 'and', 'technologies', 'for', 'location', 'based', 'services', 'has', 'preliminary', 'agreed', 'on', 'a', 'eur', 'mn', 'short', 'term', 'funding', 'with', 'its', 'leading', 'investor']"
849,Finnish Raisio ( Diagnostics ) is launching new DNA-based quick tests to ensure the safety of food .,1,"['finnish', 'raisio', 'diagnostics', 'is', 'launching', 'new', 'dna', 'based', 'quick', 'tests', 'to', 'ensure', 'the', 'safety', 'of', 'food']"
850,"Finnish Suominen Corporation that makes wet wipes , nonwovens , and flexible packaging is starting employer-employee negotiations at its Tampere plant in Finland to lay off about 25 employees .",0,"['finnish', 'suominen', 'corporation', 'that', 'makes', 'wet', 'wipes', 'nonwovens', 'and', 'flexible', 'packaging', 'is', 'starting', 'employer', 'employee', 'negotiations', 'at', 'its', 'tampere', 'plant', 'in', 'finland', 'to', 'lay', 'off', 'about', 'employees']"
851,"According to Arokarhu , some of the purchases that had been scanned into the cash register computer disappeared when the total sum key was pressed .",0,"['according', 'to', 'arokarhu', 'some', 'of', 'the', 'purchases', 'that', 'had', 'been', 'scanned', 'into', 'the', 'cash', 'register', 'computer', 'disappeared', 'when', 'the', 'total', 'sum', 'key', 'was', 'pressed']"
852,"According to the company , staff will be laid off temporarily when necessary .",0,"['according', 'to', 'the', 'company', 'staff', 'will', 'be', 'laid', 'off', 'temporarily', 'when', 'necessary']"
853,Altia 's operating profit jumped to EUR 47 million from EUR 6.6 million .,1,"['altia', 's', 'operating', 'profit', 'jumped', 'to', 'eur', 'million', 'from', 'eur', 'million']"
854,Altimo and TeliaSonera said yesterday that Usmanov would be welcome to join the new company .,1,"['altimo', 'and', 'teliasonera', 'said', 'yesterday', 'that', 'usmanov', 'would', 'be', 'welcome', 'to', 'join', 'the', 'new', 'company']"
855,As a result of the negotiations the employment of 130 blue - and white-collar employees at the Oulu plant would be terminated .,0,"['as', 'a', 'result', 'of', 'the', 'negotiations', 'the', 'employment', 'of', 'blue', 'and', 'white', 'collar', 'employees', 'at', 'the', 'oulu', 'plant', 'would', 'be', 'terminated']"
856,Atria Group is a leading Scandinavian meat products group .,1,"['atria', 'group', 'is', 'a', 'leading', 'scandinavian', 'meat', 'products', 'group']"
857,"Atria will launch a campaign in September to promote the CampoMos brand on the Moscow market , he said .",1,"['atria', 'will', 'launch', 'a', 'campaign', 'in', 'september', 'to', 'promote', 'the', 'campomos', 'brand', 'on', 'the', 'moscow', 'market', 'he', 'said']"
858,"BG AD , Bulgaria 's leading Internet company .",1,"['bg', 'ad', 'bulgaria', 's', 'leading', 'internet', 'company']"
859,Certain shareholders have irrevocably agreed to vote in favor of the bond issue .,1,"['certain', 'shareholders', 'have', 'irrevocably', 'agreed', 'to', 'vote', 'in', 'favor', 'of', 'the', 'bond', 'issue']"
860,"Demand seems to have hit bottom now , and some signs of improvement can be seen .",1,"['demand', 'seems', 'to', 'have', 'hit', 'bottom', 'now', 'and', 'some', 'signs', 'of', 'improvement', 'can', 'be', 'seen']"
861,"Employees are also better prepared to answer calls , since they already have detailed information about the caller before they answer the phone . ''",1,"['employees', 'are', 'also', 'better', 'prepared', 'to', 'answer', 'calls', 'since', 'they', 'already', 'have', 'detailed', 'information', 'about', 'the', 'caller', 'before', 'they', 'answer', 'the', 'phone']"
862,Finnish automation solutions developer Cencorp Corporation ( OMX Helsinki : CNC1V ) said on Friday ( 27 June ) that it has completed employee negotiations regarding a reorganisation of its operations .,1,"['finnish', 'automation', 'solutions', 'developer', 'cencorp', 'corporation', 'omx', 'helsinki', 'cnc', 'v', 'said', 'on', 'friday', 'june', 'that', 'it', 'has', 'completed', 'employee', 'negotiations', 'regarding', 'a', 'reorganisation', 'of', 'its', 'operations']"
863,"Finnish engineering and technology company Metso Oyj said on May 27 , 2008 it completed the acquisition of paper machinery technology from Japanese engineering company Mitsubishi Heavy Industries ( MHI ) for an undisclosed sum .",1,"['finnish', 'engineering', 'and', 'technology', 'company', 'metso', 'oyj', 'said', 'on', 'may', 'it', 'completed', 'the', 'acquisition', 'of', 'paper', 'machinery', 'technology', 'from', 'japanese', 'engineering', 'company', 'mitsubishi', 'heavy', 'industries', 'mhi', 'for', 'an', 'undisclosed', 'sum']"
864,"Furthermore , our fully electrically driven cranes are environmentally friendly .",1,"['furthermore', 'our', 'fully', 'electrically', 'driven', 'cranes', 'are', 'environmentally', 'friendly']"
865,Grapevine city officials in September approved $ 35 million in tax rebates and grants for the expansion .,1,"['grapevine', 'city', 'officials', 'in', 'september', 'approved', 'million', 'in', 'tax', 'rebates', 'and', 'grants', 'for', 'the', 'expansion']"
866,He also mentions that this improvement to the service follows the recent expansion of the Finnlines service from Bilbao via Antwerp and Helsinki and from Hull via Helsinki to St. Petersburg .,1,"['he', 'also', 'mentions', 'that', 'this', 'improvement', 'to', 'the', 'service', 'follows', 'the', 'recent', 'expansion', 'of', 'the', 'finnlines', 'service', 'from', 'bilbao', 'via', 'antwerp', 'and', 'helsinki', 'and', 'from', 'hull', 'via', 'helsinki', 'to', 'st', 'petersburg']"
867,"Iggesunds Bruk in Sweden is one of the most advanced , fully integrated pulp and paperboard mills in the world .",1,"['iggesunds', 'bruk', 'in', 'sweden', 'is', 'one', 'of', 'the', 'most', 'advanced', 'fully', 'integrated', 'pulp', 'and', 'paperboard', 'mills', 'in', 'the', 'world']"
868,"In the Homeware area , Fiskars provides leading branded products for home , kitchen , and interior design .",1,"['in', 'the', 'homeware', 'area', 'fiskars', 'provides', 'leading', 'branded', 'products', 'for', 'home', 'kitchen', 'and', 'interior', 'design']"
869,It is a solid credit that has been compared to a DZ Bank or a Rabobank .,1,"['it', 'is', 'a', 'solid', 'credit', 'that', 'has', 'been', 'compared', 'to', 'a', 'dz', 'bank', 'or', 'a', 'rabobank']"
870,"Jawad Williams scored 23 points in an impressive debut for Jerusalem , with Jason Rich adding 18 and Yuval Naimi chipping in with 16 points for Hapoel , which visits the yellow-and-blue next week .",1,"['jawad', 'williams', 'scored', 'points', 'in', 'an', 'impressive', 'debut', 'for', 'jerusalem', 'with', 'jason', 'rich', 'adding', 'and', 'yuval', 'naimi', 'chipping', 'in', 'with', 'points', 'for', 'hapoel', 'which', 'visits', 'the', 'yellow', 'and', 'blue', 'next', 'week']"
871,( I&H ) in a move to enhance growth .,1,"['i', 'h', 'in', 'a', 'move', 'to', 'enhance', 'growth']"
872,"More than 200 volunteers from Fiskars , the garden tool company , Home Depot ( NYSE : HD ) , the city of Baltimore and the neighborhood are working right now to create a garden sanctuary - in a single day .",1,"['more', 'than', 'volunteers', 'from', 'fiskars', 'the', 'garden', 'tool', 'company', 'home', 'depot', 'nyse', 'hd', 'the', 'city', 'of', 'baltimore', 'and', 'the', 'neighborhood', 'are', 'working', 'right', 'now', 'to', 'create', 'a', 'garden', 'sanctuary', 'in', 'a', 'single', 'day']"
873,NASDAQ-listed Yahoo Inc has introduced a new service that enables Malaysians to take their favorite Internet content and services with them on their mobile phones .,1,"['nasdaq', 'listed', 'yahoo', 'inc', 'has', 'introduced', 'a', 'new', 'service', 'that', 'enables', 'malaysians', 'to', 'take', 'their', 'favorite', 'internet', 'content', 'and', 'services', 'with', 'them', 'on', 'their', 'mobile', 'phones']"
874,"Nordea Bank ( STO : NDA ) and Sampo Bank have helped Finnish real estate investment company Sponda ( HEL : SDA1V ) place a EUR100m ( USD125 .4 m ) domestic bond , the company said Friday .",1,"['nordea', 'bank', 'sto', 'nda', 'and', 'sampo', 'bank', 'have', 'helped', 'finnish', 'real', 'estate', 'investment', 'company', 'sponda', 'hel', 'sda', 'v', 'place', 'a', 'eur', 'm', 'usd', 'm', 'domestic', 'bond', 'the', 'company', 'said', 'friday']"
875,"O'Leary 's Material Handling Services , located in Perth , is the leading company in Western Australia that supplies , installs and provides service for tail lifts .",1,"['o', 'leary', 's', 'material', 'handling', 'services', 'located', 'in', 'perth', 'is', 'the', 'leading', 'company', 'in', 'western', 'australia', 'that', 'supplies', 'installs', 'and', 'provides', 'service', 'for', 'tail', 'lifts']"
876,One attractive factor about the tablets for media companies is that they provide a new way of making money .,1,"['one', 'attractive', 'factor', 'about', 'the', 'tablets', 'for', 'media', 'companies', 'is', 'that', 'they', 'provide', 'a', 'new', 'way', 'of', 'making', 'money']"
877,One of Uponor 's promising future products is a hydronic cooling system .,1,"['one', 'of', 'uponor', 's', 'promising', 'future', 'products', 'is', 'a', 'hydronic', 'cooling', 'system']"
878,"Our strong company brands - ESL Shipping , Leipurin , Telko and Kaukomarkkinat - aim to be the market leaders in their sectors .",1,"['our', 'strong', 'company', 'brands', 'esl', 'shipping', 'leipurin', 'telko', 'and', 'kaukomarkkinat', 'aim', 'to', 'be', 'the', 'market', 'leaders', 'in', 'their', 'sectors']"
879,"Overall , 50 percent of respondents were confident about their security when banking online .",1,"['overall', 'percent', 'of', 'respondents', 'were', 'confident', 'about', 'their', 'security', 'when', 'banking', 'online']"
880,Poyry is recognized as one of the world 's leading advisors to the global forestry industry .,1,"['poyry', 'is', 'recognized', 'as', 'one', 'of', 'the', 'world', 's', 'leading', 'advisors', 'to', 'the', 'global', 'forestry', 'industry']"
881,Precedex is approved for IV sedation of initially intubated and mechanically ventilated patients in intensive care .,1,"['precedex', 'is', 'approved', 'for', 'iv', 'sedation', 'of', 'initially', 'intubated', 'and', 'mechanically', 'ventilated', 'patients', 'in', 'intensive', 'care']"
882,Ramirent is a leading company in machinery and equipment rentals for construction and industry .,1,"['ramirent', 'is', 'a', 'leading', 'company', 'in', 'machinery', 'and', 'equipment', 'rentals', 'for', 'construction', 'and', 'industry']"
883,Ramirent is the leading construction machinery rental company in Finland with annual sales of EUR 134 million in 2009 and operating nationwide through 83 outlets and 612 employees .,1,"['ramirent', 'is', 'the', 'leading', 'construction', 'machinery', 'rental', 'company', 'in', 'finland', 'with', 'annual', 'sales', 'of', 'eur', 'million', 'in', 'and', 'operating', 'nationwide', 'through', 'outlets', 'and', 'employees']"
884,"Russia 's top container shipping group , Fesco , and Finnish logistics company Nurminen Logistics have started a pilot project offering clients direct intermodal transportation service from Finland to Asia Pacific countries , Fesco said in a statement .",1,"['russia', 's', 'top', 'container', 'shipping', 'group', 'fesco', 'and', 'finnish', 'logistics', 'company', 'nurminen', 'logistics', 'have', 'started', 'a', 'pilot', 'project', 'offering', 'clients', 'direct', 'intermodal', 'transportation', 'service', 'from', 'finland', 'to', 'asia', 'pacific', 'countries', 'fesco', 'said', 'in', 'a', 'statement']"
885,Shareholders of Rakvere Lihakombinaat decided in favor of the buyout of minority shares in mid-July .,1,"['shareholders', 'of', 'rakvere', 'lihakombinaat', 'decided', 'in', 'favor', 'of', 'the', 'buyout', 'of', 'minority', 'shares', 'in', 'mid', 'july']"
886,Technopolis is Europe 's leading operator of technoparks .,1,"['technopolis', 'is', 'europe', 's', 'leading', 'operator', 'of', 'technoparks']"
887,The company 's strength is its Apetit brand .,1,"['the', 'company', 's', 'strength', 'is', 'its', 'apetit', 'brand']"
888,"The competition was received with great enthusiasm by the employees , he goes on .",1,"['the', 'competition', 'was', 'received', 'with', 'great', 'enthusiasm', 'by', 'the', 'employees', 'he', 'goes', 'on']"
889,The effect of the savings will be noticeable as of the beginning of 2010 .,1,"['the', 'effect', 'of', 'the', 'savings', 'will', 'be', 'noticeable', 'as', 'of', 'the', 'beginning', 'of']"
890,The price for logs has clearly improved from 2009 and also the price of pulpwood has gone up .,1,"['the', 'price', 'for', 'logs', 'has', 'clearly', 'improved', 'from', 'and', 'also', 'the', 'price', 'of', 'pulpwood', 'has', 'gone', 'up']"
891,The shopping center will have a prime location right next to the Myllypuro metro station .,1,"['the', 'shopping', 'center', 'will', 'have', 'a', 'prime', 'location', 'right', 'next', 'to', 'the', 'myllypuro', 'metro', 'station']"
892,The solutions will be used for upgrading the networks of a Russian MSO in 37 different cities in Russia .,1,"['the', 'solutions', 'will', 'be', 'used', 'for', 'upgrading', 'the', 'networks', 'of', 'a', 'russian', 'mso', 'in', 'different', 'cities', 'in', 'russia']"
893,The training modules aim at strengthening the public accounting abilities and fulfilling communal project management .,1,"['the', 'training', 'modules', 'aim', 'at', 'strengthening', 'the', 'public', 'accounting', 'abilities', 'and', 'fulfilling', 'communal', 'project', 'management']"
894,Through this transaction we are able to participate in developing the industry .,1,"['through', 'this', 'transaction', 'we', 'are', 'able', 'to', 'participate', 'in', 'developing', 'the', 'industry']"
895,"Upgrades include a five megapixel camera , voice control , and what looks to be an optical mouse instead a D-pad -- an upgrade click-happy S60 has needed forever .",1,"['upgrades', 'include', 'a', 'five', 'megapixel', 'camera', 'voice', 'control', 'and', 'what', 'looks', 'to', 'be', 'an', 'optical', 'mouse', 'instead', 'a', 'd', 'pad', 'an', 'upgrade', 'click', 'happy', 's', 'has', 'needed', 'forever']"
896,UPM-Kymmene is one of the world 's leading printing paper producers with production in 15 countries and a sales network covering more than 170 companies .,1,"['upm', 'kymmene', 'is', 'one', 'of', 'the', 'world', 's', 'leading', 'printing', 'paper', 'producers', 'with', 'production', 'in', 'countries', 'and', 'a', 'sales', 'network', 'covering', 'more', 'than', 'companies']"
897,"We warmly welcome him to Satama '' , states Jussi Lansio , chairman of the Board .",1,"['we', 'warmly', 'welcome', 'him', 'to', 'satama', 'states', 'jussi', 'lansio', 'chairman', 'of', 'the', 'board']"
898,"` Ruukki has experience of logistics construction , competence in project management and also has the best references in terms of steel frame production and installation , ' says Onodi Stefan , General Manager of Arxikon Construction Company SRL , which is Ruukki 's customer .",1,"['ruukki', 'has', 'experience', 'of', 'logistics', 'construction', 'competence', 'in', 'project', 'management', 'and', 'also', 'has', 'the', 'best', 'references', 'in', 'terms', 'of', 'steel', 'frame', 'production', 'and', 'installation', 'says', 'onodi', 'stefan', 'general', 'manager', 'of', 'arxikon', 'construction', 'company', 'srl', 'which', 'is', 'ruukki', 's', 'customer']"
899,`` I warmly welcome Michael Frei to Outotec .,1,"['i', 'warmly', 'welcome', 'michael', 'frei', 'to', 'outotec']"
900,"`` The acquisition of Sampo Bank makes strategic sense for DB , '' says Lindsey Liddell , director of Fitch Ratings 's Financial Institutions Group .",1,"['the', 'acquisition', 'of', 'sampo', 'bank', 'makes', 'strategic', 'sense', 'for', 'db', 'says', 'lindsey', 'liddell', 'director', 'of', 'fitch', 'ratings', 's', 'financial', 'institutions', 'group']"
901,`` The CHF is a great product .,1,"['the', 'chf', 'is', 'a', 'great', 'product']"
902,"`` The Intel Atom processor has had tremendous success in the marketplace since its launch over 2 years ago , '' said Pankaj Kedia , director of global ecosystem programs for Intel Corp. 's Ultra Mobility Group .",1,"['the', 'intel', 'atom', 'processor', 'has', 'had', 'tremendous', 'success', 'in', 'the', 'marketplace', 'since', 'its', 'launch', 'over', 'years', 'ago', 'said', 'pankaj', 'kedia', 'director', 'of', 'global', 'ecosystem', 'programs', 'for', 'intel', 'corp', 's', 'ultra', 'mobility', 'group']"
903,"`` We have significant experience in smartphone functionality , in the development of mobile Internet services , and in uniting the two into a smooth user experience .",1,"['we', 'have', 'significant', 'experience', 'in', 'smartphone', 'functionality', 'in', 'the', 'development', 'of', 'mobile', 'internet', 'services', 'and', 'in', 'uniting', 'the', 'two', 'into', 'a', 'smooth', 'user', 'experience']"
904,A new Kveyt light variety of Suomalainen Pekoni marketed under the Atria brand name is now available to consumers in Finland .,1,"['a', 'new', 'kveyt', 'light', 'variety', 'of', 'suomalainen', 'pekoni', 'marketed', 'under', 'the', 'atria', 'brand', 'name', 'is', 'now', 'available', 'to', 'consumers', 'in', 'finland']"
905,A realignment of interests in the sector is clearly under way .,1,"['a', 'realignment', 'of', 'interests', 'in', 'the', 'sector', 'is', 'clearly', 'under', 'way']"
906,"Finnish construction company YIT Corporation is planning to build about 200 high-quality holiday homes near the Tahko ski and spa resort , in Finland .",1,"['finnish', 'construction', 'company', 'yit', 'corporation', 'is', 'planning', 'to', 'build', 'about', 'high', 'quality', 'holiday', 'homes', 'near', 'the', 'tahko', 'ski', 'and', 'spa', 'resort', 'in', 'finland']"
907,"At a press conference , Lattelecom board chairman Nils Melngailis explained that Blackstone had been chosen for its experience in the IT sector as well as its financial strength .",1,"['at', 'a', 'press', 'conference', 'lattelecom', 'board', 'chairman', 'nils', 'melngailis', 'explained', 'that', 'blackstone', 'had', 'been', 'chosen', 'for', 'its', 'experience', 'in', 'the', 'it', 'sector', 'as', 'well', 'as', 'its', 'financial', 'strength']"
908,"com , and we are constantly planning new ways to serve our customers online on a more comprehensive basis , '' says Matti Leminen , President of Anttila Oy .",1,"['com', 'and', 'we', 'are', 'constantly', 'planning', 'new', 'ways', 'to', 'serve', 'our', 'customers', 'online', 'on', 'a', 'more', 'comprehensive', 'basis', 'says', 'matti', 'leminen', 'president', 'of', 'anttila', 'oy']"
909,"Finnish retailer Stockmann has won approval from the board of Swedish rival Lindex for a public tender offer with the aim of expanding the companies ' presence in Russia and other CEE countries , Stockmann said Monday .",1,"['finnish', 'retailer', 'stockmann', 'has', 'won', 'approval', 'from', 'the', 'board', 'of', 'swedish', 'rival', 'lindex', 'for', 'a', 'public', 'tender', 'offer', 'with', 'the', 'aim', 'of', 'expanding', 'the', 'companies', 'presence', 'in', 'russia', 'and', 'other', 'cee', 'countries', 'stockmann', 'said', 'monday']"
910,"Finnish software and hardware developer Elektrobit Oyj HEL : EBG1V , or EB , said today it will temporarily lay off up to 200 people for a maximum of 90 day in Finland , aiming to achieve cost savings of EUR 1.7 million USD 2m in the second half of 2010 .",0,"['finnish', 'software', 'and', 'hardware', 'developer', 'elektrobit', 'oyj', 'hel', 'ebg', 'v', 'or', 'eb', 'said', 'today', 'it', 'will', 'temporarily', 'lay', 'off', 'up', 'to', 'people', 'for', 'a', 'maximum', 'of', 'day', 'in', 'finland', 'aiming', 'to', 'achieve', 'cost', 'savings', 'of', 'eur', 'million', 'usd', 'm', 'in', 'the', 'second', 'half', 'of']"
911,"Handelsbanken ranked before Local Cooperative Banks and Aktia in customer loyalty this time too , however .",1,"['handelsbanken', 'ranked', 'before', 'local', 'cooperative', 'banks', 'and', 'aktia', 'in', 'customer', 'loyalty', 'this', 'time', 'too', 'however']"
912,"In recent months , Capman has taken significant steps to simplify its operations , CEO Lennart Simonsen said .",1,"['in', 'recent', 'months', 'capman', 'has', 'taken', 'significant', 'steps', 'to', 'simplify', 'its', 'operations', 'ceo', 'lennart', 'simonsen', 'said']"
913,"It also has strong assets in electronic media , employing 18,500 an increase of 9 percent on last year .",1,"['it', 'also', 'has', 'strong', 'assets', 'in', 'electronic', 'media', 'employing', 'an', 'increase', 'of', 'percent', 'on', 'last', 'year']"
914,"Kaido Kaare , general director for Atria Eesti , says the company 's investments in the upgrade of the pig farms surpass EEK 150mn EUR 9.59 mn USD 14.19 mn in the past years .",1,"['kaido', 'kaare', 'general', 'director', 'for', 'atria', 'eesti', 'says', 'the', 'company', 's', 'investments', 'in', 'the', 'upgrade', 'of', 'the', 'pig', 'farms', 'surpass', 'eek', 'mn', 'eur', 'mn', 'usd', 'mn', 'in', 'the', 'past', 'years']"
915,"Nokia will continue to invest in future development of Qt for the benefit of all users , both Commercial and LGPL .",1,"['nokia', 'will', 'continue', 'to', 'invest', 'in', 'future', 'development', 'of', 'qt', 'for', 'the', 'benefit', 'of', 'all', 'users', 'both', 'commercial', 'and', 'lgpl']"
916,"On the other hand , Finnish sawmills ' production has decreased even more .",0,"['on', 'the', 'other', 'hand', 'finnish', 'sawmills', 'production', 'has', 'decreased', 'even', 'more']"
917,"One of the installed elevators will be a double-deck elevator , which enables more efficient use of the building 's core space .",1,"['one', 'of', 'the', 'installed', 'elevators', 'will', 'be', 'a', 'double', 'deck', 'elevator', 'which', 'enables', 'more', 'efficient', 'use', 'of', 'the', 'building', 's', 'core', 'space']"
918,"Renzo Piano 's building design will be a wonderful addition to London 's skyline , '' says Noud Veeger , EVP and Area Director for Central and North Europe at KONE .",1,"['renzo', 'piano', 's', 'building', 'design', 'will', 'be', 'a', 'wonderful', 'addition', 'to', 'london', 's', 'skyline', 'says', 'noud', 'veeger', 'evp', 'and', 'area', 'director', 'for', 'central', 'and', 'north', 'europe', 'at', 'kone']"
919,Tekla will implement the renewal in software versions which will be introduced in spring 2011 .,1,"['tekla', 'will', 'implement', 'the', 'renewal', 'in', 'software', 'versions', 'which', 'will', 'be', 'introduced', 'in', 'spring']"
920,The aim is to convert the plants into flexible manufacturers of new and technologically demanding products .,1,"['the', 'aim', 'is', 'to', 'convert', 'the', 'plants', 'into', 'flexible', 'manufacturers', 'of', 'new', 'and', 'technologically', 'demanding', 'products']"
921,The annual Thesis contest is aimed to enhance the thesis quality and to strengthen the thesis culture in polytechnics .,1,"['the', 'annual', 'thesis', 'contest', 'is', 'aimed', 'to', 'enhance', 'the', 'thesis', 'quality', 'and', 'to', 'strengthen', 'the', 'thesis', 'culture', 'in', 'polytechnics']"
922,The company 's advantage in pricing can be seen in the significantly lower prices offered by the new unmanned stations .,1,"['the', 'company', 's', 'advantage', 'in', 'pricing', 'can', 'be', 'seen', 'in', 'the', 'significantly', 'lower', 'prices', 'offered', 'by', 'the', 'new', 'unmanned', 'stations']"
923,The deal strengthens Ramirent 's position especially in the industrial sector and in large investment projects .,1,"['the', 'deal', 'strengthens', 'ramirent', 's', 'position', 'especially', 'in', 'the', 'industrial', 'sector', 'and', 'in', 'large', 'investment', 'projects']"
924,"The most loyal customers were found in the Bank of +àland , with an index of 8.0 .",1,"['the', 'most', 'loyal', 'customers', 'were', 'found', 'in', 'the', 'bank', 'of', 'land', 'with', 'an', 'index', 'of']"
925,The pipeline is strong .,1,"['the', 'pipeline', 'is', 'strong']"
926,"The service is intended to allow the people of thirteen Mediterranean countries to reach the Baltic more rapidly , with a single carrier .",1,"['the', 'service', 'is', 'intended', 'to', 'allow', 'the', 'people', 'of', 'thirteen', 'mediterranean', 'countries', 'to', 'reach', 'the', 'baltic', 'more', 'rapidly', 'with', 'a', 'single', 'carrier']"
927,"The terms of the financing were approved by the Annual General Meeting of the Company held on June 30 , 2010 .",1,"['the', 'terms', 'of', 'the', 'financing', 'were', 'approved', 'by', 'the', 'annual', 'general', 'meeting', 'of', 'the', 'company', 'held', 'on', 'june']"
928,"There are companies , which are ready to invest their own funds in this deal such as Rostelecom RTS : RTKM .",1,"['there', 'are', 'companies', 'which', 'are', 'ready', 'to', 'invest', 'their', 'own', 'funds', 'in', 'this', 'deal', 'such', 'as', 'rostelecom', 'rts', 'rtkm']"
929,This is the first time Finnair has been awarded an agreement with the UK government .,1,"['this', 'is', 'the', 'first', 'time', 'finnair', 'has', 'been', 'awarded', 'an', 'agreement', 'with', 'the', 'uk', 'government']"
930,UPM-Kymmene has generated four consecutive quarters of positive Free Cash Flow .,1,"['upm', 'kymmene', 'has', 'generated', 'four', 'consecutive', 'quarters', 'of', 'positive', 'free', 'cash', 'flow']"
931,UPM-Kymmene has generated seventeen consecutive quarters of positive Cash Flow from Operations .,1,"['upm', 'kymmene', 'has', 'generated', 'seventeen', 'consecutive', 'quarters', 'of', 'positive', 'cash', 'flow', 'from', 'operations']"
932,UPM-Kymmene has generated thirty-one consecutive quarters of positive EBITDA .,1,"['upm', 'kymmene', 'has', 'generated', 'thirty', 'one', 'consecutive', 'quarters', 'of', 'positive', 'ebitda']"
933,"VDW combined with LXE devices enhances productivity , enabling workers to use a single device to perform voice , scanning and keyboard functions .",1,"['vdw', 'combined', 'with', 'lxe', 'devices', 'enhances', 'productivity', 'enabling', 'workers', 'to', 'use', 'a', 'single', 'device', 'to', 'perform', 'voice', 'scanning', 'and', 'keyboard', 'functions']"
934,"We can choose the most efficient , best overall value option for our customers already at the bidding stage .",1,"['we', 'can', 'choose', 'the', 'most', 'efficient', 'best', 'overall', 'value', 'option', 'for', 'our', 'customers', 'already', 'at', 'the', 'bidding', 'stage']"
935,"When open next year , it will be the largest facility in the world to produce diesel fuel from renewable feedstock such as palm oil and animal fat .",1,"['when', 'open', 'next', 'year', 'it', 'will', 'be', 'the', 'largest', 'facility', 'in', 'the', 'world', 'to', 'produce', 'diesel', 'fuel', 'from', 'renewable', 'feedstock', 'such', 'as', 'palm', 'oil', 'and', 'animal', 'fat']"
936,Viking Line head Jan Kaarstroem told TT that his company 's ferries were well equipped to handle ice and that all the passengers were safe .,1,"['viking', 'line', 'head', 'jan', 'kaarstroem', 'told', 'tt', 'that', 'his', 'company', 's', 'ferries', 'were', 'well', 'equipped', 'to', 'handle', 'ice', 'and', 'that', 'all', 'the', 'passengers', 'were', 'safe']"
937,Finnish plumbing and heating systems supplier Uponor Corporation ( OMX Helsinki : UNR1V ) said on Tuesday ( 12 August ) that its board of directors has authorised the management to proceed with a company-wide cost reduction program .,1,"['finnish', 'plumbing', 'and', 'heating', 'systems', 'supplier', 'uponor', 'corporation', 'omx', 'helsinki', 'unr', 'v', 'said', 'on', 'tuesday', 'august', 'that', 'its', 'board', 'of', 'directors', 'has', 'authorised', 'the', 'management', 'to', 'proceed', 'with', 'a', 'company', 'wide', 'cost', 'reduction', 'program']"
938,"Net sales of Finnish Sanoma Learning & Literature , of Finnish media group Sanoma , decreased by 3.6 % in January-June 2009 totalling EUR 162.8 mn , down from EUR 168.8 mn in the corresponding period in 2008 .",0,"['net', 'sales', 'of', 'finnish', 'sanoma', 'learning', 'literature', 'of', 'finnish', 'media', 'group', 'sanoma', 'decreased', 'by', 'in', 'january', 'june', 'totalling', 'eur', 'mn', 'down', 'from', 'eur', 'mn', 'in', 'the', 'corresponding', 'period', 'in']"
939,"Employing 112 in Finland and 280 abroad , the unit recorded first-quarter 2007 sales of 8.6 mln eur , with an operating loss of 1.6 mln eur .",0,"['employing', 'in', 'finland', 'and', 'abroad', 'the', 'unit', 'recorded', 'first', 'quarter', 'sales', 'of', 'mln', 'eur', 'with', 'an', 'operating', 'loss', 'of', 'mln', 'eur']"
940,"JP Morgan expects that Scala will lower Nobel Biocare 's growth forecast for 2007 from the current guidance of 23-25 pct , as well as the operating margin target from the current 34-35 pct .",0,"['jp', 'morgan', 'expects', 'that', 'scala', 'will', 'lower', 'nobel', 'biocare', 's', 'growth', 'forecast', 'for', 'from', 'the', 'current', 'guidance', 'of', 'pct', 'as', 'well', 'as', 'the', 'operating', 'margin', 'target', 'from', 'the', 'current', 'pct']"
941,"Furthermore , sales of new passenger cars and light commercial vehicles in the country declined by 5.4 % year-on-year last month .",0,"['furthermore', 'sales', 'of', 'new', 'passenger', 'cars', 'and', 'light', 'commercial', 'vehicles', 'in', 'the', 'country', 'declined', 'by', 'year', 'on', 'year', 'last', 'month']"
942,"IT services firm TietoEnator was bucking the general trend , holding flat at 22.70 eur , after slipping back from earlier gains .",0,"['it', 'services', 'firm', 'tietoenator', 'was', 'bucking', 'the', 'general', 'trend', 'holding', 'flat', 'at', 'eur', 'after', 'slipping', 'back', 'from', 'earlier', 'gains']"
943,"Profitability ( EBIT % ) was 13.6 % , compared to 14.3 % in Q2 2009 .",0,"['profitability', 'ebit', 'was', 'compared', 'to', 'in', 'q']"
944,"Several large stocks tacked lower , however .",0,"['several', 'large', 'stocks', 'tacked', 'lower', 'however']"
945,"The company booked April-June new orders worth 949 mln eur , compared with 786 mln eur in the same period a year ago .",1,"['the', 'company', 'booked', 'april', 'june', 'new', 'orders', 'worth', 'mln', 'eur', 'compared', 'with', 'mln', 'eur', 'in', 'the', 'same', 'period', 'a', 'year', 'ago']"
946,Sales of mid-strength beer decreased by 40 % .,0,"['sales', 'of', 'mid', 'strength', 'beer', 'decreased', 'by']"
947,"TeliaSonera 's underlying results however included 457 mln skr in positive one-offs , hence the adjusted underlying EBITDA actually amounts to 7.309 bln skr , clearly below expectations , analysts said .",0,"['teliasonera', 's', 'underlying', 'results', 'however', 'included', 'mln', 'skr', 'in', 'positive', 'one', 'offs', 'hence', 'the', 'adjusted', 'underlying', 'ebitda', 'actually', 'amounts', 'to', 'bln', 'skr', 'clearly', 'below', 'expectations', 'analysts', 'said']"
948,Aspocomp has repaid its interest bearing liability to Standard Chartered Bank and will use the rest of the consideration to partially repay its interest bearing liabilities in Finland and to improve its liquidity .,1,"['aspocomp', 'has', 'repaid', 'its', 'interest', 'bearing', 'liability', 'to', 'standard', 'chartered', 'bank', 'and', 'will', 'use', 'the', 'rest', 'of', 'the', 'consideration', 'to', 'partially', 'repay', 'its', 'interest', 'bearing', 'liabilities', 'in', 'finland', 'and', 'to', 'improve', 'its', 'liquidity']"
949,EuroChem Head of Corporate Finance Alexander Gavrilov said : `` I am pleased that we have once again confirmed that EuroChem is able to attract long-term funds at attractive rates .,1,"['eurochem', 'head', 'of', 'corporate', 'finance', 'alexander', 'gavrilov', 'said', 'i', 'am', 'pleased', 'that', 'we', 'have', 'once', 'again', 'confirmed', 'that', 'eurochem', 'is', 'able', 'to', 'attract', 'long', 'term', 'funds', 'at', 'attractive', 'rates']"
950,"Under a memorandum of understanding MoU the parties will collaborate in preparing and implementing joint projects in the fields of combined power and heat generation , environmental protection and energy efficient technologies .",1,"['under', 'a', 'memorandum', 'of', 'understanding', 'mou', 'the', 'parties', 'will', 'collaborate', 'in', 'preparing', 'and', 'implementing', 'joint', 'projects', 'in', 'the', 'fields', 'of', 'combined', 'power', 'and', 'heat', 'generation', 'environmental', 'protection', 'and', 'energy', 'efficient', 'technologies']"
951,"We are honored to be acknowledged for our commitment to the industry , especially in Asia Pacific . ''",1,"['we', 'are', 'honored', 'to', 'be', 'acknowledged', 'for', 'our', 'commitment', 'to', 'the', 'industry', 'especially', 'in', 'asia', 'pacific']"
952,"The seminar introduced modern , clean technologies and products , financial tools and sponsorship programs for energy and environment projects as well as the potential to develop clean energy in Vietnam .",1,"['the', 'seminar', 'introduced', 'modern', 'clean', 'technologies', 'and', 'products', 'financial', 'tools', 'and', 'sponsorship', 'programs', 'for', 'energy', 'and', 'environment', 'projects', 'as', 'well', 'as', 'the', 'potential', 'to', 'develop', 'clean', 'energy', 'in', 'vietnam']"
953,"Proving that good cellphone design is truly a work of art , the website for the Nokia 6131 provides a colorful canvas for the expression of mobile-inspired sentiments .",1,"['proving', 'that', 'good', 'cellphone', 'design', 'is', 'truly', 'a', 'work', 'of', 'art', 'the', 'website', 'for', 'the', 'nokia', 'provides', 'a', 'colorful', 'canvas', 'for', 'the', 'expression', 'of', 'mobile', 'inspired', 'sentiments']"
954,"`` Following last year 's good profit development , we have entered the current year in a good position .",1,"['following', 'last', 'year', 's', 'good', 'profit', 'development', 'we', 'have', 'entered', 'the', 'current', 'year', 'in', 'a', 'good', 'position']"
955,"HELSINKI (Thomson Financial)- Kemira GrowHow swung into profit in its first quarter earnings on improved sales , especially in its fertilizer business in Europe , which is normally stronger during the first quarter .",1,"['helsinki', 'thomson', 'financial', 'kemira', 'growhow', 'swung', 'into', 'profit', 'in', 'its', 'first', 'quarter', 'earnings', 'on', 'improved', 'sales', 'especially', 'in', 'its', 'fertilizer', 'business', 'in', 'europe', 'which', 'is', 'normally', 'stronger', 'during', 'the', 'first', 'quarter']"
956,"Finnish lifting equipment maker Kone Oyj said on October 4 , 2007 it won an order worth 15 mln euro $ 21.2 mln to deliver a total of 53 custom designed elevators to Norwegian shipbuilder Aker Yards ASA .",1,"['finnish', 'lifting', 'equipment', 'maker', 'kone', 'oyj', 'said', 'on', 'october', 'it', 'won', 'an', 'order', 'worth', 'mln', 'euro', 'mln', 'to', 'deliver', 'a', 'total', 'of', 'custom', 'designed', 'elevators', 'to', 'norwegian', 'shipbuilder', 'aker', 'yards', 'asa']"
957,"For the full 2010 the company expects its net sales and operating result to improve from the previous year , saying that a positive operating result and its amount will depend on the order intake by the end of the summer .",1,"['for', 'the', 'full', 'the', 'company', 'expects', 'its', 'net', 'sales', 'and', 'operating', 'result', 'to', 'improve', 'from', 'the', 'previous', 'year', 'saying', 'that', 'a', 'positive', 'operating', 'result', 'and', 'its', 'amount', 'will', 'depend', 'on', 'the', 'order', 'intake', 'by', 'the', 'end', 'of', 'the', 'summer']"
958,It will focus on improving its profitability next year by streamlining operations .,1,"['it', 'will', 'focus', 'on', 'improving', 'its', 'profitability', 'next', 'year', 'by', 'streamlining', 'operations']"
959,"MD Henning Bahr of Stockmann Gruppen praises the trend , since the chains become stronger and their decision-making processes more clear .",1,"['md', 'henning', 'bahr', 'of', 'stockmann', 'gruppen', 'praises', 'the', 'trend', 'since', 'the', 'chains', 'become', 'stronger', 'and', 'their', 'decision', 'making', 'processes', 'more', 'clear']"
960,Mr Lee said he hoped that Neste 's move will ` pave the way for more collaboration projects between our two countries ' .,1,"['mr', 'lee', 'said', 'he', 'hoped', 'that', 'neste', 's', 'move', 'will', 'pave', 'the', 'way', 'for', 'more', 'collaboration', 'projects', 'between', 'our', 'two', 'countries']"
961,The company will enhance the GPRS capability in the existing 12 IDEA telecom service areas and add 10 more service areas to its network .,1,"['the', 'company', 'will', 'enhance', 'the', 'gprs', 'capability', 'in', 'the', 'existing', 'idea', 'telecom', 'service', 'areas', 'and', 'add', 'more', 'service', 'areas', 'to', 'its', 'network']"
962,The company will make its marketing and sales investments initiated in 2009 even more efficient in 2010 .,1,"['the', 'company', 'will', 'make', 'its', 'marketing', 'and', 'sales', 'investments', 'initiated', 'in', 'even', 'more', 'efficient', 'in']"
963,"The core of Solidium 's investment strategy is proper , value enhancing asset management of the current holdings .",1,"['the', 'core', 'of', 'solidium', 's', 'investment', 'strategy', 'is', 'proper', 'value', 'enhancing', 'asset', 'management', 'of', 'the', 'current', 'holdings']"
964,"The developers of that project predict that once it is completed in April 2009 , Skanssi will attract some 4.5 million visitors annually .",1,"['the', 'developers', 'of', 'that', 'project', 'predict', 'that', 'once', 'it', 'is', 'completed', 'in', 'april', 'skanssi', 'will', 'attract', 'some', 'million', 'visitors', 'annually']"
965,"The GeoSolutions technology will leverage Benefon 's GPS solutions by providing Location Based Search Technology , a Communities Platform , location relevant multimedia content and a new and powerful commercial model .",1,"['the', 'geosolutions', 'technology', 'will', 'leverage', 'benefon', 's', 'gps', 'solutions', 'by', 'providing', 'location', 'based', 'search', 'technology', 'a', 'communities', 'platform', 'location', 'relevant', 'multimedia', 'content', 'and', 'a', 'new', 'and', 'powerful', 'commercial', 'model']"
966,"The stock is trading above both its MAPs and the 50-day MAP of SEK72 .983 is higher than the 200-day MAP of SEK70 .283 , a bullish indicator .",1,"['the', 'stock', 'is', 'trading', 'above', 'both', 'its', 'maps', 'and', 'the', 'day', 'map', 'of', 'sek', 'is', 'higher', 'than', 'the', 'day', 'map', 'of', 'sek', 'a', 'bullish', 'indicator']"
967,Those will be partially offset by a 186 mln eur gain on the sale of its Celbi pulp plant in Portugal .,1,"['those', 'will', 'be', 'partially', 'offset', 'by', 'a', 'mln', 'eur', 'gain', 'on', 'the', 'sale', 'of', 'its', 'celbi', 'pulp', 'plant', 'in', 'portugal']"
968,"With the measures , Suominen Corporation aims to ensure the competitiveness of the Flexible Packaging business in the long term .",1,"['with', 'the', 'measures', 'suominen', 'corporation', 'aims', 'to', 'ensure', 'the', 'competitiveness', 'of', 'the', 'flexible', 'packaging', 'business', 'in', 'the', 'long', 'term']"
969,ABB Deutsche Bank upgraded its recommendation on Swiss-Swedish engineering group ABB Ltd. to ` Buy ' from ` Hold ' .,1,"['abb', 'deutsche', 'bank', 'upgraded', 'its', 'recommendation', 'on', 'swiss', 'swedish', 'engineering', 'group', 'abb', 'ltd', 'to', 'buy', 'from', 'hold']"
970,"`` I am very pleased and proud of our performance last year , '' Chief Executive Juha Rantanen said in a statement .",1,"['i', 'am', 'very', 'pleased', 'and', 'proud', 'of', 'our', 'performance', 'last', 'year', 'chief', 'executive', 'juha', 'rantanen', 'said', 'in', 'a', 'statement']"
971,"`` I 'm pleased to receive the Nomination Committee 's request and confidence , '' says Jon Risfelt .",1,"['i', 'm', 'pleased', 'to', 'receive', 'the', 'nomination', 'committee', 's', 'request', 'and', 'confidence', 'says', 'jon', 'risfelt']"
972,`` Our design team has long admired Marimekko 's vivid patterns and colors .,1,"['our', 'design', 'team', 'has', 'long', 'admired', 'marimekko', 's', 'vivid', 'patterns', 'and', 'colors']"
973,"`` Overall , we 're pleased with the startup curve ... and we 're pleased with the quality of the paper , '' Stora spokeswoman Patricia Dietz said Tuesday .",1,"['overall', 'we', 're', 'pleased', 'with', 'the', 'startup', 'curve', 'and', 'we', 're', 'pleased', 'with', 'the', 'quality', 'of', 'the', 'paper', 'stora', 'spokeswoman', 'patricia', 'dietz', 'said', 'tuesday']"
974,`` We are pleased with the efforts of both negotiating teams and look forward to a productive four years ahead . '',1,"['we', 'are', 'pleased', 'with', 'the', 'efforts', 'of', 'both', 'negotiating', 'teams', 'and', 'look', 'forward', 'to', 'a', 'productive', 'four', 'years', 'ahead']"
975,"`` We are proud to welcome another distribution facility to north Mississippi and the region known as the logistics center of the United States , '' said Gray Swoope , executive director of MDA .",1,"['we', 'are', 'proud', 'to', 'welcome', 'another', 'distribution', 'facility', 'to', 'north', 'mississippi', 'and', 'the', 'region', 'known', 'as', 'the', 'logistics', 'center', 'of', 'the', 'united', 'states', 'said', 'gray', 'swoope', 'executive', 'director', 'of', 'mda']"
976,"`` We are very pleased to be working with Fujitsu and NTT DoCoMo to advance the progress of LTE , '' said Juergen Walter , Head of Converged Core , Nokia Siemens Networks .",1,"['we', 'are', 'very', 'pleased', 'to', 'be', 'working', 'with', 'fujitsu', 'and', 'ntt', 'docomo', 'to', 'advance', 'the', 'progress', 'of', 'lte', 'said', 'juergen', 'walter', 'head', 'of', 'converged', 'core', 'nokia', 'siemens', 'networks']"
977,A memorandum of understanding on cooperation between the Finnish Global Chemical Company KEMIRA and Vietnam National Chemicals Group ( Vinachem ) was signed on this occasion .,1,"['a', 'memorandum', 'of', 'understanding', 'on', 'cooperation', 'between', 'the', 'finnish', 'global', 'chemical', 'company', 'kemira', 'and', 'vietnam', 'national', 'chemicals', 'group', 'vinachem', 'was', 'signed', 'on', 'this', 'occasion']"
978,"Also , it is bringing in `` the right kind of people '' to upgrade its human resources .",1,"['also', 'it', 'is', 'bringing', 'in', 'the', 'right', 'kind', 'of', 'people', 'to', 'upgrade', 'its', 'human', 'resources']"
979,"At the seminar , a memorandum of understanding on co-operation was signed between the Finnish Kemira Company and Vietnam National Chemical Corporation .",1,"['at', 'the', 'seminar', 'a', 'memorandum', 'of', 'understanding', 'on', 'co', 'operation', 'was', 'signed', 'between', 'the', 'finnish', 'kemira', 'company', 'and', 'vietnam', 'national', 'chemical', 'corporation']"
980,"By acquiring RCP , we can combine our strong knowhow with the expertise of a solid local company .",1,"['by', 'acquiring', 'rcp', 'we', 'can', 'combine', 'our', 'strong', 'knowhow', 'with', 'the', 'expertise', 'of', 'a', 'solid', 'local', 'company']"
981,EuroChem CFO Andrey Ilyin said : `` This facility marks another important step for EuroChem in securing the long-term financing necessary for our potash and other strategic projects '' .,1,"['eurochem', 'cfo', 'andrey', 'ilyin', 'said', 'this', 'facility', 'marks', 'another', 'important', 'step', 'for', 'eurochem', 'in', 'securing', 'the', 'long', 'term', 'financing', 'necessary', 'for', 'our', 'potash', 'and', 'other', 'strategic', 'projects']"
982,"HELSINKI ( Thomson Financial ) - Kone said it has won four orders in Saudi Arabia , United Arab Emirates and Qatar worth 40 mln eur .",1,"['helsinki', 'thomson', 'financial', 'kone', 'said', 'it', 'has', 'won', 'four', 'orders', 'in', 'saudi', 'arabia', 'united', 'arab', 'emirates', 'and', 'qatar', 'worth', 'mln', 'eur']"
983,"( ADP News ) - Finnish handling systems provider Cargotec Oyj ( HEL : CGCBV ) announced on Friday it won orders worth EUR 10 million ( USD 13.2 m ) to deliver linkspans to Jordan , Morocco and Ireland .",1,"['adp', 'news', 'finnish', 'handling', 'systems', 'provider', 'cargotec', 'oyj', 'hel', 'cgcbv', 'announced', 'on', 'friday', 'it', 'won', 'orders', 'worth', 'eur', 'million', 'usd', 'm', 'to', 'deliver', 'linkspans', 'to', 'jordan', 'morocco', 'and', 'ireland']"
984,Merrill Lynch analyst Campbell Morgan upgraded his recommendation on PaperlinX from `` neutral '' to `` buy '' in May .,1,"['merrill', 'lynch', 'analyst', 'campbell', 'morgan', 'upgraded', 'his', 'recommendation', 'on', 'paperlinx', 'from', 'neutral', 'to', 'buy', 'in', 'may']"
985,"OUTOTEC OYJ PRESS RELEASE , FEBRUARY 19 , 2008 AT 11.00 AM Outotec has won two large minerals processing technology orders from Mirabela Mineracao do Brasil Ltda , Brazil and from Cumerio Med JSCo , Bulgaria .",1,"['outotec', 'oyj', 'press', 'release', 'february', 'at', 'am', 'outotec', 'has', 'won', 'two', 'large', 'minerals', 'processing', 'technology', 'orders', 'from', 'mirabela', 'mineracao', 'do', 'brasil', 'ltda', 'brazil', 'and', 'from', 'cumerio', 'med', 'jsco', 'bulgaria']"
986,"Outotec said it won new orders worth 492.9 mln eur during the quarter , compared with 240.4 mln eur a year earlier .",1,"['outotec', 'said', 'it', 'won', 'new', 'orders', 'worth', 'mln', 'eur', 'during', 'the', 'quarter', 'compared', 'with', 'mln', 'eur', 'a', 'year', 'earlier']"
987,President and CEO Mika Vehvil+ñinen says the positive signs are first and foremost emerging outside Finland .,1,"['president', 'and', 'ceo', 'mika', 'vehvil', 'inen', 'says', 'the', 'positive', 'signs', 'are', 'first', 'and', 'foremost', 'emerging', 'outside', 'finland']"
988,Raute said it has won an order worth around 15 mln eur to supply several plywood production lines to mills operated by Russian wood products company Sveza Group .,1,"['raute', 'said', 'it', 'has', 'won', 'an', 'order', 'worth', 'around', 'mln', 'eur', 'to', 'supply', 'several', 'plywood', 'production', 'lines', 'to', 'mills', 'operated', 'by', 'russian', 'wood', 'products', 'company', 'sveza', 'group']"
989,Satama earned Data Management Solutions competency with Business Intelligence specialization recentlyvia the acquisition of Fimentor Oy .,1,"['satama', 'earned', 'data', 'management', 'solutions', 'competency', 'with', 'business', 'intelligence', 'specialization', 'recentlyvia', 'the', 'acquisition', 'of', 'fimentor', 'oy']"
990,"SysOpen Digia Plc , Press release , 7 February 2006 IBM Finland has rewarded its most distinguished partner companies for 2005 .",1,"['sysopen', 'digia', 'plc', 'press', 'release', 'february', 'ibm', 'finland', 'has', 'rewarded', 'its', 'most', 'distinguished', 'partner', 'companies', 'for']"
991,"The brokerage said 2006 has seen a ` true turning point ' in European steel base prices , with better pricing seen carrying through the second quarter of 2006 .",1,"['the', 'brokerage', 'said', 'has', 'seen', 'a', 'true', 'turning', 'point', 'in', 'european', 'steel', 'base', 'prices', 'with', 'better', 'pricing', 'seen', 'carrying', 'through', 'the', 'second', 'quarter', 'of']"
992,The concept enables a commercially affordable way to manufacture high-quality TCO coated glass for the solar industry .,1,"['the', 'concept', 'enables', 'a', 'commercially', 'affordable', 'way', 'to', 'manufacture', 'high', 'quality', 'tco', 'coated', 'glass', 'for', 'the', 'solar', 'industry']"
993,The new policy was also aimed at making the companies more profitable and competitive .,1,"['the', 'new', 'policy', 'was', 'also', 'aimed', 'at', 'making', 'the', 'companies', 'more', 'profitable', 'and', 'competitive']"
994,The purpose of this action is to ensure company 's cost effectiveness this year and in the near future .,1,"['the', 'purpose', 'of', 'this', 'action', 'is', 'to', 'ensure', 'company', 's', 'cost', 'effectiveness', 'this', 'year', 'and', 'in', 'the', 'near', 'future']"
995,"This location makes the mall a convenient place to shop for consumers from three large residential areas nearby : Jaroszowka , Wysockiego and Zgody .",1,"['this', 'location', 'makes', 'the', 'mall', 'a', 'convenient', 'place', 'to', 'shop', 'for', 'consumers', 'from', 'three', 'large', 'residential', 'areas', 'nearby', 'jaroszowka', 'wysockiego', 'and', 'zgody']"
996,"Tieto offers Aktia a good foundation and the required support services for implementing the update project , ' says Juha Volotinen , responsible for Aktia 's web services .",1,"['tieto', 'offers', 'aktia', 'a', 'good', 'foundation', 'and', 'the', 'required', 'support', 'services', 'for', 'implementing', 'the', 'update', 'project', 'says', 'juha', 'volotinen', 'responsible', 'for', 'aktia', 's', 'web', 'services']"
997,"We are glad that our long co-operation with SODRA continues '' , comments Stig-Goran Sandberg , Affecto 's Area Manager for Baltic operations .",1,"['we', 'are', 'glad', 'that', 'our', 'long', 'co', 'operation', 'with', 'sodra', 'continues', 'comments', 'stig', 'goran', 'sandberg', 'affecto', 's', 'area', 'manager', 'for', 'baltic', 'operations']"
998,"`` Lining stone sales were also good in the early autumn , and order books are strong to the end of the year .",1,"['lining', 'stone', 'sales', 'were', 'also', 'good', 'in', 'the', 'early', 'autumn', 'and', 'order', 'books', 'are', 'strong', 'to', 'the', 'end', 'of', 'the', 'year']"
999,"`` This vessel order will help Aspo secure the long-term competitiveness of its fleet , both in terms of technology and pricing .",1,"['this', 'vessel', 'order', 'will', 'help', 'aspo', 'secure', 'the', 'long', 'term', 'competitiveness', 'of', 'its', 'fleet', 'both', 'in', 'terms', 'of', 'technology', 'and', 'pricing']"
1000,15 December 2010 - Finnish-German telecoms equipment maker Nokia Siemens Networks said today it won a contract to upgrade the radio network of home-based telecommunications company Elisa Oyj HEL : ELI1V .,1,"['december', 'finnish', 'german', 'telecoms', 'equipment', 'maker', 'nokia', 'siemens', 'networks', 'said', 'today', 'it', 'won', 'a', 'contract', 'to', 'upgrade', 'the', 'radio', 'network', 'of', 'home', 'based', 'telecommunications', 'company', 'elisa', 'oyj', 'hel', 'eli', 'v']"
1001,Finnish KCI Konecranes has been awarded an order for four hot metal ladle cranes by Indian steel producer Bhushan Steel & Strips to be delivered in 2007 .,1,"['finnish', 'kci', 'konecranes', 'has', 'been', 'awarded', 'an', 'order', 'for', 'four', 'hot', 'metal', 'ladle', 'cranes', 'by', 'indian', 'steel', 'producer', 'bhushan', 'steel', 'strips', 'to', 'be', 'delivered', 'in']"
1002,Finnish Raute Precision has won large glass batch plant and mortar plant orders from Mexico and the US .,1,"['finnish', 'raute', 'precision', 'has', 'won', 'large', 'glass', 'batch', 'plant', 'and', 'mortar', 'plant', 'orders', 'from', 'mexico', 'and', 'the', 'us']"
1003,"Vaahto Pulp & Paper , of Finnish Vaahto Group , has been awarded an order to renovate Finnish-Swedish forest industry company Stora Enso 's paperboard machine at the Ingerois Board Mill in Finland .",1,"['vaahto', 'pulp', 'paper', 'of', 'finnish', 'vaahto', 'group', 'has', 'been', 'awarded', 'an', 'order', 'to', 'renovate', 'finnish', 'swedish', 'forest', 'industry', 'company', 'stora', 'enso', 's', 'paperboard', 'machine', 'at', 'the', 'ingerois', 'board', 'mill', 'in', 'finland']"
1004,"Combining the two producers will create a strong EU-based fertilizer industry capable of meeting global competition , they added .",1,"['combining', 'the', 'two', 'producers', 'will', 'create', 'a', 'strong', 'eu', 'based', 'fertilizer', 'industry', 'capable', 'of', 'meeting', 'global', 'competition', 'they', 'added']"
1005,"Finnish IT solutions provider Affecto Oyj said today that it has won a frame contract , valued at some EUR2m , to implement the next phase of its insurance application for South African Mutual & Federal Insurance Company Limited M&F .",1,"['finnish', 'it', 'solutions', 'provider', 'affecto', 'oyj', 'said', 'today', 'that', 'it', 'has', 'won', 'a', 'frame', 'contract', 'valued', 'at', 'some', 'eur', 'm', 'to', 'implement', 'the', 'next', 'phase', 'of', 'its', 'insurance', 'application', 'for', 'south', 'african', 'mutual', 'federal', 'insurance', 'company', 'limited', 'm', 'f']"
1006,HELSINKI AFX - KCI Konecranes said it has won an order for four hot metal ladle cranes from Indian steel producer Bhushan Steel and Strips Ltd. .,1,"['helsinki', 'afx', 'kci', 'konecranes', 'said', 'it', 'has', 'won', 'an', 'order', 'for', 'four', 'hot', 'metal', 'ladle', 'cranes', 'from', 'indian', 'steel', 'producer', 'bhushan', 'steel', 'and', 'strips', 'ltd']"
1007,HELSINKI AFX - Outokumpu said its technology unit has won a 28 mln eur contract from Bosnia-Herzegovina 's Aluminij dd Mostar to upgrade an anode plant .,1,"['helsinki', 'afx', 'outokumpu', 'said', 'its', 'technology', 'unit', 'has', 'won', 'a', 'mln', 'eur', 'contract', 'from', 'bosnia', 'herzegovina', 's', 'aluminij', 'dd', 'mostar', 'to', 'upgrade', 'an', 'anode', 'plant']"
1008,"HK Ruokatalo now accounts for about 50 % of poultry sales in Finland , and profitability is at a good level .",1,"['hk', 'ruokatalo', 'now', 'accounts', 'for', 'about', 'of', 'poultry', 'sales', 'in', 'finland', 'and', 'profitability', 'is', 'at', 'a', 'good', 'level']"
1009,"However , the bottom-line result improved thanks to positive financial items .",1,"['however', 'the', 'bottom', 'line', 'result', 'improved', 'thanks', 'to', 'positive', 'financial', 'items']"
1010,"Kesko Agro Lietuva , the agricultural machinery and grain trader and another member of the Kesko Group , boosted its sales by 42.9 percent to 13.4 million euros , VAT inclusive .",1,"['kesko', 'agro', 'lietuva', 'the', 'agricultural', 'machinery', 'and', 'grain', 'trader', 'and', 'another', 'member', 'of', 'the', 'kesko', 'group', 'boosted', 'its', 'sales', 'by', 'percent', 'to', 'million', 'euros', 'vat', 'inclusive']"
1011,"Lee & Man Paper and Metso have a long and prosperous co-operation , a good example of which are the Changshu and Hongmei kraftliner machines delivered earlier .",1,"['lee', 'man', 'paper', 'and', 'metso', 'have', 'a', 'long', 'and', 'prosperous', 'co', 'operation', 'a', 'good', 'example', 'of', 'which', 'are', 'the', 'changshu', 'and', 'hongmei', 'kraftliner', 'machines', 'delivered', 'earlier']"
1012,"London 's leading shares today jumped almost 100 points , or 1.7 % , as the market opened .",1,"['london', 's', 'leading', 'shares', 'today', 'jumped', 'almost', 'points', 'or', 'as', 'the', 'market', 'opened']"
1013,Metso said it has won an order worth around 40 mln eur to supply a kraftliner board machine to China 's Lee & Man Paper Co. .,1,"['metso', 'said', 'it', 'has', 'won', 'an', 'order', 'worth', 'around', 'mln', 'eur', 'to', 'supply', 'a', 'kraftliner', 'board', 'machine', 'to', 'china', 's', 'lee', 'man', 'paper', 'co']"
1014,"Mika Stahlberg , VP F-Secure Labs , said , `` We are excited and proud that F-Secure has been recognized by AV-Comparatives as the Product of the Year .",1,"['mika', 'stahlberg', 'vp', 'f', 'secure', 'labs', 'said', 'we', 'are', 'excited', 'and', 'proud', 'that', 'f', 'secure', 'has', 'been', 'recognized', 'by', 'av', 'comparatives', 'as', 'the', 'product', 'of', 'the', 'year']"
1015,"The Ministry of Water in Tanzania has awarded Poyry a water and sanitation engineering assignment for the rehabilitation and extension of water supply and sanitation infrastructure in Bukoba and Musoma , situated at Lake Victoria in northern Tanzania .",1,"['the', 'ministry', 'of', 'water', 'in', 'tanzania', 'has', 'awarded', 'poyry', 'a', 'water', 'and', 'sanitation', 'engineering', 'assignment', 'for', 'the', 'rehabilitation', 'and', 'extension', 'of', 'water', 'supply', 'and', 'sanitation', 'infrastructure', 'in', 'bukoba', 'and', 'musoma', 'situated', 'at', 'lake', 'victoria', 'in', 'northern', 'tanzania']"
1016,The policy was also aimed at making the companies more profitable and competitive .,1,"['the', 'policy', 'was', 'also', 'aimed', 'at', 'making', 'the', 'companies', 'more', 'profitable', 'and', 'competitive']"
1017,"The three year turn-around program is expected to ensure Salomon 's future competitiveness , the company said .",1,"['the', 'three', 'year', 'turn', 'around', 'program', 'is', 'expected', 'to', 'ensure', 'salomon', 's', 'future', 'competitiveness', 'the', 'company', 'said']"
1018,"We are very pleased with the fine co-operation between the two countries in recent times , he said .",1,"['we', 'are', 'very', 'pleased', 'with', 'the', 'fine', 'co', 'operation', 'between', 'the', 'two', 'countries', 'in', 'recent', 'times', 'he', 'said']"
1019,"Finland 's leading metals group Outokumpu said its fourth-quarter net profit more than tripled on the back of strong global demand for stainless steel , soaring base metal prices and proceeds from the sale of its technology unit .",1,"['finland', 's', 'leading', 'metals', 'group', 'outokumpu', 'said', 'its', 'fourth', 'quarter', 'net', 'profit', 'more', 'than', 'tripled', 'on', 'the', 'back', 'of', 'strong', 'global', 'demand', 'for', 'stainless', 'steel', 'soaring', 'base', 'metal', 'prices', 'and', 'proceeds', 'from', 'the', 'sale', 'of', 'its', 'technology', 'unit']"
1020,"`` We are delighted to announce our support for Intel based handheld platforms , the capabilities of which have made our development easier and faster .",1,"['we', 'are', 'delighted', 'to', 'announce', 'our', 'support', 'for', 'intel', 'based', 'handheld', 'platforms', 'the', 'capabilities', 'of', 'which', 'have', 'made', 'our', 'development', 'easier', 'and', 'faster']"
1021,"According to Bosse , the present cooperation is beneficial to all parties , however .",1,"['according', 'to', 'bosse', 'the', 'present', 'cooperation', 'is', 'beneficial', 'to', 'all', 'parties', 'however']"
1022,`` We are proud to contribute to the creation of a world-class airport facility with KONE 's innovative People Flow TM solutions .,1,"['we', 'are', 'proud', 'to', 'contribute', 'to', 'the', 'creation', 'of', 'a', 'world', 'class', 'airport', 'facility', 'with', 'kone', 's', 'innovative', 'people', 'flow', 'tm', 'solutions']"
1023,Finnish insurance company Fennia and Kesko Group are ending their loyal customer cooperation .,0,"['finnish', 'insurance', 'company', 'fennia', 'and', 'kesko', 'group', 'are', 'ending', 'their', 'loyal', 'customer', 'cooperation']"
1024,"Efore 's presence here also opens up new and interesting development opportunities for our students , '' the dean of the Faculty of Electronics , Communications and Automation at TKK said .",1,"['efore', 's', 'presence', 'here', 'also', 'opens', 'up', 'new', 'and', 'interesting', 'development', 'opportunities', 'for', 'our', 'students', 'the', 'dean', 'of', 'the', 'faculty', 'of', 'electronics', 'communications', 'and', 'automation', 'at', 'tkk', 'said']"
1025,One of my colleagues summed up the E7 quite aptly when he remarked : `` Fantastic hardware .,1,"['one', 'of', 'my', 'colleagues', 'summed', 'up', 'the', 'e', 'quite', 'aptly', 'when', 'he', 'remarked', 'fantastic', 'hardware']"
1026,Swiss franc surged to record 1.42 euros after it reported sharpest gain in manufacturing in March .,1,"['swiss', 'franc', 'surged', 'to', 'record', 'euros', 'after', 'it', 'reported', 'sharpest', 'gain', 'in', 'manufacturing', 'in', 'march']"
1027,"The CL51 is designed to measure cloud base height and vertical visibility in all weather conditions , which makes it an ideal instrument for meteorological applications that rely on reliable cloud height detection .",1,"['the', 'cl', 'is', 'designed', 'to', 'measure', 'cloud', 'base', 'height', 'and', 'vertical', 'visibility', 'in', 'all', 'weather', 'conditions', 'which', 'makes', 'it', 'an', 'ideal', 'instrument', 'for', 'meteorological', 'applications', 'that', 'rely', 'on', 'reliable', 'cloud', 'height', 'detection']"
1028,- I am pleased that Bjorn Wahlroos has accepted the nomination .,1,"['i', 'am', 'pleased', 'that', 'bjorn', 'wahlroos', 'has', 'accepted', 'the', 'nomination']"
1029,"`` QPR 8 integrated management system is the fastest , easiest and most efficient way for organizations all around the world to take control of their human-centric business processes .",1,"['qpr', 'integrated', 'management', 'system', 'is', 'the', 'fastest', 'easiest', 'and', 'most', 'efficient', 'way', 'for', 'organizations', 'all', 'around', 'the', 'world', 'to', 'take', 'control', 'of', 'their', 'human', 'centric', 'business', 'processes']"
1030,"`` We are delighted to welcome Elisa to our Board of Directors , '' said Garry McGuire , CEO of RMG Networks .",1,"['we', 'are', 'delighted', 'to', 'welcome', 'elisa', 'to', 'our', 'board', 'of', 'directors', 'said', 'garry', 'mcguire', 'ceo', 'of', 'rmg', 'networks']"
1031,The representative body of Swedish Meats approved an improved offer from Finnish HK Ruokatalo to acquire the company .,1,"['the', 'representative', 'body', 'of', 'swedish', 'meats', 'approved', 'an', 'improved', 'offer', 'from', 'finnish', 'hk', 'ruokatalo', 'to', 'acquire', 'the', 'company']"
1032,After the renovation the biggest moulding line in the Orhangazi foundry is the most modern line in Europe .,1,"['after', 'the', 'renovation', 'the', 'biggest', 'moulding', 'line', 'in', 'the', 'orhangazi', 'foundry', 'is', 'the', 'most', 'modern', 'line', 'in', 'europe']"
1033,"Finland 's Neste Oil has been awarded the Chemical Industry Federation of Finland 's Innovation Award for its NExBTL technology , which enables biodiesel to be produced from vegetable oil and animal fat .",1,"['finland', 's', 'neste', 'oil', 'has', 'been', 'awarded', 'the', 'chemical', 'industry', 'federation', 'of', 'finland', 's', 'innovation', 'award', 'for', 'its', 'nexbtl', 'technology', 'which', 'enables', 'biodiesel', 'to', 'be', 'produced', 'from', 'vegetable', 'oil', 'and', 'animal', 'fat']"
1034,Finnish electronics manufacturer PKC Group Oyj ( OMX Helsinki : PKC1V ) said on Wednesday ( 31 December ) that it has completed the acquisition of MAN Nutzfahrzeuge AG 's cable harness business from MAN Star Trucks & Buses Spolka zoo in Poland .,1,"['finnish', 'electronics', 'manufacturer', 'pkc', 'group', 'oyj', 'omx', 'helsinki', 'pkc', 'v', 'said', 'on', 'wednesday', 'december', 'that', 'it', 'has', 'completed', 'the', 'acquisition', 'of', 'man', 'nutzfahrzeuge', 'ag', 's', 'cable', 'harness', 'business', 'from', 'man', 'star', 'trucks', 'buses', 'spolka', 'zoo', 'in', 'poland']"
1035,"Higher bit rates for outgoing traffic improves the end-user experience of mobile broadband services such as video conferencing , file sharing and sending e-mails with attachments .",1,"['higher', 'bit', 'rates', 'for', 'outgoing', 'traffic', 'improves', 'the', 'end', 'user', 'experience', 'of', 'mobile', 'broadband', 'services', 'such', 'as', 'video', 'conferencing', 'file', 'sharing', 'and', 'sending', 'e', 'mails', 'with', 'attachments']"
1036,"I am looking forward to contribute to SRV 's success with my competence '' , says Taneli Hassinen .",1,"['i', 'am', 'looking', 'forward', 'to', 'contribute', 'to', 'srv', 's', 'success', 'with', 'my', 'competence', 'says', 'taneli', 'hassinen']"
1037,"It combines a perfect price performance with sophisticated management facilities , the company said .",1,"['it', 'combines', 'a', 'perfect', 'price', 'performance', 'with', 'sophisticated', 'management', 'facilities', 'the', 'company', 'said']"
1038,"It provides customers with industry-leading elevators , escalators and innovative solutions for maintenance and modernization .",1,"['it', 'provides', 'customers', 'with', 'industry', 'leading', 'elevators', 'escalators', 'and', 'innovative', 'solutions', 'for', 'maintenance', 'and', 'modernization']"
1039,"Kemira Coatings is the leading supplier of paints in Northern and Eastern Europe , providing consumers and professionals with branded products in approx .",1,"['kemira', 'coatings', 'is', 'the', 'leading', 'supplier', 'of', 'paints', 'in', 'northern', 'and', 'eastern', 'europe', 'providing', 'consumers', 'and', 'professionals', 'with', 'branded', 'products', 'in', 'approx']"
1040,Poyry has a good track record of major transportation projects in Latin America .,1,"['poyry', 'has', 'a', 'good', 'track', 'record', 'of', 'major', 'transportation', 'projects', 'in', 'latin', 'america']"
1041,"The Basware Connectivity services allow companies to handle purchase to pay processes online and make their internal processes more efficient , '' said CEO Ilkka Sihvo , Basware Corporation .",1,"['the', 'basware', 'connectivity', 'services', 'allow', 'companies', 'to', 'handle', 'purchase', 'to', 'pay', 'processes', 'online', 'and', 'make', 'their', 'internal', 'processes', 'more', 'efficient', 'said', 'ceo', 'ilkka', 'sihvo', 'basware', 'corporation']"
1042,"The iTunes-based material will be accessible on Windows-based or Macintosh computers and transferable to portable devices , including Apple 's iPods .",1,"['the', 'itunes', 'based', 'material', 'will', 'be', 'accessible', 'on', 'windows', 'based', 'or', 'macintosh', 'computers', 'and', 'transferable', 'to', 'portable', 'devices', 'including', 'apple', 's', 'ipods']"
1043,This bold spinning 360 red fabric design is set beautifully on Ercols Napoli sofa .,1,"['this', 'bold', 'spinning', 'red', 'fabric', 'design', 'is', 'set', 'beautifully', 'on', 'ercols', 'napoli', 'sofa']"
1044,TomTom has given assurances that it will continue to sell maps to competitors if it wins EU approval .,1,"['tomtom', 'has', 'given', 'assurances', 'that', 'it', 'will', 'continue', 'to', 'sell', 'maps', 'to', 'competitors', 'if', 'it', 'wins', 'eu', 'approval']"
1045,"We are very excited working with Maxis on this first commercial deployment of ` Master of Maya ' , said Joe Doering , Head of the Asia South region at Nokia Siemens Networks .",1,"['we', 'are', 'very', 'excited', 'working', 'with', 'maxis', 'on', 'this', 'first', 'commercial', 'deployment', 'of', 'master', 'of', 'maya', 'said', 'joe', 'doering', 'head', 'of', 'the', 'asia', 'south', 'region', 'at', 'nokia', 'siemens', 'networks']"
1046,"`` It gives us a sense of pride and exposure , '' said Bruce Hansen , the SVH sales representative for Wolverine .",1,"['it', 'gives', 'us', 'a', 'sense', 'of', 'pride', 'and', 'exposure', 'said', 'bruce', 'hansen', 'the', 'svh', 'sales', 'representative', 'for', 'wolverine']"
1047,"`` Nokia 's Calling All Innovators Africa competition has been specifically launched to enable developers to create locally relevant , best-of-breed mobile applications . ''",1,"['nokia', 's', 'calling', 'all', 'innovators', 'africa', 'competition', 'has', 'been', 'specifically', 'launched', 'to', 'enable', 'developers', 'to', 'create', 'locally', 'relevant', 'best', 'of', 'breed', 'mobile', 'applications']"
1048,"`` P&O Ferries now has a very efficient and powerful vessel for its Dover to Calais route , '' head of the shipbuilder 's Rauma yard , Timo Suistio , said .",1,"['p', 'o', 'ferries', 'now', 'has', 'a', 'very', 'efficient', 'and', 'powerful', 'vessel', 'for', 'its', 'dover', 'to', 'calais', 'route', 'head', 'of', 'the', 'shipbuilder', 's', 'rauma', 'yard', 'timo', 'suistio', 'said']"
1049,"`` We are happy to be working with Rapala to encourage boaters and anglers to introduce newcomers to the sport , '' said RBFF President & CEO Frank Peterson .",1,"['we', 'are', 'happy', 'to', 'be', 'working', 'with', 'rapala', 'to', 'encourage', 'boaters', 'and', 'anglers', 'to', 'introduce', 'newcomers', 'to', 'the', 'sport', 'said', 'rbff', 'president', 'ceo', 'frank', 'peterson']"
1050,`` We are pleased to welcome Tapeks Noma into Cramo group .,1,"['we', 'are', 'pleased', 'to', 'welcome', 'tapeks', 'noma', 'into', 'cramo', 'group']"
1051,CDLI highlights the companies that provided the most comprehensive response to the Carbon Disclosure Project CDP information request .,1,"['cdli', 'highlights', 'the', 'companies', 'that', 'provided', 'the', 'most', 'comprehensive', 'response', 'to', 'the', 'carbon', 'disclosure', 'project', 'cdp', 'information', 'request']"
1052,"Luxembourg-registered investment fund Amber Trust II has won the final approval of Lithuania 's Competition Council to acquire 29.6 percent of Sanitas , the country 's largest pharmaceutical producer .",1,"['luxembourg', 'registered', 'investment', 'fund', 'amber', 'trust', 'ii', 'has', 'won', 'the', 'final', 'approval', 'of', 'lithuania', 's', 'competition', 'council', 'to', 'acquire', 'percent', 'of', 'sanitas', 'the', 'country', 's', 'largest', 'pharmaceutical', 'producer']"
1053,"The adapter , awarded with the `` Certified Integration for SAP -« ; NetWeaver '' endorsement , integrates Basware s invoice automation and procurement solutions with more than 200 different ERP systems .",1,"['the', 'adapter', 'awarded', 'with', 'the', 'certified', 'integration', 'for', 'sap', 'netweaver', 'endorsement', 'integrates', 'basware', 's', 'invoice', 'automation', 'and', 'procurement', 'solutions', 'with', 'more', 'than', 'different', 'erp', 'systems']"
1054,The Commission is to be applauded for applying a fact-based and data-driven approach and for providing clarity for future petitions .,1,"['the', 'commission', 'is', 'to', 'be', 'applauded', 'for', 'applying', 'a', 'fact', 'based', 'and', 'data', 'driven', 'approach', 'and', 'for', 'providing', 'clarity', 'for', 'future', 'petitions']"
1055,"The company , which celebrates its fiftieth anniversary next year , has been exporting distinctive detached homes to Central Europe for several decades .",1,"['the', 'company', 'which', 'celebrates', 'its', 'fiftieth', 'anniversary', 'next', 'year', 'has', 'been', 'exporting', 'distinctive', 'detached', 'homes', 'to', 'central', 'europe', 'for', 'several', 'decades']"
1056,The energy-efficient data center will be built by combining an effective energy solution with state-of-the-art technology .,1,"['the', 'energy', 'efficient', 'data', 'center', 'will', 'be', 'built', 'by', 'combining', 'an', 'effective', 'energy', 'solution', 'with', 'state', 'of', 'the', 'art', 'technology']"
1057,The Finnish daily Kauppalehti surmises that Finnish supplier Rautaruukki has raised its prices above Aker 's comfort zone .,0,"['the', 'finnish', 'daily', 'kauppalehti', 'surmises', 'that', 'finnish', 'supplier', 'rautaruukki', 'has', 'raised', 'its', 'prices', 'above', 'aker', 's', 'comfort', 'zone']"
1058,The social plan negotiations were part of the three year turn-around program which is expected to ensure Salomon 's future competitiveness .,1,"['the', 'social', 'plan', 'negotiations', 'were', 'part', 'of', 'the', 'three', 'year', 'turn', 'around', 'program', 'which', 'is', 'expected', 'to', 'ensure', 'salomon', 's', 'future', 'competitiveness']"
1059,"Nokia , which has a strong track record in the lower-end handset market , said in July its touch-screen offering would come this year and be cheaper than rival models in order to tap into a higher-volume market .",1,"['nokia', 'which', 'has', 'a', 'strong', 'track', 'record', 'in', 'the', 'lower', 'end', 'handset', 'market', 'said', 'in', 'july', 'its', 'touch', 'screen', 'offering', 'would', 'come', 'this', 'year', 'and', 'be', 'cheaper', 'than', 'rival', 'models', 'in', 'order', 'to', 'tap', 'into', 'a', 'higher', 'volume', 'market']"
1060,"We aim to ensure that Vacon is in good shape when capital expenditure starts to pick up again , '' comments Vacon Plc President and CEO Vesa Laisi .",1,"['we', 'aim', 'to', 'ensure', 'that', 'vacon', 'is', 'in', 'good', 'shape', 'when', 'capital', 'expenditure', 'starts', 'to', 'pick', 'up', 'again', 'comments', 'vacon', 'plc', 'president', 'and', 'ceo', 'vesa', 'laisi']"
1061,"Shares in Royal and Sun Alliance continued to slide back from a 12-month high of 172p last month , after a potential suitor ruled itself out of a takeover bid .",0,"['shares', 'in', 'royal', 'and', 'sun', 'alliance', 'continued', 'to', 'slide', 'back', 'from', 'a', 'month', 'high', 'of', 'p', 'last', 'month', 'after', 'a', 'potential', 'suitor', 'ruled', 'itself', 'out', 'of', 'a', 'takeover', 'bid']"
1062,"Managing Director 's comments : `` Net sales for the first quarter were notably lower than a year before , especially in Finland , Russia and the Baltic countries .",0,"['managing', 'director', 's', 'comments', 'net', 'sales', 'for', 'the', 'first', 'quarter', 'were', 'notably', 'lower', 'than', 'a', 'year', 'before', 'especially', 'in', 'finland', 'russia', 'and', 'the', 'baltic', 'countries']"
1063,"Sales climbed 19.2 pct to 1.002 bln eur , surpassing the 953 mln eur consensus figure .",1,"['sales', 'climbed', 'pct', 'to', 'bln', 'eur', 'surpassing', 'the', 'mln', 'eur', 'consensus', 'figure']"
1064,"Suominen Corporation estimates that the cost-cutting program that started in autumn 2005 , higher sales prices , and expected growth in volume of Wet Wipes , will make the company 's operations more profitable .",1,"['suominen', 'corporation', 'estimates', 'that', 'the', 'cost', 'cutting', 'program', 'that', 'started', 'in', 'autumn', 'higher', 'sales', 'prices', 'and', 'expected', 'growth', 'in', 'volume', 'of', 'wet', 'wipes', 'will', 'make', 'the', 'company', 's', 'operations', 'more', 'profitable']"
1065,"In a release , the Company said that Vocollect T2 customers in North America can now take advantage of its Voice Directed Warehousing solution and increase warehouse efficiency and productivity gains at a discounted price .",1,"['in', 'a', 'release', 'the', 'company', 'said', 'that', 'vocollect', 't', 'customers', 'in', 'north', 'america', 'can', 'now', 'take', 'advantage', 'of', 'its', 'voice', 'directed', 'warehousing', 'solution', 'and', 'increase', 'warehouse', 'efficiency', 'and', 'productivity', 'gains', 'at', 'a', 'discounted', 'price']"
1066,Business boomed after Ostrom helped plant a small story about Rapala lures in a Life magazine issue that featured Marilyn Monroe on the cover .,1,"['business', 'boomed', 'after', 'ostrom', 'helped', 'plant', 'a', 'small', 'story', 'about', 'rapala', 'lures', 'in', 'a', 'life', 'magazine', 'issue', 'that', 'featured', 'marilyn', 'monroe', 'on', 'the', 'cover']"
1067,Finnish OKO bank has signed a cooperation agreement with Raiffeisen concerning Finnish companies ' investments in Russia .,1,"['finnish', 'oko', 'bank', 'has', 'signed', 'a', 'cooperation', 'agreement', 'with', 'raiffeisen', 'concerning', 'finnish', 'companies', 'investments', 'in', 'russia']"
1068,Paper maker Stora Enso Oyj said Friday it has been acquitted of charges that it participated in a paper price-fixing conspiracy in the United States .,1,"['paper', 'maker', 'stora', 'enso', 'oyj', 'said', 'friday', 'it', 'has', 'been', 'acquitted', 'of', 'charges', 'that', 'it', 'participated', 'in', 'a', 'paper', 'price', 'fixing', 'conspiracy', 'in', 'the', 'united', 'states']"
1069,"Cooper SH , the UK distributor for lift equipment manufacturer Konecranes , won the five-year deal which involves low maintenance and fuel saving technologies .",1,"['cooper', 'sh', 'the', 'uk', 'distributor', 'for', 'lift', 'equipment', 'manufacturer', 'konecranes', 'won', 'the', 'five', 'year', 'deal', 'which', 'involves', 'low', 'maintenance', 'and', 'fuel', 'saving', 'technologies']"
1070,Metsaliitto said that it will book a minor gain of less than EUR1 .0 m from the transaction .,1,"['metsaliitto', 'said', 'that', 'it', 'will', 'book', 'a', 'minor', 'gain', 'of', 'less', 'than', 'eur', 'm', 'from', 'the', 'transaction']"
1071,"The negotiations were carried out in a constructive manner , and all parties tried to find a solution to the situation .",1,"['the', 'negotiations', 'were', 'carried', 'out', 'in', 'a', 'constructive', 'manner', 'and', 'all', 'parties', 'tried', 'to', 'find', 'a', 'solution', 'to', 'the', 'situation']"
1072,This is a much better process than using virgin paper as it requires less transportation of wood pulp from places like Finland and Canada .,1,"['this', 'is', 'a', 'much', 'better', 'process', 'than', 'using', 'virgin', 'paper', 'as', 'it', 'requires', 'less', 'transportation', 'of', 'wood', 'pulp', 'from', 'places', 'like', 'finland', 'and', 'canada']"
1073,"After the reporting period , BioTie North American licensing partner Somaxon Pharmaceuticals announced positive results with nalmefene in a pilot Phase 2 clinical trial for smoking cessation .",1,"['after', 'the', 'reporting', 'period', 'biotie', 'north', 'american', 'licensing', 'partner', 'somaxon', 'pharmaceuticals', 'announced', 'positive', 'results', 'with', 'nalmefene', 'in', 'a', 'pilot', 'phase', 'clinical', 'trial', 'for', 'smoking', 'cessation']"
1074,"`` Indo-Russia trade can cross the targeted 10 billion dollars by 2010 and double to 20 billion dollars by 2015 , if trade irritants and procedural hassles are resolved , '' the chamber said in its survey on obstacles to trade with Russia .",1,"['indo', 'russia', 'trade', 'can', 'cross', 'the', 'targeted', 'billion', 'dollars', 'by', 'and', 'double', 'to', 'billion', 'dollars', 'by', 'if', 'trade', 'irritants', 'and', 'procedural', 'hassles', 'are', 'resolved', 'the', 'chamber', 'said', 'in', 'its', 'survey', 'on', 'obstacles', 'to', 'trade', 'with', 'russia']"
1075,"`` This is a significant milestone for Benefon , helping us to secure critical USP 's for our personal navigation product roadmap for 2007 and beyond , '' commented Simon Button , Chief Technology Officer at Benefon .",1,"['this', 'is', 'a', 'significant', 'milestone', 'for', 'benefon', 'helping', 'us', 'to', 'secure', 'critical', 'usp', 's', 'for', 'our', 'personal', 'navigation', 'product', 'roadmap', 'for', 'and', 'beyond', 'commented', 'simon', 'button', 'chief', 'technology', 'officer', 'at', 'benefon']"
1076,"18 May 2010 - Finnish electronics producer Elcoteq SE HEL : ELQAV said today that it has signed an extensive cooperation agreement on industrialisation , manufacturing , distribution and after-market services for mobile phones with Japan 's Sharp TYO : 6753 .",1,"['may', 'finnish', 'electronics', 'producer', 'elcoteq', 'se', 'hel', 'elqav', 'said', 'today', 'that', 'it', 'has', 'signed', 'an', 'extensive', 'cooperation', 'agreement', 'on', 'industrialisation', 'manufacturing', 'distribution', 'and', 'after', 'market', 'services', 'for', 'mobile', 'phones', 'with', 'japan', 's', 'sharp', 'tyo']"
1077,"Investors will continue being interested in the company 's share although it is not quite cheap , Affarsvarlden said .",1,"['investors', 'will', 'continue', 'being', 'interested', 'in', 'the', 'company', 's', 'share', 'although', 'it', 'is', 'not', 'quite', 'cheap', 'affarsvarlden', 'said']"
1078,"In complying with the European Water Framework Directive requirements , the pre-treatment unit will be fully renovated , including hydraulics of waste water inception , degridding , sand and grease removal and treatment and deodorization of the unit .",1,"['in', 'complying', 'with', 'the', 'european', 'water', 'framework', 'directive', 'requirements', 'the', 'pre', 'treatment', 'unit', 'will', 'be', 'fully', 'renovated', 'including', 'hydraulics', 'of', 'waste', 'water', 'inception', 'degridding', 'sand', 'and', 'grease', 'removal', 'and', 'treatment', 'and', 'deodorization', 'of', 'the', 'unit']"
1079,"So far , Mr. Galvan he has been able to avoid laying off workers .",1,"['so', 'far', 'mr', 'galvan', 'he', 'has', 'been', 'able', 'to', 'avoid', 'laying', 'off', 'workers']"
1080,"`` This is super nasty , '' said Eric Schultze , chief technology officer at Shavlik Technologies LLC , a St. Paul , Minn.-based maker of patch management tools .",0,"['this', 'is', 'super', 'nasty', 'said', 'eric', 'schultze', 'chief', 'technology', 'officer', 'at', 'shavlik', 'technologies', 'llc', 'a', 'st', 'paul', 'minn', 'based', 'maker', 'of', 'patch', 'management', 'tools']"
1081,More than a third of the original participants dropped out due to nausea and other side effects .,0,"['more', 'than', 'a', 'third', 'of', 'the', 'original', 'participants', 'dropped', 'out', 'due', 'to', 'nausea', 'and', 'other', 'side', 'effects']"
1082,The StoneGate UTM solution offers protection against inbound and outbound attacks .,1,"['the', 'stonegate', 'utm', 'solution', 'offers', 'protection', 'against', 'inbound', 'and', 'outbound', 'attacks']"
1083,Aspocomp has a large factory in China and a factory building project in India that was halted due to financing problems .,0,"['aspocomp', 'has', 'a', 'large', 'factory', 'in', 'china', 'and', 'a', 'factory', 'building', 'project', 'in', 'india', 'that', 'was', 'halted', 'due', 'to', 'financing', 'problems']"
1084,F-Secure also point out the logical weakness in the sequenced numbers of a card approach that has apparently already been utilised .,0,"['f', 'secure', 'also', 'point', 'out', 'the', 'logical', 'weakness', 'in', 'the', 'sequenced', 'numbers', 'of', 'a', 'card', 'approach', 'that', 'has', 'apparently', 'already', 'been', 'utilised']"
1085,The completion of the recycling plant is an important link in the chain of creating a waste management system in the Dubna region that meets the EU standards .,1,"['the', 'completion', 'of', 'the', 'recycling', 'plant', 'is', 'an', 'important', 'link', 'in', 'the', 'chain', 'of', 'creating', 'a', 'waste', 'management', 'system', 'in', 'the', 'dubna', 'region', 'that', 'meets', 'the', 'eu', 'standards']"
1086,The SeaWind that was en route from the Finnish port of Turku to Stockholm got stuck in ice already around 4 p.m. on Wednesday and the Regal Star 's journey from the Swedish port of Kapellskar to Paldiski in northwestern Estonia was cut short at 2 a.m. on Thursday .,0,"['the', 'seawind', 'that', 'was', 'en', 'route', 'from', 'the', 'finnish', 'port', 'of', 'turku', 'to', 'stockholm', 'got', 'stuck', 'in', 'ice', 'already', 'around', 'p', 'm', 'on', 'wednesday', 'and', 'the', 'regal', 'star', 's', 'journey', 'from', 'the', 'swedish', 'port', 'of', 'kapellskar', 'to', 'paldiski', 'in', 'northwestern', 'estonia', 'was', 'cut', 'short', 'at', 'a', 'm', 'on', 'thursday']"
1087,"Upon completion , Keskuskatu will form the backbone of Helsinki 's pedestrianised downtown area , linking up with the city 's other main pedestrian precincts .",1,"['upon', 'completion', 'keskuskatu', 'will', 'form', 'the', 'backbone', 'of', 'helsinki', 's', 'pedestrianised', 'downtown', 'area', 'linking', 'up', 'with', 'the', 'city', 's', 'other', 'main', 'pedestrian', 'precincts']"
1088,"`` Uncommonly weak snow conditions in nearly every market have affected our first quarter result , '' Chief Executive Roger Talermo said .",0,"['uncommonly', 'weak', 'snow', 'conditions', 'in', 'nearly', 'every', 'market', 'have', 'affected', 'our', 'first', 'quarter', 'result', 'chief', 'executive', 'roger', 'talermo', 'said']"
1089,Danish company FLSmidth has acknowledged that it has violated a patent held by Finnish Metso .,0,"['danish', 'company', 'flsmidth', 'has', 'acknowledged', 'that', 'it', 'has', 'violated', 'a', 'patent', 'held', 'by', 'finnish', 'metso']"
1090,"The liquidity providing was interrupted on May 11 , 2007 when Aspocomp Group Oyj 's shares traded below 0.50 cent ( Aspocomp 's stock exchange release 11.5.2007 ) .",0,"['the', 'liquidity', 'providing', 'was', 'interrupted', 'on', 'may', 'when', 'aspocomp', 'group', 'oyj', 's', 'shares', 'traded', 'below', 'cent', 'aspocomp', 's', 'stock', 'exchange', 'release']"
1091,"Markets had been expecting a poor performance , and the company 's stock was up 6 percent at  x20ac 23.89 US$ 33.84 in early afternoon trading in Helsinki .",1,"['markets', 'had', 'been', 'expecting', 'a', 'poor', 'performance', 'and', 'the', 'company', 's', 'stock', 'was', 'up', 'percent', 'at', 'x', 'ac', 'us', 'in', 'early', 'afternoon', 'trading', 'in', 'helsinki']"
1092,The layoffs were aimed at reaching an annual savings target of 1.5 billion euros $ 2 billion by the end of 2010 .,1,"['the', 'layoffs', 'were', 'aimed', 'at', 'reaching', 'an', 'annual', 'savings', 'target', 'of', 'billion', 'euros', 'billion', 'by', 'the', 'end', 'of']"
1093,"According to Finnish insurance companies Tapiola , Local Insurance Group ( L+ñhivakuutus ) , and Pohjola the two fierce storms at the end of July and in the beginning of August 2010 that felled trees around Finland have speeded up sales of forest insurance .",1,"['according', 'to', 'finnish', 'insurance', 'companies', 'tapiola', 'local', 'insurance', 'group', 'l', 'hivakuutus', 'and', 'pohjola', 'the', 'two', 'fierce', 'storms', 'at', 'the', 'end', 'of', 'july', 'and', 'in', 'the', 'beginning', 'of', 'august', 'that', 'felled', 'trees', 'around', 'finland', 'have', 'speeded', 'up', 'sales', 'of', 'forest', 'insurance']"
1094,"Excluding non-recurring items , pre-tax profit surged 45 % to EUR80m .",1,"['excluding', 'non', 'recurring', 'items', 'pre', 'tax', 'profit', 'surged', 'to', 'eur', 'm']"
1095,"ADP News - Feb 13 , 2009 - Finnish retailer Kesko Oyj HEL : KESBV said today its total sales , excluding value added tax VAT , stood at EUR 661.3 million USD 853.1 m in January 2009 , down 15.2 % year-on-yea",0,"['adp', 'news', 'feb', 'finnish', 'retailer', 'kesko', 'oyj', 'hel', 'kesbv', 'said', 'today', 'its', 'total', 'sales', 'excluding', 'value', 'added', 'tax', 'vat', 'stood', 'at', 'eur', 'million', 'usd', 'm', 'in', 'january', 'down', 'year', 'on', 'yea']"
1096,The low capacity utilisation rate in steel production considerably increases the fixed costs per unit of steel produced .,0,"['the', 'low', 'capacity', 'utilisation', 'rate', 'in', 'steel', 'production', 'considerably', 'increases', 'the', 'fixed', 'costs', 'per', 'unit', 'of', 'steel', 'produced']"
1097,"Talentum expects that the net sales of its core business will increase in 2008 , compared to 2007 .",1,"['talentum', 'expects', 'that', 'the', 'net', 'sales', 'of', 'its', 'core', 'business', 'will', 'increase', 'in', 'compared', 'to']"
1098,"`` In the newly formed company YIT Stavo the local contact network , expertise and market know how of Euro Stavokonsult will be combined with YIT 's housing concept , '' said Juha Kostiainen , Yit 's Vice President , Corporate Communications and Business Development .",1,"['in', 'the', 'newly', 'formed', 'company', 'yit', 'stavo', 'the', 'local', 'contact', 'network', 'expertise', 'and', 'market', 'know', 'how', 'of', 'euro', 'stavokonsult', 'will', 'be', 'combined', 'with', 'yit', 's', 'housing', 'concept', 'said', 'juha', 'kostiainen', 'yit', 's', 'vice', 'president', 'corporate', 'communications', 'and', 'business', 'development']"
1099,A & euro ; 4.8 million investment in 13.6 % of Lewa netted Deutsche Beteiligungs & euro ; 21 million .,1,"['a', 'euro', 'million', 'investment', 'in', 'of', 'lewa', 'netted', 'deutsche', 'beteiligungs', 'euro', 'million']"
1100,"In China , Finnish Kone that provides elevators , escalators , and solutions for modernisation and maintenance will build 342 escalators that will be installed in a high-speed railway section between Beijing and Shanghai in a 1.5 years ' time .",1,"['in', 'china', 'finnish', 'kone', 'that', 'provides', 'elevators', 'escalators', 'and', 'solutions', 'for', 'modernisation', 'and', 'maintenance', 'will', 'build', 'escalators', 'that', 'will', 'be', 'installed', 'in', 'a', 'high', 'speed', 'railway', 'section', 'between', 'beijing', 'and', 'shanghai', 'in', 'a', 'years', 'time']"
1101,"According to PKC , the acquisition would bring a significant addition to PKC 's customer base .",1,"['according', 'to', 'pkc', 'the', 'acquisition', 'would', 'bring', 'a', 'significant', 'addition', 'to', 'pkc', 's', 'customer', 'base']"
1102,Airbus has 100 firm orders for the A350 and 89 nonbinding commitments .,1,"['airbus', 'has', 'firm', 'orders', 'for', 'the', 'a', 'and', 'nonbinding', 'commitments']"
1103,"At the end of the review period , Nordic Aluminium 's order book stood at EUR 8.77 mn compared to EUR 7.04 in 2005 .",1,"['at', 'the', 'end', 'of', 'the', 'review', 'period', 'nordic', 'aluminium', 's', 'order', 'book', 'stood', 'at', 'eur', 'mn', 'compared', 'to', 'eur', 'in']"
1104,Both the net sales and operating profit were record high in the company 's history .,1,"['both', 'the', 'net', 'sales', 'and', 'operating', 'profit', 'were', 'record', 'high', 'in', 'the', 'company', 's', 'history']"
1105,"Elcoteq 's stock of orders has stabilised in the past weeks , Mr Krippl said .",1,"['elcoteq', 's', 'stock', 'of', 'orders', 'has', 'stabilised', 'in', 'the', 'past', 'weeks', 'mr', 'krippl', 'said']"
1106,"Favourable currency rates also contributed to higher net sales , '' CEO Kari Kauniskangas said .",1,"['favourable', 'currency', 'rates', 'also', 'contributed', 'to', 'higher', 'net', 'sales', 'ceo', 'kari', 'kauniskangas', 'said']"
1107,"Fiskars , a 360-year-old global business best known for its orange-handled scissors , expects to derive synergies of EUR5 million a year by consolidating certain parts of the housewares division where the two compete .",1,"['fiskars', 'a', 'year', 'old', 'global', 'business', 'best', 'known', 'for', 'its', 'orange', 'handled', 'scissors', 'expects', 'to', 'derive', 'synergies', 'of', 'eur', 'million', 'a', 'year', 'by', 'consolidating', 'certain', 'parts', 'of', 'the', 'housewares', 'division', 'where', 'the', 'two', 'compete']"
1108,"Full-year net sales are expected to increase by approximately 10 % , the company said .",1,"['full', 'year', 'net', 'sales', 'are', 'expected', 'to', 'increase', 'by', 'approximately', 'the', 'company', 'said']"
1109,"In addition to the Indian market , the new plant will serve Salcomp 's customers globally , the company said .",1,"['in', 'addition', 'to', 'the', 'indian', 'market', 'the', 'new', 'plant', 'will', 'serve', 'salcomp', 's', 'customers', 'globally', 'the', 'company', 'said']"
1110,"in Q1 '10 19 April 2010 - Finnish forest machinery and equipment maker Ponsse Oyj HEL : PON1V said today that it expects to swing to a net profit of some EUR6 .3 m in the first quarter of 2010 , from an EUR9 .6 m loss a year earlier .",1,"['in', 'q', 'april', 'finnish', 'forest', 'machinery', 'and', 'equipment', 'maker', 'ponsse', 'oyj', 'hel', 'pon', 'v', 'said', 'today', 'that', 'it', 'expects', 'to', 'swing', 'to', 'a', 'net', 'profit', 'of', 'some', 'eur', 'm', 'in', 'the', 'first', 'quarter', 'of', 'from', 'an', 'eur', 'm', 'loss', 'a', 'year', 'earlier']"
1111,"In the beginning of this year , Wartsila had secured an order to deliver four gas-fuelled main engines and propulsion machinery for the same vessel .",1,"['in', 'the', 'beginning', 'of', 'this', 'year', 'wartsila', 'had', 'secured', 'an', 'order', 'to', 'deliver', 'four', 'gas', 'fuelled', 'main', 'engines', 'and', 'propulsion', 'machinery', 'for', 'the', 'same', 'vessel']"
1112,"India 's trade with Russia currently stands at four billion dollars , growing 9.6 per cent in fiscal 2007 .",1,"['india', 's', 'trade', 'with', 'russia', 'currently', 'stands', 'at', 'four', 'billion', 'dollars', 'growing', 'per', 'cent', 'in', 'fiscal']"
1113,"Instead , Elcoteq has signed a non-binding Letter of Intent with another Asian strategic investor .",1,"['instead', 'elcoteq', 'has', 'signed', 'a', 'non', 'binding', 'letter', 'of', 'intent', 'with', 'another', 'asian', 'strategic', 'investor']"
1114,"Lithuanian beer makers sold 256.88 million liters of beer in 2005 , a rise of 4.5 per cent from the year-earlier figure of 245.92 million liters .",1,"['lithuanian', 'beer', 'makers', 'sold', 'million', 'liters', 'of', 'beer', 'in', 'a', 'rise', 'of', 'per', 'cent', 'from', 'the', 'year', 'earlier', 'figure', 'of', 'million', 'liters']"
1115,Loss after taxes amounted to EUR 1.2 mn compared to a loss of 2.6 mn .,1,"['loss', 'after', 'taxes', 'amounted', 'to', 'eur', 'mn', 'compared', 'to', 'a', 'loss', 'of', 'mn']"
1116,Net sales revenue per passenger is expected to increase .,1,"['net', 'sales', 'revenue', 'per', 'passenger', 'is', 'expected', 'to', 'increase']"
1117,Return on investment was 16.6 % compared to 15.8 % in 2004 .,1,"['return', 'on', 'investment', 'was', 'compared', 'to', 'in']"
1118,Self-service and automation are in a bigger role now and Fujitsu 's global resources will be exploited effectively .,1,"['self', 'service', 'and', 'automation', 'are', 'in', 'a', 'bigger', 'role', 'now', 'and', 'fujitsu', 's', 'global', 'resources', 'will', 'be', 'exploited', 'effectively']"
1119,The company moved to an operating profit of EUR10 .9 m versus an operating loss of EUR15 .3 m. It also turned to EPS of EUR0 .08 versus loss per share of EUR0 .04 .,1,"['the', 'company', 'moved', 'to', 'an', 'operating', 'profit', 'of', 'eur', 'm', 'versus', 'an', 'operating', 'loss', 'of', 'eur', 'm', 'it', 'also', 'turned', 'to', 'eps', 'of', 'eur', 'versus', 'loss', 'per', 'share', 'of', 'eur']"
1120,The insurer anticipates its share in Nordea 's net profit to be significant .,1,"['the', 'insurer', 'anticipates', 'its', 'share', 'in', 'nordea', 's', 'net', 'profit', 'to', 'be', 'significant']"
1121,"The item included restructuring costs of EUR1 .6 m , while a year earlier they were EUR13 .1 m. Diluted EPS stood at EUR0 .3 versus a loss per share of EUR 0.1 .",1,"['the', 'item', 'included', 'restructuring', 'costs', 'of', 'eur', 'm', 'while', 'a', 'year', 'earlier', 'they', 'were', 'eur', 'm', 'diluted', 'eps', 'stood', 'at', 'eur', 'versus', 'a', 'loss', 'per', 'share', 'of', 'eur']"
1122,"The new office , located in Shenzhen , will strengthen Vaisala 's already 10-year old presence in China .",1,"['the', 'new', 'office', 'located', 'in', 'shenzhen', 'will', 'strengthen', 'vaisala', 's', 'already', 'year', 'old', 'presence', 'in', 'china']"
1123,"The price of raw material aluminium went up at the end of 2005 , but the company considers its outlook for 2006 favourable .",1,"['the', 'price', 'of', 'raw', 'material', 'aluminium', 'went', 'up', 'at', 'the', 'end', 'of', 'but', 'the', 'company', 'considers', 'its', 'outlook', 'for', 'favourable']"
1124,"The refining margin for the year was $ 13.39 - bbl , compared to $ 10.46 - bbl in the prior year .",1,"['the', 'refining', 'margin', 'for', 'the', 'year', 'was', 'bbl', 'compared', 'to', 'bbl', 'in', 'the', 'prior', 'year']"
1125,"The subdivision made sales revenues last year of EUR 480.7 million EUR 414.9 million in 2008 , and operating profits of EUR 44.5 million EUR 7.4 million .",1,"['the', 'subdivision', 'made', 'sales', 'revenues', 'last', 'year', 'of', 'eur', 'million', 'eur', 'million', 'in', 'and', 'operating', 'profits', 'of', 'eur', 'million', 'eur', 'million']"
1126,"Vaahto , which has entered the deal via its subsidiary Vaahto Pulp & Paper Machinery , will supply two of the units in the end of 2010 , while the remaining ones are expected for delivery in the beginning of 2011 .",1,"['vaahto', 'which', 'has', 'entered', 'the', 'deal', 'via', 'its', 'subsidiary', 'vaahto', 'pulp', 'paper', 'machinery', 'will', 'supply', 'two', 'of', 'the', 'units', 'in', 'the', 'end', 'of', 'while', 'the', 'remaining', 'ones', 'are', 'expected', 'for', 'delivery', 'in', 'the', 'beginning', 'of']"
1127,"Via the move , the company aims annual savings of some EUR 3 million USD 4.3 m , the main part of which are expected to be realized this year .",1,"['via', 'the', 'move', 'the', 'company', 'aims', 'annual', 'savings', 'of', 'some', 'eur', 'million', 'usd', 'm', 'the', 'main', 'part', 'of', 'which', 'are', 'expected', 'to', 'be', 'realized', 'this', 'year']"
1128,Viking Line manages well with its current ferries .,1,"['viking', 'line', 'manages', 'well', 'with', 'its', 'current', 'ferries']"
1129,SCANIA Morgan Stanley lifted the share target on Swedish heavy-duty truck and bus maker Scania AB to 330 crowns ( $ 42.4 - 35.2 euro ) from 310 crowns ( $ 39.8 - 33.1 euro ) .,1,"['scania', 'morgan', 'stanley', 'lifted', 'the', 'share', 'target', 'on', 'swedish', 'heavy', 'duty', 'truck', 'and', 'bus', 'maker', 'scania', 'ab', 'to', 'crowns', 'euro', 'from', 'crowns', 'euro']"
1130,` Very recommendable ' is the Nokian Z G2 according to the ` ADAC judgement ' in the latest summer tyre test of the German automobile association ADAC .,1,"['very', 'recommendable', 'is', 'the', 'nokian', 'z', 'g', 'according', 'to', 'the', 'adac', 'judgement', 'in', 'the', 'latest', 'summer', 'tyre', 'test', 'of', 'the', 'german', 'automobile', 'association', 'adac']"
1131,"`` Neste Oil is working with over 20 research communities in Europe , America , Africa , Asia , and Australia to develop and introduce new raw materials .",1,"['neste', 'oil', 'is', 'working', 'with', 'over', 'research', 'communities', 'in', 'europe', 'america', 'africa', 'asia', 'and', 'australia', 'to', 'develop', 'and', 'introduce', 'new', 'raw', 'materials']"
1132,`` The announced investment of the carmaker Hyundai for example sounds optimistically for us as of course new cars mean new tires . '',1,"['the', 'announced', 'investment', 'of', 'the', 'carmaker', 'hyundai', 'for', 'example', 'sounds', 'optimistically', 'for', 'us', 'as', 'of', 'course', 'new', 'cars', 'mean', 'new', 'tires']"
1133,3 January 2011 - Finnish flag carrier Finnair Oyj ( HEL : FIA1S ) said today it sealed a nine-year sale and leaseback agreement for its newest Airbus A330 aircraft for syndication into the Japanese operating lease market .,1,"['january', 'finnish', 'flag', 'carrier', 'finnair', 'oyj', 'hel', 'fia', 's', 'said', 'today', 'it', 'sealed', 'a', 'nine', 'year', 'sale', 'and', 'leaseback', 'agreement', 'for', 'its', 'newest', 'airbus', 'a', 'aircraft', 'for', 'syndication', 'into', 'the', 'japanese', 'operating', 'lease', 'market']"
1134,"According to ACNielsen 's ScanTrack study for the period week 10 of 2005 to week 9 of 2006 , Coca-Cola is the market leader in soft drinks in Finland .",1,"['according', 'to', 'acnielsen', 's', 'scantrack', 'study', 'for', 'the', 'period', 'week', 'of', 'to', 'week', 'of', 'coca', 'cola', 'is', 'the', 'market', 'leader', 'in', 'soft', 'drinks', 'in', 'finland']"
1135,Finnish Ahlstrom Corporation has ordered key production equipment for a new glass nonwovens production line at its Russian Tver Mill from Finnish Vaahto Pulp & Paper Machinery ( that is part of Vaahto Group ) .,1,"['finnish', 'ahlstrom', 'corporation', 'has', 'ordered', 'key', 'production', 'equipment', 'for', 'a', 'new', 'glass', 'nonwovens', 'production', 'line', 'at', 'its', 'russian', 'tver', 'mill', 'from', 'finnish', 'vaahto', 'pulp', 'paper', 'machinery', 'that', 'is', 'part', 'of', 'vaahto', 'group']"
1136,Finnish Vacon has signed significant deals with Norwegian Scandinavian Electric Systems ( SES ) on the supply of AC drives .,1,"['finnish', 'vacon', 'has', 'signed', 'significant', 'deals', 'with', 'norwegian', 'scandinavian', 'electric', 'systems', 'ses', 'on', 'the', 'supply', 'of', 'ac', 'drives']"
1137,Finnish-Swedish TietoEnator is expanding its business quickly in Russia .,1,"['finnish', 'swedish', 'tietoenator', 'is', 'expanding', 'its', 'business', 'quickly', 'in', 'russia']"
1138,"H+Ñkan Dahlstr+Âm , head of mobility services at TeliaSonera , has forecast that mobile data volume on the TeliaSonera network in Sweden will rise eight-fold to 200,000 TB by 2014 .",1,"['h', 'kan', 'dahlstr', 'm', 'head', 'of', 'mobility', 'services', 'at', 'teliasonera', 'has', 'forecast', 'that', 'mobile', 'data', 'volume', 'on', 'the', 'teliasonera', 'network', 'in', 'sweden', 'will', 'rise', 'eight', 'fold', 'to', 'tb', 'by']"
1139,"According to M-real 's CEO , Mikko Helander , this transaction will enable the company to proceed swiftly with its restructuring program .",1,"['according', 'to', 'm', 'real', 's', 'ceo', 'mikko', 'helander', 'this', 'transaction', 'will', 'enable', 'the', 'company', 'to', 'proceed', 'swiftly', 'with', 'its', 'restructuring', 'program']"
1140,"According to Olvi 's Managing Director Lasse Aho , the company has an ongoing MMX Plus project that aims to find growth outside Finland .",1,"['according', 'to', 'olvi', 's', 'managing', 'director', 'lasse', 'aho', 'the', 'company', 'has', 'an', 'ongoing', 'mmx', 'plus', 'project', 'that', 'aims', 'to', 'find', 'growth', 'outside', 'finland']"
1141,Acquisitions have been made and businesses have been well integrated .,1,"['acquisitions', 'have', 'been', 'made', 'and', 'businesses', 'have', 'been', 'well', 'integrated']"
1142,Brazilian mobile player Telemig Celular yesterday announced that it has selected Finnish software developer Tecnomen Oyj to expand its prepaid billing system .,1,"['brazilian', 'mobile', 'player', 'telemig', 'celular', 'yesterday', 'announced', 'that', 'it', 'has', 'selected', 'finnish', 'software', 'developer', 'tecnomen', 'oyj', 'to', 'expand', 'its', 'prepaid', 'billing', 'system']"
1143,"Cargotec Corporation , Press Release , April 28 , 2008 at 2.00 p.m. Finnish time Cargotec 's MacGREGOR business area providing marine cargo handling and offshore load handling solutions has received significant hatch cover orders for bulk carriers .",1,"['cargotec', 'corporation', 'press', 'release', 'april', 'at', 'p', 'm', 'finnish', 'time', 'cargotec', 's', 'macgregor', 'business', 'area', 'providing', 'marine', 'cargo', 'handling', 'and', 'offshore', 'load', 'handling', 'solutions', 'has', 'received', 'significant', 'hatch', 'cover', 'orders', 'for', 'bulk', 'carriers']"
1144,Commencing the construction works of Pearl Plaza is a significant step in our Russian projects .,1,"['commencing', 'the', 'construction', 'works', 'of', 'pearl', 'plaza', 'is', 'a', 'significant', 'step', 'in', 'our', 'russian', 'projects']"
1145,"Cost savings will then rise to some 20 mln eur a year from 2007 , OKO said .",1,"['cost', 'savings', 'will', 'then', 'rise', 'to', 'some', 'mln', 'eur', 'a', 'year', 'from', 'oko', 'said']"
1146,Cramo Group 's financial targets for 2010-2013 are sales growth higher than 10 percent per year ; return on equity above 15 percent .,1,"['cramo', 'group', 's', 'financial', 'targets', 'for', 'are', 'sales', 'growth', 'higher', 'than', 'percent', 'per', 'year', 'return', 'on', 'equity', 'above', 'percent']"
1147,Diluted loss per share stood at EUR 0.15 versus EUR 0.26 .,1,"['diluted', 'loss', 'per', 'share', 'stood', 'at', 'eur', 'versus', 'eur']"
1148,Efficiency programs totalling 100 million euros are under way in Finnair .,1,"['efficiency', 'programs', 'totalling', 'million', 'euros', 'are', 'under', 'way', 'in', 'finnair']"
1149,Elektrobit ( EB ) has renewed its IT infrastructure contract with ICT services provider Fujitsu Services for EB 's Patja service .,1,"['elektrobit', 'eb', 'has', 'renewed', 'its', 'it', 'infrastructure', 'contract', 'with', 'ict', 'services', 'provider', 'fujitsu', 'services', 'for', 'eb', 's', 'patja', 'service']"
1150,European traffic grew nearly 30 % .,1,"['european', 'traffic', 'grew', 'nearly']"
1151,Finnish elevators and escalators maker KONE Corporation said on Tuesday ( 18 March ) that it has received a major order from Sir Robert McAlpine to supply all elevators and escalators for the Watermark Place project in the City of London .,1,"['finnish', 'elevators', 'and', 'escalators', 'maker', 'kone', 'corporation', 'said', 'on', 'tuesday', 'march', 'that', 'it', 'has', 'received', 'a', 'major', 'order', 'from', 'sir', 'robert', 'mcalpine', 'to', 'supply', 'all', 'elevators', 'and', 'escalators', 'for', 'the', 'watermark', 'place', 'project', 'in', 'the', 'city', 'of', 'london']"
1152,"Finnish financial software developer Basware Oyj said today it will provide its invoice automation ( IA ) solution to an unnamed major retail company in the USA in a deal , worth more than EUR300 ,000 .",1,"['finnish', 'financial', 'software', 'developer', 'basware', 'oyj', 'said', 'today', 'it', 'will', 'provide', 'its', 'invoice', 'automation', 'ia', 'solution', 'to', 'an', 'unnamed', 'major', 'retail', 'company', 'in', 'the', 'usa', 'in', 'a', 'deal', 'worth', 'more', 'than', 'eur']"
1153,"Finnish forest machinery and equipment maker Ponsse Oyj said on October 5 , 2007 it will deliver a total of 67 cut-to-length method forest machines and 44 harvester heads to Brazilian paper maker Bahia Pulp and to unnamed Uruguayan wood harvesting contractors .",1,"['finnish', 'forest', 'machinery', 'and', 'equipment', 'maker', 'ponsse', 'oyj', 'said', 'on', 'october', 'it', 'will', 'deliver', 'a', 'total', 'of', 'cut', 'to', 'length', 'method', 'forest', 'machines', 'and', 'harvester', 'heads', 'to', 'brazilian', 'paper', 'maker', 'bahia', 'pulp', 'and', 'to', 'unnamed', 'uruguayan', 'wood', 'harvesting', 'contractors']"
1154,"Finnish Metso will supply new wood handling and bleaching lines , as well as a rebuild of the kraft liner washing line for Klabin 's Tel+¬maco Borba mill in the Brazilian state of Paran+í .",1,"['finnish', 'metso', 'will', 'supply', 'new', 'wood', 'handling', 'and', 'bleaching', 'lines', 'as', 'well', 'as', 'a', 'rebuild', 'of', 'the', 'kraft', 'liner', 'washing', 'line', 'for', 'klabin', 's', 'tel', 'maco', 'borba', 'mill', 'in', 'the', 'brazilian', 'state', 'of', 'paran']"
1155,"Finnish technology group Aspocomp Group Oyj ( OMX Helsinki : ACG1V ) issued its third quarter report on Thursday ( 13 November ) , posting an operating profit of EUR0 .4 m , as compared to a loss of EUR0 .5 m in the third quarter of 2007 .",1,"['finnish', 'technology', 'group', 'aspocomp', 'group', 'oyj', 'omx', 'helsinki', 'acg', 'v', 'issued', 'its', 'third', 'quarter', 'report', 'on', 'thursday', 'november', 'posting', 'an', 'operating', 'profit', 'of', 'eur', 'm', 'as', 'compared', 'to', 'a', 'loss', 'of', 'eur', 'm', 'in', 'the', 'third', 'quarter', 'of']"
1156,"Finnish-owned contract manufacturer of electronics Elcoteq Hungary Kft has announced plans to recruit more than 650 new staffers to fulfill new orders in P+®cs , where the company has two plants .",1,"['finnish', 'owned', 'contract', 'manufacturer', 'of', 'electronics', 'elcoteq', 'hungary', 'kft', 'has', 'announced', 'plans', 'to', 'recruit', 'more', 'than', 'new', 'staffers', 'to', 'fulfill', 'new', 'orders', 'in', 'p', 'cs', 'where', 'the', 'company', 'has', 'two', 'plants']"
1157,"For Q2 2010 , consolidated earnings before tax totaled EUR4 .5 m , compared to EUR3 .9 m , and net profit was EUR3 .2 m , compared to EUR2 .9 m in the previous year .",1,"['for', 'q', 'consolidated', 'earnings', 'before', 'tax', 'totaled', 'eur', 'm', 'compared', 'to', 'eur', 'm', 'and', 'net', 'profit', 'was', 'eur', 'm', 'compared', 'to', 'eur', 'm', 'in', 'the', 'previous', 'year']"
1158,"For Telenor , the three and a half year contract is worth an estimated 12.6 m. YIT has chosen Telenor and Elisa as its principal suppliers of ICT solutions in Norway , Sweden , Denmark and Finland .",1,"['for', 'telenor', 'the', 'three', 'and', 'a', 'half', 'year', 'contract', 'is', 'worth', 'an', 'estimated', 'm', 'yit', 'has', 'chosen', 'telenor', 'and', 'elisa', 'as', 'its', 'principal', 'suppliers', 'of', 'ict', 'solutions', 'in', 'norway', 'sweden', 'denmark', 'and', 'finland']"
1159,"However , he expects banks to provide alternative financing .",1,"['however', 'he', 'expects', 'banks', 'to', 'provide', 'alternative', 'financing']"
1160,"In 2007 , Marimekko has also opened concept stores in Yokohama and Nagoya , central Japan , in Silver Spring in metropolitan Washington DC , USA , in Graz , central Austria , and in Aalborg , northern Denmark .",1,"['in', 'marimekko', 'has', 'also', 'opened', 'concept', 'stores', 'in', 'yokohama', 'and', 'nagoya', 'central', 'japan', 'in', 'silver', 'spring', 'in', 'metropolitan', 'washington', 'dc', 'usa', 'in', 'graz', 'central', 'austria', 'and', 'in', 'aalborg', 'northern', 'denmark']"
1161,"In 2008 , the deal is likely to bring savings of EUR 20mn-25mn .",1,"['in', 'the', 'deal', 'is', 'likely', 'to', 'bring', 'savings', 'of', 'eur', 'mn', 'mn']"
1162,"In Middle East & North Africa , Tecnotree has grown considerably in the recent years .",1,"['in', 'middle', 'east', 'north', 'africa', 'tecnotree', 'has', 'grown', 'considerably', 'in', 'the', 'recent', 'years']"
1163,in Q1 2010 18 May 2010 - Finnish electrical components maker Salcomp Oy ( HEL : SAL1V ) said today it turned to a net profit of EUR1 .6 m in the first quarter of 2010 versus a loss of EUR2m in the corresponding period last year .,1,"['in', 'q', 'may', 'finnish', 'electrical', 'components', 'maker', 'salcomp', 'oy', 'hel', 'sal', 'v', 'said', 'today', 'it', 'turned', 'to', 'a', 'net', 'profit', 'of', 'eur', 'm', 'in', 'the', 'first', 'quarter', 'of', 'versus', 'a', 'loss', 'of', 'eur', 'm', 'in', 'the', 'corresponding', 'period', 'last', 'year']"
1164,"In the end of 2006 , the number of outlets will rise to 60-70 .",1,"['in', 'the', 'end', 'of', 'the', 'number', 'of', 'outlets', 'will', 'rise', 'to']"
1165,"In the first quarter of 2010 , the mark-to-market result was a pretax profit of EUR 133 million versus a loss of EUR 32 million in the same period last year .",1,"['in', 'the', 'first', 'quarter', 'of', 'the', 'mark', 'to', 'market', 'result', 'was', 'a', 'pretax', 'profit', 'of', 'eur', 'million', 'versus', 'a', 'loss', 'of', 'eur', 'million', 'in', 'the', 'same', 'period', 'last', 'year']"
1166,Incap Contract Manufacturing Services Private Limited has inked agreements with six new customers in India .,1,"['incap', 'contract', 'manufacturing', 'services', 'private', 'limited', 'has', 'inked', 'agreements', 'with', 'six', 'new', 'customers', 'in', 'india']"
1167,It also said its third quarter diluted EPS came in at 0.34 eur compared with 0.16 eur in the same quarter a year ago .,1,"['it', 'also', 'said', 'its', 'third', 'quarter', 'diluted', 'eps', 'came', 'in', 'at', 'eur', 'compared', 'with', 'eur', 'in', 'the', 'same', 'quarter', 'a', 'year', 'ago']"
1168,It also turned in earnings per share ( EPS ) of EUR 0.44 versus loss per share of EUR 2.26 .,1,"['it', 'also', 'turned', 'in', 'earnings', 'per', 'share', 'eps', 'of', 'eur', 'versus', 'loss', 'per', 'share', 'of', 'eur']"
1169,It also turned to earnings per share ( EPS ) of EUR 0.08 versus loss per share of EUR 0.04 .,1,"['it', 'also', 'turned', 'to', 'earnings', 'per', 'share', 'eps', 'of', 'eur', 'versus', 'loss', 'per', 'share', 'of', 'eur']"
1170,It is in line with its plans to focus on selected growth segments and streamline corporate structure .,1,"['it', 'is', 'in', 'line', 'with', 'its', 'plans', 'to', 'focus', 'on', 'selected', 'growth', 'segments', 'and', 'streamline', 'corporate', 'structure']"
1171,"It projected revenue of $ 2.2 billion to $ 2.3 billion , slightly higher than analyst estimates of $ 2.19 billion .",1,"['it', 'projected', 'revenue', 'of', 'billion', 'to', 'billion', 'slightly', 'higher', 'than', 'analyst', 'estimates', 'of', 'billion']"
1172,It will also strengthen Ruukki 's offshore business .,1,"['it', 'will', 'also', 'strengthen', 'ruukki', 's', 'offshore', 'business']"
1173,It will combine and renew the contents and functionality of the current systems for funding and online service as well as their maintenance .,1,"['it', 'will', 'combine', 'and', 'renew', 'the', 'contents', 'and', 'functionality', 'of', 'the', 'current', 'systems', 'for', 'funding', 'and', 'online', 'service', 'as', 'well', 'as', 'their', 'maintenance']"
1174,"Jens Schulte-Bockum , Vodafone 's global director of terminals , said the company expects to sell one to two million of the Vodafone 125 and 225 models in the first year of launch , and potentially tens of millions over the lifetime of the device .",1,"['jens', 'schulte', 'bockum', 'vodafone', 's', 'global', 'director', 'of', 'terminals', 'said', 'the', 'company', 'expects', 'to', 'sell', 'one', 'to', 'two', 'million', 'of', 'the', 'vodafone', 'and', 'models', 'in', 'the', 'first', 'year', 'of', 'launch', 'and', 'potentially', 'tens', 'of', 'millions', 'over', 'the', 'lifetime', 'of', 'the', 'device']"
1175,"Juha Jordan , chief engineer at Glaston , said one of the reasons for choosing Vacon as a global AC drives supplier is that it has service and support centres in the same countries where Glaston operates .",1,"['juha', 'jordan', 'chief', 'engineer', 'at', 'glaston', 'said', 'one', 'of', 'the', 'reasons', 'for', 'choosing', 'vacon', 'as', 'a', 'global', 'ac', 'drives', 'supplier', 'is', 'that', 'it', 'has', 'service', 'and', 'support', 'centres', 'in', 'the', 'same', 'countries', 'where', 'glaston', 'operates']"
1176,"Kai Tulonen , Chief Technology Officer , SysOpen Digia says : `` Mobility Business Suite represents a significant milestone in the company 's offering to the telecommunications industry .",1,"['kai', 'tulonen', 'chief', 'technology', 'officer', 'sysopen', 'digia', 'says', 'mobility', 'business', 'suite', 'represents', 'a', 'significant', 'milestone', 'in', 'the', 'company', 's', 'offering', 'to', 'the', 'telecommunications', 'industry']"
1177,"Last month , Outokumpu sold more than 80 percent of its technology unit , Outokumpu Technology Oyj , to further its strategic goal of becoming the world 's largest stainless steel maker .",1,"['last', 'month', 'outokumpu', 'sold', 'more', 'than', 'percent', 'of', 'its', 'technology', 'unit', 'outokumpu', 'technology', 'oyj', 'to', 'further', 'its', 'strategic', 'goal', 'of', 'becoming', 'the', 'world', 's', 'largest', 'stainless', 'steel', 'maker']"
1178,"Last week , the Finnish metals and technology group announced plans to sell more than 80 percent of its technology unit to further the company 's strategic goal of becoming the world 's largest stainless steel maker .",1,"['last', 'week', 'the', 'finnish', 'metals', 'and', 'technology', 'group', 'announced', 'plans', 'to', 'sell', 'more', 'than', 'percent', 'of', 'its', 'technology', 'unit', 'to', 'further', 'the', 'company', 's', 'strategic', 'goal', 'of', 'becoming', 'the', 'world', 's', 'largest', 'stainless', 'steel', 'maker']"
1179,"MADISON , Wis. , Feb. 6 - PRNewswire - -- Fiskars announces that the United States Patent and Trademark Office has granted a trademark registration for the color orange on its iconic scissor handles .",1,"['madison', 'wis', 'feb', 'prnewswire', 'fiskars', 'announces', 'that', 'the', 'united', 'states', 'patent', 'and', 'trademark', 'office', 'has', 'granted', 'a', 'trademark', 'registration', 'for', 'the', 'color', 'orange', 'on', 'its', 'iconic', 'scissor', 'handles']"
1180,"MANAVIGATOR-September 7 , 2010-Kemira unveils Indian JV with IVRCL Finnish chemicals group Kemira ( HEL : KRA1V ) on Tuesday announced it has inked a deal to form a joint venture in India with local construction firm IVRCL Infrastructure and Projects Ltd ( BOM :530773 ) .",1,"['manavigator', 'september', 'kemira', 'unveils', 'indian', 'jv', 'with', 'ivrcl', 'finnish', 'chemicals', 'group', 'kemira', 'hel', 'kra', 'v', 'on', 'tuesday', 'announced', 'it', 'has', 'inked', 'a', 'deal', 'to', 'form', 'a', 'joint', 'venture', 'in', 'india', 'with', 'local', 'construction', 'firm', 'ivrcl', 'infrastructure', 'and', 'projects', 'ltd', 'bom']"
1181,Metso will supply the equipment for two process lines at Northland Resources ' new Kaunisvaara iron ore project in Sweden which exploits Tapuli and Sahavaara iron ore deposits .,1,"['metso', 'will', 'supply', 'the', 'equipment', 'for', 'two', 'process', 'lines', 'at', 'northland', 'resources', 'new', 'kaunisvaara', 'iron', 'ore', 'project', 'in', 'sweden', 'which', 'exploits', 'tapuli', 'and', 'sahavaara', 'iron', 'ore', 'deposits']"
1182,M-real 's sales are expected to have increased by 4 % year-on-year to EUR609m in the second quarter of 2010 .,1,"['m', 'real', 's', 'sales', 'are', 'expected', 'to', 'have', 'increased', 'by', 'year', 'on', 'year', 'to', 'eur', 'm', 'in', 'the', 'second', 'quarter', 'of']"
1183,"NAVTEQ has a commanding lead in installed map data systems in North American vehicles and may be the leader in turn-by-turn navigation data offered by services such as OnStar in North America , said analyst Phil Magney of Telematics Research Group in Minnetonka , Minn. .",1,"['navteq', 'has', 'a', 'commanding', 'lead', 'in', 'installed', 'map', 'data', 'systems', 'in', 'north', 'american', 'vehicles', 'and', 'may', 'be', 'the', 'leader', 'in', 'turn', 'by', 'turn', 'navigation', 'data', 'offered', 'by', 'services', 'such', 'as', 'onstar', 'in', 'north', 'america', 'said', 'analyst', 'phil', 'magney', 'of', 'telematics', 'research', 'group', 'in', 'minnetonka', 'minn']"
1184,"Neste oil 's board proposed 1.00 eur dividend for the full-year 2007 , compared with 0.90 eur a year ago .",1,"['neste', 'oil', 's', 'board', 'proposed', 'eur', 'dividend', 'for', 'the', 'full', 'year', 'compared', 'with', 'eur', 'a', 'year', 'ago']"
1185,"Net interest income totaled EUR 15.9 mn , compared to EUR 15.6 mn a year earlier .",1,"['net', 'interest', 'income', 'totaled', 'eur', 'mn', 'compared', 'to', 'eur', 'mn', 'a', 'year', 'earlier']"
1186,Net profit was 35.5 mln compared with 29.8 mln .,1,"['net', 'profit', 'was', 'mln', 'compared', 'with', 'mln']"
1187,Net sales in 2007 are expected to be 10 % up on 2006 .,1,"['net', 'sales', 'in', 'are', 'expected', 'to', 'be', 'up', 'on']"
1188,"Nokia bought Chicago-based Navteq in 2008 , acquiring a maps database to compete with Google s maps as well as with navigation device companies such as TomTom NV and Garmin Ltd. .",1,"['nokia', 'bought', 'chicago', 'based', 'navteq', 'in', 'acquiring', 'a', 'maps', 'database', 'to', 'compete', 'with', 'google', 's', 'maps', 'as', 'well', 'as', 'with', 'navigation', 'device', 'companies', 'such', 'as', 'tomtom', 'nv', 'and', 'garmin', 'ltd']"
1189,"Operating loss was EUR 179mn , compared to a loss of EUR 188mn in the second quarter of 2009 .",1,"['operating', 'loss', 'was', 'eur', 'mn', 'compared', 'to', 'a', 'loss', 'of', 'eur', 'mn', 'in', 'the', 'second', 'quarter', 'of']"
1190,"Operating profit was EUR 9.8 mn , compared to a loss of EUR 12.7 mn in the corresponding period in 2009 .",1,"['operating', 'profit', 'was', 'eur', 'mn', 'compared', 'to', 'a', 'loss', 'of', 'eur', 'mn', 'in', 'the', 'corresponding', 'period', 'in']"
1191,"Pre-tax loss totaled EUR 0.3 mn , compared to a loss of EUR 2.2 mn in the first quarter of 2005 .",1,"['pre', 'tax', 'loss', 'totaled', 'eur', 'mn', 'compared', 'to', 'a', 'loss', 'of', 'eur', 'mn', 'in', 'the', 'first', 'quarter', 'of']"
1192,"Pretax profit totalled EUR 2.0 mn , compared to a loss of EUR 159.2 mn in the fourth quarter of 2008 .",1,"['pretax', 'profit', 'totalled', 'eur', 'mn', 'compared', 'to', 'a', 'loss', 'of', 'eur', 'mn', 'in', 'the', 'fourth', 'quarter', 'of']"
1193,"Pretax profit totalled EUR 80.8 mn , compared to a loss of EUR 13.1 mn in the corresponding period in 2009 .",1,"['pretax', 'profit', 'totalled', 'eur', 'mn', 'compared', 'to', 'a', 'loss', 'of', 'eur', 'mn', 'in', 'the', 'corresponding', 'period', 'in']"
1194,"Previously , EB delivered a custom solution for LG Electronics and now is making it commercially available for other mobile terminal vendors as well as to wireless operators .",1,"['previously', 'eb', 'delivered', 'a', 'custom', 'solution', 'for', 'lg', 'electronics', 'and', 'now', 'is', 'making', 'it', 'commercially', 'available', 'for', 'other', 'mobile', 'terminal', 'vendors', 'as', 'well', 'as', 'to', 'wireless', 'operators']"
1195,Production will expand to other of Elcoteq 's locations including Mexico and Hungary during 2010 .,1,"['production', 'will', 'expand', 'to', 'other', 'of', 'elcoteq', 's', 'locations', 'including', 'mexico', 'and', 'hungary', 'during']"
1196,Rapala said it estimates it will make savings of 1-2 mln eur a year by centralising its French operations at one site .,1,"['rapala', 'said', 'it', 'estimates', 'it', 'will', 'make', 'savings', 'of', 'mln', 'eur', 'a', 'year', 'by', 'centralising', 'its', 'french', 'operations', 'at', 'one', 'site']"
1197,"Re-use back into PET bottles has also steadily increased and the rate of use in strapping tape has picked up again after a dip in 2005 , Petcore said previously .",1,"['re', 'use', 'back', 'into', 'pet', 'bottles', 'has', 'also', 'steadily', 'increased', 'and', 'the', 'rate', 'of', 'use', 'in', 'strapping', 'tape', 'has', 'picked', 'up', 'again', 'after', 'a', 'dip', 'in', 'petcore', 'said', 'previously']"
1198,"Sales are expected to increase in the end of the year 2006 , however .",1,"['sales', 'are', 'expected', 'to', 'increase', 'in', 'the', 'end', 'of', 'the', 'year', 'however']"
1199,Satama 's net sales would be higher than the year before .,1,"['satama', 's', 'net', 'sales', 'would', 'be', 'higher', 'than', 'the', 'year', 'before']"
1200,"SINGAPORE ( ICIS ) -- ( 1 ) Kemira and Indian water infrastructure firm ( 2 ) IVRCL have agreed to form a join venture which includes a new inorganic coagulant manufacturing facility in Andhra Pradesh state , India , the Finnish water treatment chemicals maker said on Tuesday .",1,"['singapore', 'icis', 'kemira', 'and', 'indian', 'water', 'infrastructure', 'firm', 'ivrcl', 'have', 'agreed', 'to', 'form', 'a', 'join', 'venture', 'which', 'includes', 'a', 'new', 'inorganic', 'coagulant', 'manufacturing', 'facility', 'in', 'andhra', 'pradesh', 'state', 'india', 'the', 'finnish', 'water', 'treatment', 'chemicals', 'maker', 'said', 'on', 'tuesday']"
1201,"SOUTHFIELD , Mich. -- Central Corporate Credit Union will again distribute patronage dividends to members by waiving all service fees incurred during the months of July and November 2008 , to the tune of an estimated $ 1 million .",1,"['southfield', 'mich', 'central', 'corporate', 'credit', 'union', 'will', 'again', 'distribute', 'patronage', 'dividends', 'to', 'members', 'by', 'waiving', 'all', 'service', 'fees', 'incurred', 'during', 'the', 'months', 'of', 'july', 'and', 'november', 'to', 'the', 'tune', 'of', 'an', 'estimated', 'million']"
1202,"SRV will raise its holding in the company so that by the summer of 2008 , it will have a majority .",1,"['srv', 'will', 'raise', 'its', 'holding', 'in', 'the', 'company', 'so', 'that', 'by', 'the', 'summer', 'of', 'it', 'will', 'have', 'a', 'majority']"
1203,"Systeemitiimi 's sales and project resources will also be strengthened , director Paul Skogberg said .",1,"['systeemitiimi', 's', 'sales', 'and', 'project', 'resources', 'will', 'also', 'be', 'strengthened', 'director', 'paul', 'skogberg', 'said']"
1204,"Tallink claims the watertight doors of both Vana Tallinn and Regina Baltica , including their electrical systems , are fully in working order .",1,"['tallink', 'claims', 'the', 'watertight', 'doors', 'of', 'both', 'vana', 'tallinn', 'and', 'regina', 'baltica', 'including', 'their', 'electrical', 'systems', 'are', 'fully', 'in', 'working', 'order']"
1205,Talvivaara has secured a 10-year off-take agreement for 100 per cent of its main output of nickel and cobalt to Norilsk Nickel and entered into a long-term zinc streaming agreement with Nyrstar NV .,1,"['talvivaara', 'has', 'secured', 'a', 'year', 'off', 'take', 'agreement', 'for', 'per', 'cent', 'of', 'its', 'main', 'output', 'of', 'nickel', 'and', 'cobalt', 'to', 'norilsk', 'nickel', 'and', 'entered', 'into', 'a', 'long', 'term', 'zinc', 'streaming', 'agreement', 'with', 'nyrstar', 'nv']"
1206,TeliaSonera has secured deliveries for 4G modems with support for 3G and 2G during the second quarter 2010 .,1,"['teliasonera', 'has', 'secured', 'deliveries', 'for', 'g', 'modems', 'with', 'support', 'for', 'g', 'and', 'g', 'during', 'the', 'second', 'quarter']"
1207,"The 50-50 joint venture , to be called Nokia Siemens Networks , will be comprised of Nokia 's network business group and Siemens ' carrier-related operations , creating estimated synergies of 1.5 billion euros ( $ 1.9 billion ) by 2010 , Nokia said .",1,"['the', 'joint', 'venture', 'to', 'be', 'called', 'nokia', 'siemens', 'networks', 'will', 'be', 'comprised', 'of', 'nokia', 's', 'network', 'business', 'group', 'and', 'siemens', 'carrier', 'related', 'operations', 'creating', 'estimated', 'synergies', 'of', 'billion', 'euros', 'billion', 'by', 'nokia', 'said']"
1208,The acquisition of Boomeranger Boats Oy is in line with the Done Solutions strategy of developing its business through company acquisitions .,1,"['the', 'acquisition', 'of', 'boomeranger', 'boats', 'oy', 'is', 'in', 'line', 'with', 'the', 'done', 'solutions', 'strategy', 'of', 'developing', 'its', 'business', 'through', 'company', 'acquisitions']"
1209,The actions are expected to deliver annual cost savings of some EUR15-20m .,1,"['the', 'actions', 'are', 'expected', 'to', 'deliver', 'annual', 'cost', 'savings', 'of', 'some', 'eur', 'm']"
1210,The announced restructuring will significantly decrease the Company 's indebtedness .,1,"['the', 'announced', 'restructuring', 'will', 'significantly', 'decrease', 'the', 'company', 's', 'indebtedness']"
1211,The companies expect the first orders already in 2011 .,1,"['the', 'companies', 'expect', 'the', 'first', 'orders', 'already', 'in']"
1212,The company also expects to sell its products in other Russian region .,1,"['the', 'company', 'also', 'expects', 'to', 'sell', 'its', 'products', 'in', 'other', 'russian', 'region']"
1213,The company feels these leases are prime locations due to several producing formations in the immediate area .,1,"['the', 'company', 'feels', 'these', 'leases', 'are', 'prime', 'locations', 'due', 'to', 'several', 'producing', 'formations', 'in', 'the', 'immediate', 'area']"
1214,The company is well positioned in Brazil and Uruguay .,1,"['the', 'company', 'is', 'well', 'positioned', 'in', 'brazil', 'and', 'uruguay']"
1215,The company reports a loss for the period of EUR 0.4 mn compared to a loss of EUR 1.9 mn in the corresponding period in 2005 .,1,"['the', 'company', 'reports', 'a', 'loss', 'for', 'the', 'period', 'of', 'eur', 'mn', 'compared', 'to', 'a', 'loss', 'of', 'eur', 'mn', 'in', 'the', 'corresponding', 'period', 'in']"
1216,The company turned to earnings per share ( EPS ) of EUR 0.03 versus loss per share of EUR 0.01 .,1,"['the', 'company', 'turned', 'to', 'earnings', 'per', 'share', 'eps', 'of', 'eur', 'versus', 'loss', 'per', 'share', 'of', 'eur']"
1217,The diesel margin has remained high .,1,"['the', 'diesel', 'margin', 'has', 'remained', 'high']"
1218,"The divestment is in line with the company 's plans to focus on selected growth segments and streamline corporate structure , the company explained .",1,"['the', 'divestment', 'is', 'in', 'line', 'with', 'the', 'company', 's', 'plans', 'to', 'focus', 'on', 'selected', 'growth', 'segments', 'and', 'streamline', 'corporate', 'structure', 'the', 'company', 'explained']"
1219,The divestment of Raisio 's margarine business in May 2009 gave the company a clearer focus on grain-based products .,1,"['the', 'divestment', 'of', 'raisio', 's', 'margarine', 'business', 'in', 'may', 'gave', 'the', 'company', 'a', 'clearer', 'focus', 'on', 'grain', 'based', 'products']"
1220,"The fourth quarter saw Rapala swing back to a pretax profit of 1.5 mln eur from a year earlier loss of 1.2 mln on the back of a 30 pct uplift in sales to 44.8 mln eur , and a stronger performance in North America .",1,"['the', 'fourth', 'quarter', 'saw', 'rapala', 'swing', 'back', 'to', 'a', 'pretax', 'profit', 'of', 'mln', 'eur', 'from', 'a', 'year', 'earlier', 'loss', 'of', 'mln', 'on', 'the', 'back', 'of', 'a', 'pct', 'uplift', 'in', 'sales', 'to', 'mln', 'eur', 'and', 'a', 'stronger', 'performance', 'in', 'north', 'america']"
1221,The group will expand the chain to include 45 stores .,1,"['the', 'group', 'will', 'expand', 'the', 'chain', 'to', 'include', 'stores']"
1222,The ISO certification demonstrates that we are moving forward in our quality commitments to our customers . ',1,"['the', 'iso', 'certification', 'demonstrates', 'that', 'we', 'are', 'moving', 'forward', 'in', 'our', 'quality', 'commitments', 'to', 'our', 'customers']"
1223,The long-term contract is global .,1,"['the', 'long', 'term', 'contract', 'is', 'global']"
1224,The members of the management team will contribute to the adjustment measures with temporary salary cut of 5 % .,1,"['the', 'members', 'of', 'the', 'management', 'team', 'will', 'contribute', 'to', 'the', 'adjustment', 'measures', 'with', 'temporary', 'salary', 'cut', 'of']"
1225,The offer represents a premium of 24 % over the stock 's closing price on Friday .,1,"['the', 'offer', 'represents', 'a', 'premium', 'of', 'over', 'the', 'stock', 's', 'closing', 'price', 'on', 'friday']"
1226,"The recovery of demand that started toward the end of 2009 , continued in January-March 2010 .",1,"['the', 'recovery', 'of', 'demand', 'that', 'started', 'toward', 'the', 'end', 'of', 'continued', 'in', 'january', 'march']"
1227,The sale of the Healthcare Trade business supports Oriola-KD 's strategy to focus on Pharmaceutical Wholesale and Retail businesses .,1,"['the', 'sale', 'of', 'the', 'healthcare', 'trade', 'business', 'supports', 'oriola', 'kd', 's', 'strategy', 'to', 'focus', 'on', 'pharmaceutical', 'wholesale', 'and', 'retail', 'businesses']"
1228,The sale will lead to a pretax capital gain of EUR 22 million for the Finnish company in 2011 .,1,"['the', 'sale', 'will', 'lead', 'to', 'a', 'pretax', 'capital', 'gain', 'of', 'eur', 'million', 'for', 'the', 'finnish', 'company', 'in']"
1229,The soapstone deposits in the Medvezhyegorsk area are expected to increase Tulikivi 's current reserves considerably .,1,"['the', 'soapstone', 'deposits', 'in', 'the', 'medvezhyegorsk', 'area', 'are', 'expected', 'to', 'increase', 'tulikivi', 's', 'current', 'reserves', 'considerably']"
1230,"Then , it said the contract was estimated to contribute more than EUR150m to its net sales in 2010 .",1,"['then', 'it', 'said', 'the', 'contract', 'was', 'estimated', 'to', 'contribute', 'more', 'than', 'eur', 'm', 'to', 'its', 'net', 'sales', 'in']"
1231,These measures are expected to produce annual cost savings of EUR 1.5 million starting in 2007 .,1,"['these', 'measures', 'are', 'expected', 'to', 'produce', 'annual', 'cost', 'savings', 'of', 'eur', 'million', 'starting', 'in']"
1232,This will bring cost savings of about EUR 3mn a year .,1,"['this', 'will', 'bring', 'cost', 'savings', 'of', 'about', 'eur', 'mn', 'a', 'year']"
1233,Through the acquisition Solteq will expand its solutions offering by Microsoft 's Dynamics business software products .,1,"['through', 'the', 'acquisition', 'solteq', 'will', 'expand', 'its', 'solutions', 'offering', 'by', 'microsoft', 's', 'dynamics', 'business', 'software', 'products']"
1234,"Under the agreement , TietoEnator will provide Blyk with extended application and business process management services and an IT infrastructure .",1,"['under', 'the', 'agreement', 'tietoenator', 'will', 'provide', 'blyk', 'with', 'extended', 'application', 'and', 'business', 'process', 'management', 'services', 'and', 'an', 'it', 'infrastructure']"
1235,Under the contract Cramo Sverige and its subcontractor Brinkab AB will provide all scaffolding installations at LKAB 's new pellets plant in Kiruna in northern Sweden .,1,"['under', 'the', 'contract', 'cramo', 'sverige', 'and', 'its', 'subcontractor', 'brinkab', 'ab', 'will', 'provide', 'all', 'scaffolding', 'installations', 'at', 'lkab', 's', 'new', 'pellets', 'plant', 'in', 'kiruna', 'in', 'northern', 'sweden']"
1236,We can capitalize on our experience from a number of similar bridge projects in the Nordic countries .,1,"['we', 'can', 'capitalize', 'on', 'our', 'experience', 'from', 'a', 'number', 'of', 'similar', 'bridge', 'projects', 'in', 'the', 'nordic', 'countries']"
1237,"Via the move , the company aims annual savings of some EUR3m , the main part of which are expected to be realized this year .",1,"['via', 'the', 'move', 'the', 'company', 'aims', 'annual', 'savings', 'of', 'some', 'eur', 'm', 'the', 'main', 'part', 'of', 'which', 'are', 'expected', 'to', 'be', 'realized', 'this', 'year']"
1238,With this acquisition Panostaja Oyj further expands its business area specialising in digital printing .,1,"['with', 'this', 'acquisition', 'panostaja', 'oyj', 'further', 'expands', 'its', 'business', 'area', 'specialising', 'in', 'digital', 'printing']"
1239,"Brazilian non-profit interbank Camara Interbancaria de Pagamentos CIP has acquired solutions from US business integration solutions provider Sterling Commerce , the latter company said in a statement .",1,"['brazilian', 'non', 'profit', 'interbank', 'camara', 'interbancaria', 'de', 'pagamentos', 'cip', 'has', 'acquired', 'solutions', 'from', 'us', 'business', 'integration', 'solutions', 'provider', 'sterling', 'commerce', 'the', 'latter', 'company', 'said', 'in', 'a', 'statement']"
1240,`` Leipurin is a growing and rapidly internationalizing Group .,1,"['leipurin', 'is', 'a', 'growing', 'and', 'rapidly', 'internationalizing', 'group']"
1241,`` NTC has a geographical presence that complements Ramirent 's existing network and brings us closer to our customers in the East Bohemia region in the CzechRepublic . '',1,"['ntc', 'has', 'a', 'geographical', 'presence', 'that', 'complements', 'ramirent', 's', 'existing', 'network', 'and', 'brings', 'us', 'closer', 'to', 'our', 'customers', 'in', 'the', 'east', 'bohemia', 'region', 'in', 'the', 'czechrepublic']"
1242,"`` Several growth initiatives in the chosen geographic areas are already ongoing , '' it continued , noting Lindex opened its first store in the Czech Republic this autumn in Brno .",1,"['several', 'growth', 'initiatives', 'in', 'the', 'chosen', 'geographic', 'areas', 'are', 'already', 'ongoing', 'it', 'continued', 'noting', 'lindex', 'opened', 'its', 'first', 'store', 'in', 'the', 'czech', 'republic', 'this', 'autumn', 'in', 'brno']"
1243,"`` We have analyzed Kaupthing Bank Sweden and found a business which fits well into Alandsbanken , '' said Alandsbanken 's chief executive Peter Wiklof in a statement .",1,"['we', 'have', 'analyzed', 'kaupthing', 'bank', 'sweden', 'and', 'found', 'a', 'business', 'which', 'fits', 'well', 'into', 'alandsbanken', 'said', 'alandsbanken', 's', 'chief', 'executive', 'peter', 'wiklof', 'in', 'a', 'statement']"
1244,"2010 16 July 2010 - Finnish steel maker Rautaruukki Oyj HEL : RTRKS , or Ruukki , said today it turned to a net profit of EUR20m in the second quarter of 2010 from a net loss of EUR94m in the corresponding period last year .",1,"['july', 'finnish', 'steel', 'maker', 'rautaruukki', 'oyj', 'hel', 'rtrks', 'or', 'ruukki', 'said', 'today', 'it', 'turned', 'to', 'a', 'net', 'profit', 'of', 'eur', 'm', 'in', 'the', 'second', 'quarter', 'of', 'from', 'a', 'net', 'loss', 'of', 'eur', 'm', 'in', 'the', 'corresponding', 'period', 'last', 'year']"
1245,28 October 2010 - Finnish wood products technology supplier Raute Oyj HEL : RUTAV said today it swung to a net profit of EUR3m for the first nine months of 2010 versus a net loss of EUR5 .2 m for the same period a year earlier .,1,"['october', 'finnish', 'wood', 'products', 'technology', 'supplier', 'raute', 'oyj', 'hel', 'rutav', 'said', 'today', 'it', 'swung', 'to', 'a', 'net', 'profit', 'of', 'eur', 'm', 'for', 'the', 'first', 'nine', 'months', 'of', 'versus', 'a', 'net', 'loss', 'of', 'eur', 'm', 'for', 'the', 'same', 'period', 'a', 'year', 'earlier']"
1246,"3 February 2011 - Finnish broadband data communication systems provider Teleste Oyj HEL : TLT1V said yesterday its net profit rocketed to EUR4 .8 m in 2010 from EUR416 ,000 in 2009 and it lifted its dividend proposal .",1,"['february', 'finnish', 'broadband', 'data', 'communication', 'systems', 'provider', 'teleste', 'oyj', 'hel', 'tlt', 'v', 'said', 'yesterday', 'its', 'net', 'profit', 'rocketed', 'to', 'eur', 'm', 'in', 'from', 'eur', 'in', 'and', 'it', 'lifted', 'its', 'dividend', 'proposal']"
1247,"4 February 2011 - Finnish broadband data communication systems provider Teleste Oyj HEL : TLT1V said Wednesday its net profit rocketed to EUR4 .8 m in 2010 from EUR416 ,000 in 2009 and it lifted its dividend proposal .",1,"['february', 'finnish', 'broadband', 'data', 'communication', 'systems', 'provider', 'teleste', 'oyj', 'hel', 'tlt', 'v', 'said', 'wednesday', 'its', 'net', 'profit', 'rocketed', 'to', 'eur', 'm', 'in', 'from', 'eur', 'in', 'and', 'it', 'lifted', 'its', 'dividend', 'proposal']"
1248,"agreement with SHB 30 December 2009 - Finnish financial services group Aktia HEL : AKTAV has concluded a market making agreement with Svenska Handelsbanken STO : SHB A , or SHB , the two parties said today .",1,"['agreement', 'with', 'shb', 'december', 'finnish', 'financial', 'services', 'group', 'aktia', 'hel', 'aktav', 'has', 'concluded', 'a', 'market', 'making', 'agreement', 'with', 'svenska', 'handelsbanken', 'sto', 'shb', 'a', 'or', 'shb', 'the', 'two', 'parties', 'said', 'today']"
1249,"AUSTIN , Texas , Sept. 6 -- Texas Department Of Transportation awards contract for Teleste Video Compression and Distribution Equipment .",1,"['austin', 'texas', 'sept', 'texas', 'department', 'of', 'transportation', 'awards', 'contract', 'for', 'teleste', 'video', 'compression', 'and', 'distribution', 'equipment']"
1250,"Cargotec Corporation , Press Release , August 26 , 2008 at 10 a.m. Finnish time Cargotec 's MacGREGOR business area providing marine cargo handling and offshore load handling solutions has received significant offshore crane retrofit order .",1,"['cargotec', 'corporation', 'press', 'release', 'august', 'at', 'a', 'm', 'finnish', 'time', 'cargotec', 's', 'macgregor', 'business', 'area', 'providing', 'marine', 'cargo', 'handling', 'and', 'offshore', 'load', 'handling', 'solutions', 'has', 'received', 'significant', 'offshore', 'crane', 'retrofit', 'order']"
1251,CEO of the company Tarmo Noop said the growth in the sale of premium beers was the biggest .,1,"['ceo', 'of', 'the', 'company', 'tarmo', 'noop', 'said', 'the', 'growth', 'in', 'the', 'sale', 'of', 'premium', 'beers', 'was', 'the', 'biggest']"
1252,"EBIT totalled EUR 14.4 mn , compared to a loss of EUR 0.3 mn in the corresponding period in 2009 .",1,"['ebit', 'totalled', 'eur', 'mn', 'compared', 'to', 'a', 'loss', 'of', 'eur', 'mn', 'in', 'the', 'corresponding', 'period', 'in']"
1253,"Finnish broadband data communication systems provider Teleste Oyj HEL : TLT1V said yesterday it returned to a net profit of EUR 2.7 million USD 3.8 m for the first nine months of 2010 versus a net loss of EUR 579,000 for the same period of 2009 .",1,"['finnish', 'broadband', 'data', 'communication', 'systems', 'provider', 'teleste', 'oyj', 'hel', 'tlt', 'v', 'said', 'yesterday', 'it', 'returned', 'to', 'a', 'net', 'profit', 'of', 'eur', 'million', 'usd', 'm', 'for', 'the', 'first', 'nine', 'months', 'of', 'versus', 'a', 'net', 'loss', 'of', 'eur', 'for', 'the', 'same', 'period', 'of']"
1254,Finnish consumer packaging manufacturer Huhtamaki Oyj said it swung to a net profit of 84.1 mln euro $ 105.6 mln in the first nine months of 2006 from a net loss of 2.6 mln euro $ 3.3 mln in the same period of 2005 .,1,"['finnish', 'consumer', 'packaging', 'manufacturer', 'huhtamaki', 'oyj', 'said', 'it', 'swung', 'to', 'a', 'net', 'profit', 'of', 'mln', 'euro', 'mln', 'in', 'the', 'first', 'nine', 'months', 'of', 'from', 'a', 'net', 'loss', 'of', 'mln', 'euro', 'mln', 'in', 'the', 'same', 'period', 'of']"
1255,"Finnish dental care group Oral Hammaslaakarit Oyj posted a total net profit of 849,000 euro $ 1.1 mln in the first nine months of 2006 versus a net loss of 331,000 euro $ 421,000 in the same period of 2005 .",1,"['finnish', 'dental', 'care', 'group', 'oral', 'hammaslaakarit', 'oyj', 'posted', 'a', 'total', 'net', 'profit', 'of', 'euro', 'mln', 'in', 'the', 'first', 'nine', 'months', 'of', 'versus', 'a', 'net', 'loss', 'of', 'euro', 'in', 'the', 'same', 'period', 'of']"
1256,"Finnish IT consultancy Satama Interactive Oyj posted a net profit of 1.4 mln euro $ 2.0 mln for the first nine months of 2007 , compared to a net loss of 462,000 euro $ 664,000 for the same period of 2006 .",1,"['finnish', 'it', 'consultancy', 'satama', 'interactive', 'oyj', 'posted', 'a', 'net', 'profit', 'of', 'mln', 'euro', 'mln', 'for', 'the', 'first', 'nine', 'months', 'of', 'compared', 'to', 'a', 'net', 'loss', 'of', 'euro', 'for', 'the', 'same', 'period', 'of']"
1257,"Finnish pulp and paper machinery maker Vaahto Group Oyj swung to a 1.1 mln euro $ 1.4 mln net profit in the fiscal 2005-06 , ended August 31 , 2006 , from a 249,000 euro $ 319,000 net loss in the fiscal 2004-05 .",1,"['finnish', 'pulp', 'and', 'paper', 'machinery', 'maker', 'vaahto', 'group', 'oyj', 'swung', 'to', 'a', 'mln', 'euro', 'mln', 'net', 'profit', 'in', 'the', 'fiscal', 'ended', 'august', 'from', 'a', 'euro', 'net', 'loss', 'in', 'the', 'fiscal']"
1258,Finnish silicon wafers manufacturer Okmetic Oyj said it swung to a net profit of 4.9 mln euro $ 6.3 mln in the first nine months of 2006 from a net loss of 1.8 mln euro $ 2.3 mln a year earlier .,1,"['finnish', 'silicon', 'wafers', 'manufacturer', 'okmetic', 'oyj', 'said', 'it', 'swung', 'to', 'a', 'net', 'profit', 'of', 'mln', 'euro', 'mln', 'in', 'the', 'first', 'nine', 'months', 'of', 'from', 'a', 'net', 'loss', 'of', 'mln', 'euro', 'mln', 'a', 'year', 'earlier']"
1259,"Growth was strongest in F-Secure 's operator ISPs , mobile operators and cable operators business .",1,"['growth', 'was', 'strongest', 'in', 'f', 'secure', 's', 'operator', 'isps', 'mobile', 'operators', 'and', 'cable', 'operators', 'business']"
1260,"In the second quarter of 2010 , the company 's net profit was EUR1 .7 m compared to a net loss of EUR1 .3 m in April-June 2009 .",1,"['in', 'the', 'second', 'quarter', 'of', 'the', 'company', 's', 'net', 'profit', 'was', 'eur', 'm', 'compared', 'to', 'a', 'net', 'loss', 'of', 'eur', 'm', 'in', 'april', 'june']"
1261,It therefore seems that Finnish shipping company Viking Line will get the subsidy it needs to order its new LNG-fuelled vessel .,1,"['it', 'therefore', 'seems', 'that', 'finnish', 'shipping', 'company', 'viking', 'line', 'will', 'get', 'the', 'subsidy', 'it', 'needs', 'to', 'order', 'its', 'new', 'lng', 'fuelled', 'vessel']"
1262,"Jarmo Honkamaa , head of the oil refining business at Neste Oil , says the situation looks promising from their viewpoint .",1,"['jarmo', 'honkamaa', 'head', 'of', 'the', 'oil', 'refining', 'business', 'at', 'neste', 'oil', 'says', 'the', 'situation', 'looks', 'promising', 'from', 'their', 'viewpoint']"
1263,"ADP News - Feb 25 , 2009 - Finnish printed circuit board PCB maker Aspocomp Group Oyj HEL : ACG1V said today it swung to a net profit of EUR 300,000 USD 385,000 for 2008 versus a net loss of EUR 65.3 million",1,"['adp', 'news', 'feb', 'finnish', 'printed', 'circuit', 'board', 'pcb', 'maker', 'aspocomp', 'group', 'oyj', 'hel', 'acg', 'v', 'said', 'today', 'it', 'swung', 'to', 'a', 'net', 'profit', 'of', 'eur', 'usd', 'for', 'versus', 'a', 'net', 'loss', 'of', 'eur', 'million']"
1264,"ADP News - Nov 6 , 2008 - Finnish retail software developer Aldata Solution Oyj OMX : ALD1V said today that it swung to a net profit of EUR 2.1 million USD 2.7 m for the first nine months of 2008 versus a net loss of EU",1,"['adp', 'news', 'nov', 'finnish', 'retail', 'software', 'developer', 'aldata', 'solution', 'oyj', 'omx', 'ald', 'v', 'said', 'today', 'that', 'it', 'swung', 'to', 'a', 'net', 'profit', 'of', 'eur', 'million', 'usd', 'm', 'for', 'the', 'first', 'nine', 'months', 'of', 'versus', 'a', 'net', 'loss', 'of', 'eu']"
1265,"Mformation and Nokia noted they have established interoperability agreements that cover commercially proven , standards-based management of mobile devices , as well as mobile device security and mobile application management .",1,"['mformation', 'and', 'nokia', 'noted', 'they', 'have', 'established', 'interoperability', 'agreements', 'that', 'cover', 'commercially', 'proven', 'standards', 'based', 'management', 'of', 'mobile', 'devices', 'as', 'well', 'as', 'mobile', 'device', 'security', 'and', 'mobile', 'application', 'management']"
1266,"mn , and pretax profit to EUR 46.4 mn from EUR 35.8 mn in the third quarter of 2006 .",1,"['mn', 'and', 'pretax', 'profit', 'to', 'eur', 'mn', 'from', 'eur', 'mn', 'in', 'the', 'third', 'quarter', 'of']"
1267,"Net sales will , however , increase from 2005 .",1,"['net', 'sales', 'will', 'however', 'increase', 'from']"
1268,Operating profit totaled EUR 17.7 mn compared to EUR 17.6 mn in the corresponding period in 2007 .,1,"['operating', 'profit', 'totaled', 'eur', 'mn', 'compared', 'to', 'eur', 'mn', 'in', 'the', 'corresponding', 'period', 'in']"
1269,"Order intake , on the other hand , is expected to be stronger than in 2007 .",1,"['order', 'intake', 'on', 'the', 'other', 'hand', 'is', 'expected', 'to', 'be', 'stronger', 'than', 'in']"
1270,"Outokumpu of Finland , stainless steel manufacturer , plans to enter into a supply agreement with the Indian Railways .",1,"['outokumpu', 'of', 'finland', 'stainless', 'steel', 'manufacturer', 'plans', 'to', 'enter', 'into', 'a', 'supply', 'agreement', 'with', 'the', 'indian', 'railways']"
1271,"Profit after taxes was EUR 0.1 mn , compared to EUR -0.4 mn the previous year .",1,"['profit', 'after', 'taxes', 'was', 'eur', 'mn', 'compared', 'to', 'eur', 'mn', 'the', 'previous', 'year']"
1272,Profit for the period was EUR 15.6 mn compared to EUR 14.1 mn in 2007 .,1,"['profit', 'for', 'the', 'period', 'was', 'eur', 'mn', 'compared', 'to', 'eur', 'mn', 'in']"
1273,"Quarterly diluted EPS on continuing operations came in at 0.21 eur , compared with last year 's 0.12 eur .",1,"['quarterly', 'diluted', 'eps', 'on', 'continuing', 'operations', 'came', 'in', 'at', 'eur', 'compared', 'with', 'last', 'year', 's', 'eur']"
1274,Rapala estimates its net sales for 2008 will increase by between 8.0 pct and 12 pct assuming 2007 exchange rates .,1,"['rapala', 'estimates', 'its', 'net', 'sales', 'for', 'will', 'increase', 'by', 'between', 'pct', 'and', 'pct', 'assuming', 'exchange', 'rates']"
1275,"Raute posted a net profit of 1.8 mln euro $ 2.6 mln for the third quarter of 2007 , compared to a net loss of 299,000 euro $ 430,000 for the corresponding period of 2006 .",1,"['raute', 'posted', 'a', 'net', 'profit', 'of', 'mln', 'euro', 'mln', 'for', 'the', 'third', 'quarter', 'of', 'compared', 'to', 'a', 'net', 'loss', 'of', 'euro', 'for', 'the', 'corresponding', 'period', 'of']"
1276,Return on equity stood at 18.3 % compared to 15.4 % in the third quarter of 2005 .,1,"['return', 'on', 'equity', 'stood', 'at', 'compared', 'to', 'in', 'the', 'third', 'quarter', 'of']"
1277,"Russian export duties will activate harvesting in Finland , and sales in Russia will increase also .",1,"['russian', 'export', 'duties', 'will', 'activate', 'harvesting', 'in', 'finland', 'and', 'sales', 'in', 'russia', 'will', 'increase', 'also']"
1278,"Tectia Corporation HEL : TEC1V , a provider of real-time security solutions , today announced that it has appointed LAN2LAN , a provider of IT services in the UK , to distribute its data security and manage file transfer software .",1,"['tectia', 'corporation', 'hel', 'tec', 'v', 'a', 'provider', 'of', 'real', 'time', 'security', 'solutions', 'today', 'announced', 'that', 'it', 'has', 'appointed', 'lan', 'lan', 'a', 'provider', 'of', 'it', 'services', 'in', 'the', 'uk', 'to', 'distribute', 'its', 'data', 'security', 'and', 'manage', 'file', 'transfer', 'software']"
1279,"The Bristol Port Company has sealed a one million pound contract with Cooper Specialised Handling to supply it with four 45-tonne , customised reach stackers from Konecranes .",1,"['the', 'bristol', 'port', 'company', 'has', 'sealed', 'a', 'one', 'million', 'pound', 'contract', 'with', 'cooper', 'specialised', 'handling', 'to', 'supply', 'it', 'with', 'four', 'tonne', 'customised', 'reach', 'stackers', 'from', 'konecranes']"
1280,The company expects net sales to significantly increase from 2009 .,1,"['the', 'company', 'expects', 'net', 'sales', 'to', 'significantly', 'increase', 'from']"
1281,"The company 's net profit amounted to EE 55.5 mn , which was 36 % more than in 2004 .",1,"['the', 'company', 's', 'net', 'profit', 'amounted', 'to', 'ee', 'mn', 'which', 'was', 'more', 'than', 'in']"
1282,"The company said that it will supply the WCDMA 3G-HSPA radio network , including the modular , high capacity Nokia Flexi WCDMA base station in East Java , Bali , Sumatra and Batam .",1,"['the', 'company', 'said', 'that', 'it', 'will', 'supply', 'the', 'wcdma', 'g', 'hspa', 'radio', 'network', 'including', 'the', 'modular', 'high', 'capacity', 'nokia', 'flexi', 'wcdma', 'base', 'station', 'in', 'east', 'java', 'bali', 'sumatra', 'and', 'batam']"
1283,"The EBITDA was EUR116m compared to EUR115m , corresponding to an EBITDA margin of 33 % .",1,"['the', 'ebitda', 'was', 'eur', 'm', 'compared', 'to', 'eur', 'm', 'corresponding', 'to', 'an', 'ebitda', 'margin', 'of']"
1284,"The fair value of investment properties totalled EUR 2,299.9 mn , compared to EUR 2,229.5 mn in the corresponding period in 2009 .",1,"['the', 'fair', 'value', 'of', 'investment', 'properties', 'totalled', 'eur', 'mn', 'compared', 'to', 'eur', 'mn', 'in', 'the', 'corresponding', 'period', 'in']"
1285,The fund at fair value will increase correspondingly .,1,"['the', 'fund', 'at', 'fair', 'value', 'will', 'increase', 'correspondingly']"
1286,The optimization of the steel components heating process will reduce the energy consumption .,1,"['the', 'optimization', 'of', 'the', 'steel', 'components', 'heating', 'process', 'will', 'reduce', 'the', 'energy', 'consumption']"
1287,The proportion of Estonian and Lithuanian passengers on the Tallinn-Helsinki route also grew in July .,1,"['the', 'proportion', 'of', 'estonian', 'and', 'lithuanian', 'passengers', 'on', 'the', 'tallinn', 'helsinki', 'route', 'also', 'grew', 'in', 'july']"
1288,This assignment strengthens Poyry 's position as an international provider of engineering and project services to the chemical process industry .,1,"['this', 'assignment', 'strengthens', 'poyry', 's', 'position', 'as', 'an', 'international', 'provider', 'of', 'engineering', 'and', 'project', 'services', 'to', 'the', 'chemical', 'process', 'industry']"
1289,This new partnership agreement represents a significant milestone for both parties .,1,"['this', 'new', 'partnership', 'agreement', 'represents', 'a', 'significant', 'milestone', 'for', 'both', 'parties']"
1290,"Tiimari Latvian representative Ineta Zaharova said that the company earned LVL 122,000 in 2005 profit , which is 20 times more that in 2004 .",1,"['tiimari', 'latvian', 'representative', 'ineta', 'zaharova', 'said', 'that', 'the', 'company', 'earned', 'lvl', 'in', 'profit', 'which', 'is', 'times', 'more', 'that', 'in']"
1291,"Via the agreement , Ramirent will expand the range of equipment and services it delivers to Destia , Ramirent Finland 's managing director Kari Aulasmaa , said .",1,"['via', 'the', 'agreement', 'ramirent', 'will', 'expand', 'the', 'range', 'of', 'equipment', 'and', 'services', 'it', 'delivers', 'to', 'destia', 'ramirent', 'finland', 's', 'managing', 'director', 'kari', 'aulasmaa', 'said']"
1292,"Via the takeover , Panostaja further expands its business area specialising in digital printing , which since previously consists of the subsidiaries Kopijyva Oy and Sokonet Oy .",1,"['via', 'the', 'takeover', 'panostaja', 'further', 'expands', 'its', 'business', 'area', 'specialising', 'in', 'digital', 'printing', 'which', 'since', 'previously', 'consists', 'of', 'the', 'subsidiaries', 'kopijyva', 'oy', 'and', 'sokonet', 'oy']"
1293,Asian traffic declined by 3.4 per cent .,0,"['asian', 'traffic', 'declined', 'by', 'per', 'cent']"
1294,"Consumer products manufacturer Fiskars Corp. will open a distribution and warehouse center in Southaven , creating 100 jobs .",1,"['consumer', 'products', 'manufacturer', 'fiskars', 'corp', 'will', 'open', 'a', 'distribution', 'and', 'warehouse', 'center', 'in', 'southaven', 'creating', 'jobs']"
1295,`` We were the lowest bidders and now the final approval is awaited . '',1,"['we', 'were', 'the', 'lowest', 'bidders', 'and', 'now', 'the', 'final', 'approval', 'is', 'awaited']"
1296,Finnish food industry companies HK Ruokatalo and Atria will form a joint venture company called L+ñnsi-Kalkkuna to produce turkey meat .,1,"['finnish', 'food', 'industry', 'companies', 'hk', 'ruokatalo', 'and', 'atria', 'will', 'form', 'a', 'joint', 'venture', 'company', 'called', 'l', 'nsi', 'kalkkuna', 'to', 'produce', 'turkey', 'meat']"
1297,Finnish plumbing and heating systems supplier Uponor is temporarily laying off its whole workforce in Finland for two weeks as of mid-July 2009 .,0,"['finnish', 'plumbing', 'and', 'heating', 'systems', 'supplier', 'uponor', 'is', 'temporarily', 'laying', 'off', 'its', 'whole', 'workforce', 'in', 'finland', 'for', 'two', 'weeks', 'as', 'of', 'mid', 'july']"
1298,"In Finland , metal sector company Componenta is laying off temporarily the staff of its Pori mill from Christmas 2008 till 6 January 2009 .",0,"['in', 'finland', 'metal', 'sector', 'company', 'componenta', 'is', 'laying', 'off', 'temporarily', 'the', 'staff', 'of', 'its', 'pori', 'mill', 'from', 'christmas', 'till', 'january']"
1299,"According to Aktia Asset Management , Finnish analysts ' forecasts for 2009 are still too high .",0,"['according', 'to', 'aktia', 'asset', 'management', 'finnish', 'analysts', 'forecasts', 'for', 'are', 'still', 'too', 'high']"
1300,"As part of the reorganisation measures that will take place in spring 2006 , Tamglass Finton will start personnel negotiations that will affect its entire staff of 33 .",0,"['as', 'part', 'of', 'the', 'reorganisation', 'measures', 'that', 'will', 'take', 'place', 'in', 'spring', 'tamglass', 'finton', 'will', 'start', 'personnel', 'negotiations', 'that', 'will', 'affect', 'its', 'entire', 'staff', 'of']"
1301,Benefon 's target is to lay off temporarily of permanently up to 20 % of the Salo plant 's staff .,0,"['benefon', 's', 'target', 'is', 'to', 'lay', 'off', 'temporarily', 'of', 'permanently', 'up', 'to', 'of', 'the', 'salo', 'plant', 's', 'staff']"
1302,"Finnair expands : Finnair plans to add more flights on routes to Hong Kong , India and Russia .",1,"['finnair', 'expands', 'finnair', 'plans', 'to', 'add', 'more', 'flights', 'on', 'routes', 'to', 'hong', 'kong', 'india', 'and', 'russia']"
1303,Finnish food company Raisio Oyj HEL : RAIVV said today it will buy British snacks and confectionery company Big Bear Group plc for an enterprise value of EUR 95.3 million USD 129.9 m .,1,"['finnish', 'food', 'company', 'raisio', 'oyj', 'hel', 'raivv', 'said', 'today', 'it', 'will', 'buy', 'british', 'snacks', 'and', 'confectionery', 'company', 'big', 'bear', 'group', 'plc', 'for', 'an', 'enterprise', 'value', 'of', 'eur', 'million', 'usd', 'm']"
1304,"firm 28 October 2009 - Finnish lifting equipment maker Konecranes Oyj HEL : KCR1V said today it acquired US Machine Tool Solutions Unlimited in Cincinnati , Ohio , for an undisclosed sum .",1,"['firm', 'october', 'finnish', 'lifting', 'equipment', 'maker', 'konecranes', 'oyj', 'hel', 'kcr', 'v', 'said', 'today', 'it', 'acquired', 'us', 'machine', 'tool', 'solutions', 'unlimited', 'in', 'cincinnati', 'ohio', 'for', 'an', 'undisclosed', 'sum']"
1305,Growth is expected to continue in 2008 .,1,"['growth', 'is', 'expected', 'to', 'continue', 'in']"
1306,"Ixonos estimates that it will hire 20 specialists in mechanical engineering , electronics design , and R&D for its new unit in Jyvaeskylae by the end of 2009 .",1,"['ixonos', 'estimates', 'that', 'it', 'will', 'hire', 'specialists', 'in', 'mechanical', 'engineering', 'electronics', 'design', 'and', 'r', 'd', 'for', 'its', 'new', 'unit', 'in', 'jyvaeskylae', 'by', 'the', 'end', 'of']"
1307,"M-real Corporation Press release on 3 November at 10:35 am M-real Corporation was the second best company in the materials sector including e.g. forest industry companies in the Carbon Disclosure Leadership Index CDLI , Nordic Report 2009 .",1,"['m', 'real', 'corporation', 'press', 'release', 'on', 'november', 'at', 'am', 'm', 'real', 'corporation', 'was', 'the', 'second', 'best', 'company', 'in', 'the', 'materials', 'sector', 'including', 'e', 'g', 'forest', 'industry', 'companies', 'in', 'the', 'carbon', 'disclosure', 'leadership', 'index', 'cdli', 'nordic', 'report']"
1308,Operating cash flow after investments totalled EUR 61.3 mn compared to EUR 75.3 mn in the corresponding period in 2007 .,0,"['operating', 'cash', 'flow', 'after', 'investments', 'totalled', 'eur', 'mn', 'compared', 'to', 'eur', 'mn', 'in', 'the', 'corresponding', 'period', 'in']"
1309,Oriola-KD expects its invoicing in 2008 to be higher than the comparable invoicing of 2007 .,1,"['oriola', 'kd', 'expects', 'its', 'invoicing', 'in', 'to', 'be', 'higher', 'than', 'the', 'comparable', 'invoicing', 'of']"
1310,The company said that it has started to investigate streamlining its operations in order to meet the tightening competition on the mobile phone charger market .,1,"['the', 'company', 'said', 'that', 'it', 'has', 'started', 'to', 'investigate', 'streamlining', 'its', 'operations', 'in', 'order', 'to', 'meet', 'the', 'tightening', 'competition', 'on', 'the', 'mobile', 'phone', 'charger', 'market']"
1311,The lay-offs will affect 240 people out of the total 320 Okmetic employees in Finland .,0,"['the', 'lay', 'offs', 'will', 'affect', 'people', 'out', 'of', 'the', 'total', 'okmetic', 'employees', 'in', 'finland']"
1312,The majority of the company 's personnel in Finland is temporarily laid off from one to six weeks in the period from February to June 2009 period .,0,"['the', 'majority', 'of', 'the', 'company', 's', 'personnel', 'in', 'finland', 'is', 'temporarily', 'laid', 'off', 'from', 'one', 'to', 'six', 'weeks', 'in', 'the', 'period', 'from', 'february', 'to', 'june', 'period']"
1313,55 workers in +àm+Ñl will be affected by the close-down .,0,"['workers', 'in', 'm', 'l', 'will', 'be', 'affected', 'by', 'the', 'close', 'down']"
1314,Finland-based Stockmann Group has closed seven franchising sports stores Nike in Russia .,0,"['finland', 'based', 'stockmann', 'group', 'has', 'closed', 'seven', 'franchising', 'sports', 'stores', 'nike', 'in', 'russia']"
1315,"In Finland , Sampo Bank , now part of the Danske Bank group , will lay off staff from the administrative and support functions .",0,"['in', 'finland', 'sampo', 'bank', 'now', 'part', 'of', 'the', 'danske', 'bank', 'group', 'will', 'lay', 'off', 'staff', 'from', 'the', 'administrative', 'and', 'support', 'functions']"
1316,"Scanfil , a systems supplier and contract manufacturer to the communications sector , will give notice to 20 productional employees , and temporarily lay off 15 employees at the company 's plant in Sievi , in Finland .",0,"['scanfil', 'a', 'systems', 'supplier', 'and', 'contract', 'manufacturer', 'to', 'the', 'communications', 'sector', 'will', 'give', 'notice', 'to', 'productional', 'employees', 'and', 'temporarily', 'lay', 'off', 'employees', 'at', 'the', 'company', 's', 'plant', 'in', 'sievi', 'in', 'finland']"
1317,"Scanfil , a systems supplier and contract manufacturer to the communications sector , will start personnel negotiations in Oulu , in Finland , to lay off staff temporarily .",0,"['scanfil', 'a', 'systems', 'supplier', 'and', 'contract', 'manufacturer', 'to', 'the', 'communications', 'sector', 'will', 'start', 'personnel', 'negotiations', 'in', 'oulu', 'in', 'finland', 'to', 'lay', 'off', 'staff', 'temporarily']"
1318,"Additionally , the company will terminate a maximum nine salaried and senior salaried employees ' employment contracts .",0,"['additionally', 'the', 'company', 'will', 'terminate', 'a', 'maximum', 'nine', 'salaried', 'and', 'senior', 'salaried', 'employees', 'employment', 'contracts']"
1319,"Also the city 's insurance company , If P & C Insurance , has said it will not pay compensation .",0,"['also', 'the', 'city', 's', 'insurance', 'company', 'if', 'p', 'c', 'insurance', 'has', 'said', 'it', 'will', 'not', 'pay', 'compensation']"
1320,"And earlier this month , the company signed a deal with India-based information technology services giant Wipro Technologies to transfer and sell its radio access related R&D activities in Berlin .",1,"['and', 'earlier', 'this', 'month', 'the', 'company', 'signed', 'a', 'deal', 'with', 'india', 'based', 'information', 'technology', 'services', 'giant', 'wipro', 'technologies', 'to', 'transfer', 'and', 'sell', 'its', 'radio', 'access', 'related', 'r', 'd', 'activities', 'in', 'berlin']"
1321,"As a result , the company has decided it will implement fixed-term temporary lay-offs .",0,"['as', 'a', 'result', 'the', 'company', 'has', 'decided', 'it', 'will', 'implement', 'fixed', 'term', 'temporary', 'lay', 'offs']"
1322,"As a result , the company will temporarily lay-off 25 % of the whole personnel , approximately 270 persons at Kirkkonummi and Nivala factories .",0,"['as', 'a', 'result', 'the', 'company', 'will', 'temporarily', 'lay', 'off', 'of', 'the', 'whole', 'personnel', 'approximately', 'persons', 'at', 'kirkkonummi', 'and', 'nivala', 'factories']"
1323,"As a result of the negotiations , the amount of employment contracts to be terminated is 13 .",0,"['as', 'a', 'result', 'of', 'the', 'negotiations', 'the', 'amount', 'of', 'employment', 'contracts', 'to', 'be', 'terminated', 'is']"
1324,"As a result of the negotiations , the company will terminate total 5 employment contracts .",0,"['as', 'a', 'result', 'of', 'the', 'negotiations', 'the', 'company', 'will', 'terminate', 'total', 'employment', 'contracts']"
1325,Consumption is forecast to grow by about 2 % .,1,"['consumption', 'is', 'forecast', 'to', 'grow', 'by', 'about']"
1326,credit 20 November 2009 - Finnish glass technology company Glaston Oyj Abp ( HEL : GLA1V ) said today it concluded a EUR74m revolving credit facility agreement with its core banks .,1,"['credit', 'november', 'finnish', 'glass', 'technology', 'company', 'glaston', 'oyj', 'abp', 'hel', 'gla', 'v', 'said', 'today', 'it', 'concluded', 'a', 'eur', 'm', 'revolving', 'credit', 'facility', 'agreement', 'with', 'its', 'core', 'banks']"
1327,"Dubbed Nokia Money Solutions , company officials say the initiative would seek to bridge the gap between the banked and unbanked in developing countries .",1,"['dubbed', 'nokia', 'money', 'solutions', 'company', 'officials', 'say', 'the', 'initiative', 'would', 'seek', 'to', 'bridge', 'the', 'gap', 'between', 'the', 'banked', 'and', 'unbanked', 'in', 'developing', 'countries']"
1328,"Due to market conditions , the company will also temporarily lay off about 3,200 people at different sites .",0,"['due', 'to', 'market', 'conditions', 'the', 'company', 'will', 'also', 'temporarily', 'lay', 'off', 'about', 'people', 'at', 'different', 'sites']"
1329,Etteplan targets to employ at least 20 people in Borl+ñnge .,1,"['etteplan', 'targets', 'to', 'employ', 'at', 'least', 'people', 'in', 'borl', 'nge']"
1330,"Furthermore , Novator Finland Oy has entered into a securities lending agreement , whereby Novator Finland Oy will hold directly the same amount of shares that are underlying of the OMX market forwards from May 23 through May 26 , 2008 .",1,"['furthermore', 'novator', 'finland', 'oy', 'has', 'entered', 'into', 'a', 'securities', 'lending', 'agreement', 'whereby', 'novator', 'finland', 'oy', 'will', 'hold', 'directly', 'the', 'same', 'amount', 'of', 'shares', 'that', 'are', 'underlying', 'of', 'the', 'omx', 'market', 'forwards', 'from', 'may', 'through', 'may']"
1331,"Glaston , headquartered in Tampere , Finland , is a growing , international glass technology company .",1,"['glaston', 'headquartered', 'in', 'tampere', 'finland', 'is', 'a', 'growing', 'international', 'glass', 'technology', 'company']"
1332,GSK announced in November 2008 that it would close its operations in Dartford .,0,"['gsk', 'announced', 'in', 'november', 'that', 'it', 'would', 'close', 'its', 'operations', 'in', 'dartford']"
1333,"HELSINKI , Finland , Sept. 18 , 2009 ( GLOBE NEWSWIRE ) -- Ixonos Plc expands the company 's smartphone R&D services and establishes a new next-generation smartphone design unit in connection with Ixonos ' site in Jyvaeskylae .",1,"['helsinki', 'finland', 'sept', 'globe', 'newswire', 'ixonos', 'plc', 'expands', 'the', 'company', 's', 'smartphone', 'r', 'd', 'services', 'and', 'establishes', 'a', 'new', 'next', 'generation', 'smartphone', 'design', 'unit', 'in', 'connection', 'with', 'ixonos', 'site', 'in', 'jyvaeskylae']"
1334,"HELSINKI ( Thomson Financial ) - M-real said it will exercise an option to buy a 50MW natural gas power plant and land in Kyroskoski , Finland , for around 13 mln eur from Kyro Oyj .",1,"['helsinki', 'thomson', 'financial', 'm', 'real', 'said', 'it', 'will', 'exercise', 'an', 'option', 'to', 'buy', 'a', 'mw', 'natural', 'gas', 'power', 'plant', 'and', 'land', 'in', 'kyroskoski', 'finland', 'for', 'around', 'mln', 'eur', 'from', 'kyro', 'oyj']"
1335,"In addition , a further 29 employees can be laid off until further notice and the whole workforce can be laid off for short periods if needed .",0,"['in', 'addition', 'a', 'further', 'employees', 'can', 'be', 'laid', 'off', 'until', 'further', 'notice', 'and', 'the', 'whole', 'workforce', 'can', 'be', 'laid', 'off', 'for', 'short', 'periods', 'if', 'needed']"
1336,In addition the deal includes a call option which will enable Maritim Food AS to increase its holding in Sandanger AS to 51 % in the future .,1,"['in', 'addition', 'the', 'deal', 'includes', 'a', 'call', 'option', 'which', 'will', 'enable', 'maritim', 'food', 'as', 'to', 'increase', 'its', 'holding', 'in', 'sandanger', 'as', 'to', 'in', 'the', 'future']"
1337,"It currently employs about 750 people and expects headcount to reach 1,000 by end of 2007 .",1,"['it', 'currently', 'employs', 'about', 'people', 'and', 'expects', 'headcount', 'to', 'reach', 'by', 'end', 'of']"
1338,"It rose by 15.7 % and by 24.8 % in Finland and abroad , respectively , to EUR 7 million and EUR 4.2 million , due to a 40 % growth in Russia .",1,"['it', 'rose', 'by', 'and', 'by', 'in', 'finland', 'and', 'abroad', 'respectively', 'to', 'eur', 'million', 'and', 'eur', 'million', 'due', 'to', 'a', 'growth', 'in', 'russia']"
1339,"Its main business area , the Glass Machinery Group of Glaston Technologies , is the global market leader in glass processing machines .",1,"['its', 'main', 'business', 'area', 'the', 'glass', 'machinery', 'group', 'of', 'glaston', 'technologies', 'is', 'the', 'global', 'market', 'leader', 'in', 'glass', 'processing', 'machines']"
1340,"Jobs will not be transferred from Finland , however .",1,"['jobs', 'will', 'not', 'be', 'transferred', 'from', 'finland', 'however']"
1341,Kaupthing forecasts a significant price increase for printing paper in 2007 .,1,"['kaupthing', 'forecasts', 'a', 'significant', 'price', 'increase', 'for', 'printing', 'paper', 'in']"
1342,KESKO FOOD LTD PRESS RELEASE 04.01.2006 AT 13.00 Kesko Food Ltd is launching a major TV campaign to recruit as many as one hundred new K-food retailers .,1,"['kesko', 'food', 'ltd', 'press', 'release', 'at', 'kesko', 'food', 'ltd', 'is', 'launching', 'a', 'major', 'tv', 'campaign', 'to', 'recruit', 'as', 'many', 'as', 'one', 'hundred', 'new', 'k', 'food', 'retailers']"
1343,"( ADP News ) - Nov 28 , 2008 - Finnish power-supply solutions provider Efore Oyj ( OMX : EFO1V ) announced today the launch of OPUS DC , the latest power system in its OPUS product line .",1,"['adp', 'news', 'nov', 'finnish', 'power', 'supply', 'solutions', 'provider', 'efore', 'oyj', 'omx', 'efo', 'v', 'announced', 'today', 'the', 'launch', 'of', 'opus', 'dc', 'the', 'latest', 'power', 'system', 'in', 'its', 'opus', 'product', 'line']"
1344,"( ADP News ) - Nov 3 , 2008 - Finnish cargo handling systems and services company Cargotec Oyj ( OMX : CGCBV ) said today that it acquired 80 % stakes in Italian service companies CVS Technoports Srl and CVS Service Srl from Italian handli",1,"['adp', 'news', 'nov', 'finnish', 'cargo', 'handling', 'systems', 'and', 'services', 'company', 'cargotec', 'oyj', 'omx', 'cgcbv', 'said', 'today', 'that', 'it', 'acquired', 'stakes', 'in', 'italian', 'service', 'companies', 'cvs', 'technoports', 'srl', 'and', 'cvs', 'service', 'srl', 'from', 'italian', 'handli']"
1345,"( ADPnews ) - Nov 9 , 2009 - Four companies have agreed to buy for a combined SEK 5.9 billion ( USD 854m-EUR 571.8 m ) all drug stores offered for sale as part of the restructuring of Swedish stated-owned pharmacy monopoly Apoteket AB , t",1,"['adpnews', 'nov', 'four', 'companies', 'have', 'agreed', 'to', 'buy', 'for', 'a', 'combined', 'sek', 'billion', 'usd', 'm', 'eur', 'm', 'all', 'drug', 'stores', 'offered', 'for', 'sale', 'as', 'part', 'of', 'the', 'restructuring', 'of', 'swedish', 'stated', 'owned', 'pharmacy', 'monopoly', 'apoteket', 'ab', 't']"
1346,"Martela said plans to expand its recycled furniture business elsewhere in Finland , too .",1,"['martela', 'said', 'plans', 'to', 'expand', 'its', 'recycled', 'furniture', 'business', 'elsewhere', 'in', 'finland', 'too']"
1347,"Metso Foundries Jyvaskyla , Inc. will begin personnel negotiations on temporary lay-offs and personnel reductions in Jyvaskyla , Finland .",0,"['metso', 'foundries', 'jyvaskyla', 'inc', 'will', 'begin', 'personnel', 'negotiations', 'on', 'temporary', 'lay', 'offs', 'and', 'personnel', 'reductions', 'in', 'jyvaskyla', 'finland']"
1348,"Microsoft also churned up its courtship , agreeing to use the Navteq mapping service , which is offered by a company Nokia bought for $ 8.1 billion a few years ago .",1,"['microsoft', 'also', 'churned', 'up', 'its', 'courtship', 'agreeing', 'to', 'use', 'the', 'navteq', 'mapping', 'service', 'which', 'is', 'offered', 'by', 'a', 'company', 'nokia', 'bought', 'for', 'billion', 'a', 'few', 'years', 'ago']"
1349,"National Conciliator Juhani Salonius , who met both parties on Wednesday , said they were too far apart in their views for him to propose mediation .",0,"['national', 'conciliator', 'juhani', 'salonius', 'who', 'met', 'both', 'parties', 'on', 'wednesday', 'said', 'they', 'were', 'too', 'far', 'apart', 'in', 'their', 'views', 'for', 'him', 'to', 'propose', 'mediation']"
1350,New product launches in Finland will more than double from 2005 .,1,"['new', 'product', 'launches', 'in', 'finland', 'will', 'more', 'than', 'double', 'from']"
1351,"On the other hand , Montevideo said that having the two mills working in the area will generate jobs .",1,"['on', 'the', 'other', 'hand', 'montevideo', 'said', 'that', 'having', 'the', 'two', 'mills', 'working', 'in', 'the', 'area', 'will', 'generate', 'jobs']"
1352,"On Wednesday he announced that the government would propose granting a licence for two reactors , one to be built by Fennovoima , and the other by TVO .",1,"['on', 'wednesday', 'he', 'announced', 'that', 'the', 'government', 'would', 'propose', 'granting', 'a', 'licence', 'for', 'two', 'reactors', 'one', 'to', 'be', 'built', 'by', 'fennovoima', 'and', 'the', 'other', 'by', 'tvo']"
1353,services supplier Efore Plc to streamline operations in Finland and the US Finnish electronic systems and services supplier Efore Plc ( OMX Helsinki : EFO1V ) said on Tuesday ( 3 February ) that it has initiated statutory negotiations regarding a streamlining of its operations in Finland .,1,"['services', 'supplier', 'efore', 'plc', 'to', 'streamline', 'operations', 'in', 'finland', 'and', 'the', 'us', 'finnish', 'electronic', 'systems', 'and', 'services', 'supplier', 'efore', 'plc', 'omx', 'helsinki', 'efo', 'v', 'said', 'on', 'tuesday', 'february', 'that', 'it', 'has', 'initiated', 'statutory', 'negotiations', 'regarding', 'a', 'streamlining', 'of', 'its', 'operations', 'in', 'finland']"
1354,Singapore in May 2011 1 July 2010 - Finnish air carrier Finnair Oyj ( HEL : FIA1S ) said today it will open a daily route to Singapore on 30 May 2011 as part of its growth strategy in Asia .,1,"['singapore', 'in', 'may', 'july', 'finnish', 'air', 'carrier', 'finnair', 'oyj', 'hel', 'fia', 's', 'said', 'today', 'it', 'will', 'open', 'a', 'daily', 'route', 'to', 'singapore', 'on', 'may', 'as', 'part', 'of', 'its', 'growth', 'strategy', 'in', 'asia']"
1355,"ST. PETERSBURG , Oct 14 ( PRIME-TASS ) -- Finnish tire producer Nokian Tyres plans to invest about 50 million euros in the expansion of its tire plant in the city of Vsevolozhsk in Russia 's Leningrad Region in 2011 , the company 's President Kim Gran told reporters Thursday .",1,"['st', 'petersburg', 'oct', 'prime', 'tass', 'finnish', 'tire', 'producer', 'nokian', 'tyres', 'plans', 'to', 'invest', 'about', 'million', 'euros', 'in', 'the', 'expansion', 'of', 'its', 'tire', 'plant', 'in', 'the', 'city', 'of', 'vsevolozhsk', 'in', 'russia', 's', 'leningrad', 'region', 'in', 'the', 'company', 's', 'president', 'kim', 'gran', 'told', 'reporters', 'thursday']"
1356,"Stockmann and Swedish sector company AB Lindex entered into an agreement on September 30 , 2007 , whereby Stockmann , or a wholly-owned subsidiary of it , will make a public tender offer for all of Lindex 's issued shares .",1,"['stockmann', 'and', 'swedish', 'sector', 'company', 'ab', 'lindex', 'entered', 'into', 'an', 'agreement', 'on', 'september', 'whereby', 'stockmann', 'or', 'a', 'wholly', 'owned', 'subsidiary', 'of', 'it', 'will', 'make', 'a', 'public', 'tender', 'offer', 'for', 'all', 'of', 'lindex', 's', 'issued', 'shares']"
1357,"Stora Enso Oyj , the largest papermaker , in October said it would close four mills .",0,"['stora', 'enso', 'oyj', 'the', 'largest', 'papermaker', 'in', 'october', 'said', 'it', 'would', 'close', 'four', 'mills']"
1358,TeliaSonera said about $ 100 million will be invested in the next year in the region to bring mobile coverage to about 90 % of Nepal s population .,1,"['teliasonera', 'said', 'about', 'million', 'will', 'be', 'invested', 'in', 'the', 'next', 'year', 'in', 'the', 'region', 'to', 'bring', 'mobile', 'coverage', 'to', 'about', 'of', 'nepal', 's', 'population']"
1359,"Temporary lay-offs , affecting the entire workforce , will also be implemented .",0,"['temporary', 'lay', 'offs', 'affecting', 'the', 'entire', 'workforce', 'will', 'also', 'be', 'implemented']"
1360,"The contracts of the employees , 96 of whom are blue-collar workers , will be ended between March and August 2011 .",0,"['the', 'contracts', 'of', 'the', 'employees', 'of', 'whom', 'are', 'blue', 'collar', 'workers', 'will', 'be', 'ended', 'between', 'march', 'and', 'august']"
1361,The current lay-offs are additional to the temporary lay-offs agreed in December 2008 and in May 2009 .,0,"['the', 'current', 'lay', 'offs', 'are', 'additional', 'to', 'the', 'temporary', 'lay', 'offs', 'agreed', 'in', 'december', 'and', 'in', 'may']"
1362,"The decision means temporary lay-offs of fixed duration at the company 's Nastola and Jyvaskyla units , in southern and central Finland , respectively .",0,"['the', 'decision', 'means', 'temporary', 'lay', 'offs', 'of', 'fixed', 'duration', 'at', 'the', 'company', 's', 'nastola', 'and', 'jyvaskyla', 'units', 'in', 'southern', 'and', 'central', 'finland', 'respectively']"
1363,The executive group will participate in the adjustments with a fixed-term 5 % salary cut .,1,"['the', 'executive', 'group', 'will', 'participate', 'in', 'the', 'adjustments', 'with', 'a', 'fixed', 'term', 'salary', 'cut']"
1364,"The negotiation has resulted in the reduction of 80 people in regular employment , around half of which will be covered with pension arrangements .",0,"['the', 'negotiation', 'has', 'resulted', 'in', 'the', 'reduction', 'of', 'people', 'in', 'regular', 'employment', 'around', 'half', 'of', 'which', 'will', 'be', 'covered', 'with', 'pension', 'arrangements']"
1365,"The number of permanent reductions of clerical workers is 22 employees , of which 19 in Finland .",0,"['the', 'number', 'of', 'permanent', 'reductions', 'of', 'clerical', 'workers', 'is', 'employees', 'of', 'which', 'in', 'finland']"
1366,"The personnel reduction will be carried out in Anjalankoski , Hollola , Jyvaskyla , Jarvenpaa , Karhula , Turku and Valkeakoski units .",0,"['the', 'personnel', 'reduction', 'will', 'be', 'carried', 'out', 'in', 'anjalankoski', 'hollola', 'jyvaskyla', 'jarvenpaa', 'karhula', 'turku', 'and', 'valkeakoski', 'units']"
1367,The reduction notice applied to 17 people .,0,"['the', 'reduction', 'notice', 'applied', 'to', 'people']"
1368,The volumes are expected to increase during the next few years .,1,"['the', 'volumes', 'are', 'expected', 'to', 'increase', 'during', 'the', 'next', 'few', 'years']"
1369,18 March 2010 A leakage in the gypsum pond was detected today at the Talvivaara mine .,0,"['march', 'a', 'leakage', 'in', 'the', 'gypsum', 'pond', 'was', 'detected', 'today', 'at', 'the', 'talvivaara', 'mine']"
1370,7 March 2011 - Finnish IT company Digia Oyj HEL : DIG1V announced today an agreement with mobile-phone major Nokia Oyj HEL : NOK1V to acquire the commercial licensing and service business related to Nokia 's Qt technology .,1,"['march', 'finnish', 'it', 'company', 'digia', 'oyj', 'hel', 'dig', 'v', 'announced', 'today', 'an', 'agreement', 'with', 'mobile', 'phone', 'major', 'nokia', 'oyj', 'hel', 'nok', 'v', 'to', 'acquire', 'the', 'commercial', 'licensing', 'and', 'service', 'business', 'related', 'to', 'nokia', 's', 'qt', 'technology']"
1371,A profit is still on target .,1,"['a', 'profit', 'is', 'still', 'on', 'target']"
1372,A total of 140 jobs will be reduced at the Raahe Steel Works .,0,"['a', 'total', 'of', 'jobs', 'will', 'be', 'reduced', 'at', 'the', 'raahe', 'steel', 'works']"
1373,"According to Finnish Aktia Bank 's Managing Director Jussi Laitinen , the bank 's aim is to triple the number of its customers in Finland in the next five years .",1,"['according', 'to', 'finnish', 'aktia', 'bank', 's', 'managing', 'director', 'jussi', 'laitinen', 'the', 'bank', 's', 'aim', 'is', 'to', 'triple', 'the', 'number', 'of', 'its', 'customers', 'in', 'finland', 'in', 'the', 'next', 'five', 'years']"
1374,As a result some 20 persons will no longer be needed .,0,"['as', 'a', 'result', 'some', 'persons', 'will', 'no', 'longer', 'be', 'needed']"
1375,"ASPO Plc STOCK EXCHANGE ANNOUNCEMENT May 4 , 2006 at 10:00 a.m. An increase in the share capital of Aspo Plc totaling EUR 1,125.60 was registered today .",1,"['aspo', 'plc', 'stock', 'exchange', 'announcement', 'may', 'at', 'a', 'm', 'an', 'increase', 'in', 'the', 'share', 'capital', 'of', 'aspo', 'plc', 'totaling', 'eur', 'was', 'registered', 'today']"
1376,"Biohit said that it will reduce the number of leased personnel by 10 , and lay off 10 of its own personnel .",0,"['biohit', 'said', 'that', 'it', 'will', 'reduce', 'the', 'number', 'of', 'leased', 'personnel', 'by', 'and', 'lay', 'off', 'of', 'its', 'own', 'personnel']"
1377,"Comparable net sales are expected to increase more than 10 % in 2008 , in line with group target .",1,"['comparable', 'net', 'sales', 'are', 'expected', 'to', 'increase', 'more', 'than', 'in', 'in', 'line', 'with', 'group', 'target']"
1378,Finnish sports equipment company Amer Sports said it has decided to lay off 370 workers from its Salomon division in France .,0,"['finnish', 'sports', 'equipment', 'company', 'amer', 'sports', 'said', 'it', 'has', 'decided', 'to', 'lay', 'off', 'workers', 'from', 'its', 'salomon', 'division', 'in', 'france']"
1379,"In 2006 , the company intends to invest significantly in expanding its distribution and maintenance network .",1,"['in', 'the', 'company', 'intends', 'to', 'invest', 'significantly', 'in', 'expanding', 'its', 'distribution', 'and', 'maintenance', 'network']"
1380,"In addition , the company will reduce a maximum of ten jobs .",0,"['in', 'addition', 'the', 'company', 'will', 'reduce', 'a', 'maximum', 'of', 'ten', 'jobs']"
1381,"In addition to Russia , we now seek additional growth in Ukraine .",1,"['in', 'addition', 'to', 'russia', 'we', 'now', 'seek', 'additional', 'growth', 'in', 'ukraine']"
1382,"In banking , Sampo A was unchanged at 14.24 eur and Nordea rose 0.42 pct to 9.51 eur .",1,"['in', 'banking', 'sampo', 'a', 'was', 'unchanged', 'at', 'eur', 'and', 'nordea', 'rose', 'pct', 'to', 'eur']"
1383,in Finland Finnish pharmaceutical company Orion Corporation OMX Helsinki : ORNAV said on Wednesday 7 January that it has concluded its personnel negotiations in Finland and will reduce the number of personnel by 205 .,0,"['in', 'finland', 'finnish', 'pharmaceutical', 'company', 'orion', 'corporation', 'omx', 'helsinki', 'ornav', 'said', 'on', 'wednesday', 'january', 'that', 'it', 'has', 'concluded', 'its', 'personnel', 'negotiations', 'in', 'finland', 'and', 'will', 'reduce', 'the', 'number', 'of', 'personnel', 'by']"
1384,"In the autumn , it plans to expand service to St. Petersburg and Moscow and launch service to Yekaterinburg , Russia , flying there three times a week .",1,"['in', 'the', 'autumn', 'it', 'plans', 'to', 'expand', 'service', 'to', 'st', 'petersburg', 'and', 'moscow', 'and', 'launch', 'service', 'to', 'yekaterinburg', 'russia', 'flying', 'there', 'three', 'times', 'a', 'week']"
1385,"Konecranes has previously communicated an estimated reduction of about 1,600 employees on group level in 2009 .",0,"['konecranes', 'has', 'previously', 'communicated', 'an', 'estimated', 'reduction', 'of', 'about', 'employees', 'on', 'group', 'level', 'in']"
1386,Latvenergo has ordered a significant expansion to the Tekla Xpower network information system .,1,"['latvenergo', 'has', 'ordered', 'a', 'significant', 'expansion', 'to', 'the', 'tekla', 'xpower', 'network', 'information', 'system']"
1387,Lemcon has also signed a pre-contract for the purchase of the park 's entire 130-hectare site .,1,"['lemcon', 'has', 'also', 'signed', 'a', 'pre', 'contract', 'for', 'the', 'purchase', 'of', 'the', 'park', 's', 'entire', 'hectare', 'site']"
1388,"Paper stocks were among the biggest fallers , with Stora Enso down 2.30 pct to 14.01 eur , M-real down 2.86 pct to 5.09 eur and UPM-Kymmene 1.14 pct lower at 19.10 eur .",0,"['paper', 'stocks', 'were', 'among', 'the', 'biggest', 'fallers', 'with', 'stora', 'enso', 'down', 'pct', 'to', 'eur', 'm', 'real', 'down', 'pct', 'to', 'eur', 'and', 'upm', 'kymmene', 'pct', 'lower', 'at', 'eur']"
1389,"Salo , Finland , 29 August 2006 - Benefon has today announced its plans to further strengthen its in-house technology platform , by licensing the complete mobile software platform , Opna , from its long-standing technology partner , Pollex .",1,"['salo', 'finland', 'august', 'benefon', 'has', 'today', 'announced', 'its', 'plans', 'to', 'further', 'strengthen', 'its', 'in', 'house', 'technology', 'platform', 'by', 'licensing', 'the', 'complete', 'mobile', 'software', 'platform', 'opna', 'from', 'its', 'long', 'standing', 'technology', 'partner', 'pollex']"
1390,Strand Associates is expanding its Madison corporate headquarters with space to add about 100 employees to the engineering firm .,1,"['strand', 'associates', 'is', 'expanding', 'its', 'madison', 'corporate', 'headquarters', 'with', 'space', 'to', 'add', 'about', 'employees', 'to', 'the', 'engineering', 'firm']"
1391,The acquisition is part of Ramirent 's strategy to strengthen its position in selected locations .,1,"['the', 'acquisition', 'is', 'part', 'of', 'ramirent', 's', 'strategy', 'to', 'strengthen', 'its', 'position', 'in', 'selected', 'locations']"
1392,The company decided at the end of 2008 to temporarily shut down its ammonia plant in Billingham and extend the maintenance period at its Ince facility .,0,"['the', 'company', 'decided', 'at', 'the', 'end', 'of', 'to', 'temporarily', 'shut', 'down', 'its', 'ammonia', 'plant', 'in', 'billingham', 'and', 'extend', 'the', 'maintenance', 'period', 'at', 'its', 'ince', 'facility']"
1393,The company will use the assets for strengthening its balance sheet and financial position .,1,"['the', 'company', 'will', 'use', 'the', 'assets', 'for', 'strengthening', 'its', 'balance', 'sheet', 'and', 'financial', 'position']"
1394,The employment contracts of 14 of the employees will end in March 2009 as a result of the company 's previous employer-employee talks .,0,"['the', 'employment', 'contracts', 'of', 'of', 'the', 'employees', 'will', 'end', 'in', 'march', 'as', 'a', 'result', 'of', 'the', 'company', 's', 'previous', 'employer', 'employee', 'talks']"
1395,The newly created position has been established to strengthen Amer Sports ' management in strategic planning and execution .,1,"['the', 'newly', 'created', 'position', 'has', 'been', 'established', 'to', 'strengthen', 'amer', 'sports', 'management', 'in', 'strategic', 'planning', 'and', 'execution']"
1396,"The production capacity can be tripled without any major additional investments , the company said .",1,"['the', 'production', 'capacity', 'can', 'be', 'tripled', 'without', 'any', 'major', 'additional', 'investments', 'the', 'company', 'said']"
1397,"The staff reduction will start immediately , Glaston added .",0,"['the', 'staff', 'reduction', 'will', 'start', 'immediately', 'glaston', 'added']"
1398,The through service of FESCO is a telling example of strengthening the relationship between logistics companies and operators at the international level .,1,"['the', 'through', 'service', 'of', 'fesco', 'is', 'a', 'telling', 'example', 'of', 'strengthening', 'the', 'relationship', 'between', 'logistics', 'companies', 'and', 'operators', 'at', 'the', 'international', 'level']"
1399,"The total headcount reduction will be 50 persons , the company said .",0,"['the', 'total', 'headcount', 'reduction', 'will', 'be', 'persons', 'the', 'company', 'said']"
1400,"The workforce will be reduced also in the Amsterdam office , in the Netherlands .",0,"['the', 'workforce', 'will', 'be', 'reduced', 'also', 'in', 'the', 'amsterdam', 'office', 'in', 'the', 'netherlands']"
1401,The personnel reductions will primarily affect those working for the parent company in the diagnostics business or in production and logistics in the liquid handling business .,0,"['the', 'personnel', 'reductions', 'will', 'primarily', 'affect', 'those', 'working', 'for', 'the', 'parent', 'company', 'in', 'the', 'diagnostics', 'business', 'or', 'in', 'production', 'and', 'logistics', 'in', 'the', 'liquid', 'handling', 'business']"
1402,"In the Asia-Pacific region , Visa Wave is available in Malaysia , Taiwan and South Korea and will be expanded to Japan and Southeast Asia this year , Jung added .",1,"['in', 'the', 'asia', 'pacific', 'region', 'visa', 'wave', 'is', 'available', 'in', 'malaysia', 'taiwan', 'and', 'south', 'korea', 'and', 'will', 'be', 'expanded', 'to', 'japan', 'and', 'southeast', 'asia', 'this', 'year', 'jung', 'added']"
1403,"In the third quarter of fiscal 2008 Efore swung to a net loss of EUR 400,000 versus a net profit of EUR 200,000 for the corresponding period of fiscal 2007 .",0,"['in', 'the', 'third', 'quarter', 'of', 'fiscal', 'efore', 'swung', 'to', 'a', 'net', 'loss', 'of', 'eur', 'versus', 'a', 'net', 'profit', 'of', 'eur', 'for', 'the', 'corresponding', 'period', 'of', 'fiscal']"
1404,"Konecranes Oyj KCR1V FH fell 5.5 percent to 20.51 euros , the biggest fall since June .",0,"['konecranes', 'oyj', 'kcr', 'v', 'fh', 'fell', 'percent', 'to', 'euros', 'the', 'biggest', 'fall', 'since', 'june']"
1405,"Net sales for the financial year 2006 are expected to amount to about EUR20m and the operating result EBIT is expected to be a loss , as announced before .",0,"['net', 'sales', 'for', 'the', 'financial', 'year', 'are', 'expected', 'to', 'amount', 'to', 'about', 'eur', 'm', 'and', 'the', 'operating', 'result', 'ebit', 'is', 'expected', 'to', 'be', 'a', 'loss', 'as', 'announced', 'before']"
1406,Operating loss totaled EUR 25mn compared to a profit of EUR 63mn in the corresponding period in 2005 .,0,"['operating', 'loss', 'totaled', 'eur', 'mn', 'compared', 'to', 'a', 'profit', 'of', 'eur', 'mn', 'in', 'the', 'corresponding', 'period', 'in']"
1407,"Production levels have been agreed with producers a long time ago , so a fall in consumption will lead to losses .",0,"['production', 'levels', 'have', 'been', 'agreed', 'with', 'producers', 'a', 'long', 'time', 'ago', 'so', 'a', 'fall', 'in', 'consumption', 'will', 'lead', 'to', 'losses']"
1408,Return on investment ROI was 4.1 % compared to 43.8 % in the first half of 2008 .,0,"['return', 'on', 'investment', 'roi', 'was', 'compared', 'to', 'in', 'the', 'first', 'half', 'of']"
1409,"SSH COMMUNICATIONS SECURITY CORP STOCK EXCHANGE RELEASE OCTOBER 14 , 2008 AT 2:45 PM The Company updates its full year outlook and estimates its results to remain at loss for the full year .",0,"['ssh', 'communications', 'security', 'corp', 'stock', 'exchange', 'release', 'october', 'at', 'pm', 'the', 'company', 'updates', 'its', 'full', 'year', 'outlook', 'and', 'estimates', 'its', 'results', 'to', 'remain', 'at', 'loss', 'for', 'the', 'full', 'year']"
1410,"The sale will result in a capital loss of EUR5m for Solidium , which obtained Tikkurila shares in March 2010 .",0,"['the', 'sale', 'will', 'result', 'in', 'a', 'capital', 'loss', 'of', 'eur', 'm', 'for', 'solidium', 'which', 'obtained', 'tikkurila', 'shares', 'in', 'march']"
1411,- The Group -¦ s result before taxes was EUR -1.9 ( -3.0 ) million .,0,"['the', 'group', 's', 'result', 'before', 'taxes', 'was', 'eur', 'million']"
1412,"- The Group 's sales during the period were EUR 37.5 million ( EUR 48.2 million , 1-9/2008 ) and result before taxes was a loss of EUR -3.5 ( +1.2 ) million .",0,"['the', 'group', 's', 'sales', 'during', 'the', 'period', 'were', 'eur', 'million', 'eur', 'million', 'and', 'result', 'before', 'taxes', 'was', 'a', 'loss', 'of', 'eur', 'million']"
1413,"A total of 16.5 mn passenger ship journeys took place in the northern Baltic Sea in 2007 , slightly down from 16.5 mn in 2006 .",0,"['a', 'total', 'of', 'mn', 'passenger', 'ship', 'journeys', 'took', 'place', 'in', 'the', 'northern', 'baltic', 'sea', 'in', 'slightly', 'down', 'from', 'mn', 'in']"
1414,Finnish media group Talentum has issued a profit warning .,0,"['finnish', 'media', 'group', 'talentum', 'has', 'issued', 'a', 'profit', 'warning']"
1415,"Finnish shipping company Finnlines ' pretax loss totalled EUR 6.5 mn in the third quarter of 2009 , compared to a profit of EUR 0.3 mn in the third quarter of 2008 .",0,"['finnish', 'shipping', 'company', 'finnlines', 'pretax', 'loss', 'totalled', 'eur', 'mn', 'in', 'the', 'third', 'quarter', 'of', 'compared', 'to', 'a', 'profit', 'of', 'eur', 'mn', 'in', 'the', 'third', 'quarter', 'of']"
1416,"In Finland , the city of Forssa has said it will not pay compensation to food industry companies HK Ruokatalo and Atria for the lye leak into tap water that occurred in March 2008 .",0,"['in', 'finland', 'the', 'city', 'of', 'forssa', 'has', 'said', 'it', 'will', 'not', 'pay', 'compensation', 'to', 'food', 'industry', 'companies', 'hk', 'ruokatalo', 'and', 'atria', 'for', 'the', 'lye', 'leak', 'into', 'tap', 'water', 'that', 'occurred', 'in', 'march']"
1417,"Acando AB ( ACANB SS ) fell 8.9 percent to 13.35 kronor , the lowest close since Dec. 11 .",0,"['acando', 'ab', 'acanb', 'ss', 'fell', 'percent', 'to', 'kronor', 'the', 'lowest', 'close', 'since', 'dec']"
1418,"According to CEO Matti Perkonoja of the parent company HKScan , the company 's performance in the first quarter of 2010 has remained clearly below the level of the corresponding period in 2009 .",0,"['according', 'to', 'ceo', 'matti', 'perkonoja', 'of', 'the', 'parent', 'company', 'hkscan', 'the', 'company', 's', 'performance', 'in', 'the', 'first', 'quarter', 'of', 'has', 'remained', 'clearly', 'below', 'the', 'level', 'of', 'the', 'corresponding', 'period', 'in']"
1419,"Cencorp 's net sales in the first quarter is estimated to be EUR0.9-1 .2 m , as compared to EUR4 .5 m in the first quarter 2008 .",0,"['cencorp', 's', 'net', 'sales', 'in', 'the', 'first', 'quarter', 'is', 'estimated', 'to', 'be', 'eur', 'm', 'as', 'compared', 'to', 'eur', 'm', 'in', 'the', 'first', 'quarter']"
1420,Diluted earnings per share ( EPS ) stood at EUR 0.25 versus EUR 0.42 .,0,"['diluted', 'earnings', 'per', 'share', 'eps', 'stood', 'at', 'eur', 'versus', 'eur']"
1421,Earnings per share ( EPS ) amounted to a loss of EUR0 .05 .,0,"['earnings', 'per', 'share', 'eps', 'amounted', 'to', 'a', 'loss', 'of', 'eur']"
1422,Earnings per share ( EPS ) amounted to a loss of EUR0 .38 .,0,"['earnings', 'per', 'share', 'eps', 'amounted', 'to', 'a', 'loss', 'of', 'eur']"
1423,Earnings per share ( EPS ) amounted to a loss of to EUR0 .06 .,0,"['earnings', 'per', 'share', 'eps', 'amounted', 'to', 'a', 'loss', 'of', 'to', 'eur']"
1424,Earnings per share were at loss of EUR0 .24 .,0,"['earnings', 'per', 'share', 'were', 'at', 'loss', 'of', 'eur']"
1425,Expense ratio was 102.6 % compared to 92.9 % in the corresponding period in 2005 .,0,"['expense', 'ratio', 'was', 'compared', 'to', 'in', 'the', 'corresponding', 'period', 'in']"
1426,Finnish automation solutions developer Cencorp Corporation ( OMX Helsinki : CNC1V ) issued on Thursday ( 18 September ) a profit warning for the third quarter of 2008 .,0,"['finnish', 'automation', 'solutions', 'developer', 'cencorp', 'corporation', 'omx', 'helsinki', 'cnc', 'v', 'issued', 'on', 'thursday', 'september', 'a', 'profit', 'warning', 'for', 'the', 'third', 'quarter', 'of']"
1427,Finnish communication electronics components supplier Scanfil Oyj Tuesday said sales in the first half of 2006 will be 15 % lower than during the same period a year ago .,0,"['finnish', 'communication', 'electronics', 'components', 'supplier', 'scanfil', 'oyj', 'tuesday', 'said', 'sales', 'in', 'the', 'first', 'half', 'of', 'will', 'be', 'lower', 'than', 'during', 'the', 'same', 'period', 'a', 'year', 'ago']"
1428,Finnish forest industry group Stora Enso Oyj issued on Thursday ( 20 March ) a profit warning for the first quarter 2008 .,0,"['finnish', 'forest', 'industry', 'group', 'stora', 'enso', 'oyj', 'issued', 'on', 'thursday', 'march', 'a', 'profit', 'warning', 'for', 'the', 'first', 'quarter']"
1429,Finnish technology company Raute Corporation ( OMX Helsinki : RUTAV ) issued on Tuesday ( 23 September ) a profit warning for the financial year 2008 .,0,"['finnish', 'technology', 'company', 'raute', 'corporation', 'omx', 'helsinki', 'rutav', 'issued', 'on', 'tuesday', 'september', 'a', 'profit', 'warning', 'for', 'the', 'financial', 'year']"
1430,"In Q1 of 2009 , the company 's operating loss totalled EUR 0.3 mn , compared to a profit of EUR 3.6 mn in Q1 of 2008 .",0,"['in', 'q', 'of', 'the', 'company', 's', 'operating', 'loss', 'totalled', 'eur', 'mn', 'compared', 'to', 'a', 'profit', 'of', 'eur', 'mn', 'in', 'q', 'of']"
1431,"In the reporting period , EPS stood at EUR0 .07 versus EUR0 .11 .",0,"['in', 'the', 'reporting', 'period', 'eps', 'stood', 'at', 'eur', 'versus', 'eur']"
1432,"Last year , 8.3 million passengers flew the airline , down 4 percent from 2007 .",0,"['last', 'year', 'million', 'passengers', 'flew', 'the', 'airline', 'down', 'percent', 'from']"
1433,"Loss after financial items totalled EUR 9.7 mn , compared to a profit of EUR 1.3 mn in the corresponding period in 2008 .",0,"['loss', 'after', 'financial', 'items', 'totalled', 'eur', 'mn', 'compared', 'to', 'a', 'profit', 'of', 'eur', 'mn', 'in', 'the', 'corresponding', 'period', 'in']"
1434,Loss for the period totalled EUR 15.6 mn compared to a profit of EUR 6.3 mn in 2008 .,0,"['loss', 'for', 'the', 'period', 'totalled', 'eur', 'mn', 'compared', 'to', 'a', 'profit', 'of', 'eur', 'mn', 'in']"
1435,"Myllykoski , with one paper plant in Finland , one in the US and three in Germany , had revenues of EUR286m in the first half of 2010 and an operating loss of EUR12m , Reuters said .",0,"['myllykoski', 'with', 'one', 'paper', 'plant', 'in', 'finland', 'one', 'in', 'the', 'us', 'and', 'three', 'in', 'germany', 'had', 'revenues', 'of', 'eur', 'm', 'in', 'the', 'first', 'half', 'of', 'and', 'an', 'operating', 'loss', 'of', 'eur', 'm', 'reuters', 'said']"
1436,Nokia Siemens Networks has struggled to make a profit in the past two years .,0,"['nokia', 'siemens', 'networks', 'has', 'struggled', 'to', 'make', 'a', 'profit', 'in', 'the', 'past', 'two', 'years']"
1437,Operating loss amounted to EUR 0.9 mn in the first half of 2006 compared to a profit of EUR 0.5 mn in the first half of 2005 .,0,"['operating', 'loss', 'amounted', 'to', 'eur', 'mn', 'in', 'the', 'first', 'half', 'of', 'compared', 'to', 'a', 'profit', 'of', 'eur', 'mn', 'in', 'the', 'first', 'half', 'of']"
1438,"Operating loss of the Pulp & Paper Machinery unit was over EUR 3mn in September 2007 - August 2008 , compared to a profit of EUR 3.7 mn a year earlier .",0,"['operating', 'loss', 'of', 'the', 'pulp', 'paper', 'machinery', 'unit', 'was', 'over', 'eur', 'mn', 'in', 'september', 'august', 'compared', 'to', 'a', 'profit', 'of', 'eur', 'mn', 'a', 'year', 'earlier']"
1439,Operating loss totaled EUR 0.3 mn compared to a profit of EUR 2.2 mn in the corresponding period in 2007 .,0,"['operating', 'loss', 'totaled', 'eur', 'mn', 'compared', 'to', 'a', 'profit', 'of', 'eur', 'mn', 'in', 'the', 'corresponding', 'period', 'in']"
1440,"Operating loss totaled EUR 0.8 mn , compared to a profit of EUR 0.5 mn .",0,"['operating', 'loss', 'totaled', 'eur', 'mn', 'compared', 'to', 'a', 'profit', 'of', 'eur', 'mn']"
1441,"Operating loss totalled EUR 12.7 mn , compared to a profit of EUR 17.7 mn in the first half of 2008 .",0,"['operating', 'loss', 'totalled', 'eur', 'mn', 'compared', 'to', 'a', 'profit', 'of', 'eur', 'mn', 'in', 'the', 'first', 'half', 'of']"
1442,"Operating loss totalled EUR 3.2 mn , compared to a profit of EUR 7.2 mn in the third quarter of 2008 .",0,"['operating', 'loss', 'totalled', 'eur', 'mn', 'compared', 'to', 'a', 'profit', 'of', 'eur', 'mn', 'in', 'the', 'third', 'quarter', 'of']"
1443,"Operating loss totalled EUR 4.0 mn , compared to a profit of EUR 8.6 mn in the second quarter of 2008 .",0,"['operating', 'loss', 'totalled', 'eur', 'mn', 'compared', 'to', 'a', 'profit', 'of', 'eur', 'mn', 'in', 'the', 'second', 'quarter', 'of']"
1444,"Operating loss totalled EUR 5.2 mn , compared to a loss of EUR 3.4 mn in the corresponding period in 2008-2009 .",0,"['operating', 'loss', 'totalled', 'eur', 'mn', 'compared', 'to', 'a', 'loss', 'of', 'eur', 'mn', 'in', 'the', 'corresponding', 'period', 'in']"
1445,"Operating profit before non-recurring items was EUR 8.3 mn in the first nine months of 2008 , compared to EUR 8.4 in the corresponding period in 2007 .",0,"['operating', 'profit', 'before', 'non', 'recurring', 'items', 'was', 'eur', 'mn', 'in', 'the', 'first', 'nine', 'months', 'of', 'compared', 'to', 'eur', 'in', 'the', 'corresponding', 'period', 'in']"
1446,Pretax loss totaled EUR 117mn compared to a loss of EUR 65mn in the corresponding period .,0,"['pretax', 'loss', 'totaled', 'eur', 'mn', 'compared', 'to', 'a', 'loss', 'of', 'eur', 'mn', 'in', 'the', 'corresponding', 'period']"
1447,Pretax loss totalled EUR 162.3 mn compared to a profit of EUR 253.5 mn in 2007 .,0,"['pretax', 'loss', 'totalled', 'eur', 'mn', 'compared', 'to', 'a', 'profit', 'of', 'eur', 'mn', 'in']"
1448,"Pretax loss totalled EUR 49.9 mn , compared to a loss of EUR 15.4 mn in the corresponding period in 2008 .",0,"['pretax', 'loss', 'totalled', 'eur', 'mn', 'compared', 'to', 'a', 'loss', 'of', 'eur', 'mn', 'in', 'the', 'corresponding', 'period', 'in']"
1449,Pretax profit totaled EUR 4.9 mn compared to EUR 5.2 mn in the first quarter of 2005 .,0,"['pretax', 'profit', 'totaled', 'eur', 'mn', 'compared', 'to', 'eur', 'mn', 'in', 'the', 'first', 'quarter', 'of']"
1450,"Publishing Sweden 's operating loss was EUR 1.1 mn in Q1 of 2009 , compared to a profit of EUR 0.6 mn a year ago .",0,"['publishing', 'sweden', 's', 'operating', 'loss', 'was', 'eur', 'mn', 'in', 'q', 'of', 'compared', 'to', 'a', 'profit', 'of', 'eur', 'mn', 'a', 'year', 'ago']"
1451,Raisio 's malting capacity was in full use in 2008 .,1,"['raisio', 's', 'malting', 'capacity', 'was', 'in', 'full', 'use', 'in']"
1452,"Raw materials prices have surged in the past year , fueled in part because of the rapid industrialization of China , India and other developing nations .",0,"['raw', 'materials', 'prices', 'have', 'surged', 'in', 'the', 'past', 'year', 'fueled', 'in', 'part', 'because', 'of', 'the', 'rapid', 'industrialization', 'of', 'china', 'india', 'and', 'other', 'developing', 'nations']"
1453,Rivals say Qualcomm has fewer patents on 3G phones than on earlier versions and should lower its rates .,0,"['rivals', 'say', 'qualcomm', 'has', 'fewer', 'patents', 'on', 'g', 'phones', 'than', 'on', 'earlier', 'versions', 'and', 'should', 'lower', 'its', 'rates']"
1454,The company reported today an operating loss of EUR0 .1 m on net sales of EUR4 .5 m for the first quarter 2008 .,0,"['the', 'company', 'reported', 'today', 'an', 'operating', 'loss', 'of', 'eur', 'm', 'on', 'net', 'sales', 'of', 'eur', 'm', 'for', 'the', 'first', 'quarter']"
1455,"The company 's annual loss amounted to EEK 18mn , compared to a profit of EEK 7.3 mn in 2008 .",0,"['the', 'company', 's', 'annual', 'loss', 'amounted', 'to', 'eek', 'mn', 'compared', 'to', 'a', 'profit', 'of', 'eek', 'mn', 'in']"
1456,"The fair value change of investment properties was EUR 15.8 mn , compared to EUR 22.9 mn in the third quarter of 2009 .",0,"['the', 'fair', 'value', 'change', 'of', 'investment', 'properties', 'was', 'eur', 'mn', 'compared', 'to', 'eur', 'mn', 'in', 'the', 'third', 'quarter', 'of']"
1457,The stock was hit by the profit warning of Finnish rival Rautaruukki Oyj ( OMX : RTRKS ) .,0,"['the', 'stock', 'was', 'hit', 'by', 'the', 'profit', 'warning', 'of', 'finnish', 'rival', 'rautaruukki', 'oyj', 'omx', 'rtrks']"
1458,Finnish Bank of +àland +àlandsbanken has issued a profit warning .,0,"['finnish', 'bank', 'of', 'land', 'landsbanken', 'has', 'issued', 'a', 'profit', 'warning']"
1459,Finnish forest machinery manufacturer Ponsse has issued a profit warning .,0,"['finnish', 'forest', 'machinery', 'manufacturer', 'ponsse', 'has', 'issued', 'a', 'profit', 'warning']"
1460,"Cerberus Capital Management LP-backed printing paper maker NewPage Corp. has posted mixed second-quarter results , casting a cloud over its planned initial public offering .",0,"['cerberus', 'capital', 'management', 'lp', 'backed', 'printing', 'paper', 'maker', 'newpage', 'corp', 'has', 'posted', 'mixed', 'second', 'quarter', 'results', 'casting', 'a', 'cloud', 'over', 'its', 'planned', 'initial', 'public', 'offering']"
1461,"Finnish electronics manufacturing services EMS company Elcoteq SE posted a net loss of 66.4 mln euro $ 91.2 mln for the first half of 2007 , compared to a net profit of 7.1 mln euro $ 9.8 mln for the same period of 2006 .",0,"['finnish', 'electronics', 'manufacturing', 'services', 'ems', 'company', 'elcoteq', 'se', 'posted', 'a', 'net', 'loss', 'of', 'mln', 'euro', 'mln', 'for', 'the', 'first', 'half', 'of', 'compared', 'to', 'a', 'net', 'profit', 'of', 'mln', 'euro', 'mln', 'for', 'the', 'same', 'period', 'of']"
1462,Finnish laboratory liquid handling and diagnostic test systems developer Biohit Oyj OMX Helsinki : BIOBV issued on Tuesday 3 June a profit warning for the financial year 2008 .,0,"['finnish', 'laboratory', 'liquid', 'handling', 'and', 'diagnostic', 'test', 'systems', 'developer', 'biohit', 'oyj', 'omx', 'helsinki', 'biobv', 'issued', 'on', 'tuesday', 'june', 'a', 'profit', 'warning', 'for', 'the', 'financial', 'year']"
1463,Finnish retail software developer Aldata Solution Oyj reported a net loss of 11.7 mln euro $ 17.2 mln for 2007 versus a net profit of 2.5 mln euro $ 3.7 mln for 2006 .,0,"['finnish', 'retail', 'software', 'developer', 'aldata', 'solution', 'oyj', 'reported', 'a', 'net', 'loss', 'of', 'mln', 'euro', 'mln', 'for', 'versus', 'a', 'net', 'profit', 'of', 'mln', 'euro', 'mln', 'for']"
1464,"Finnish textiles and clothing group Marimekko Oyj posted a net profit of 7.99 mln euro $ 10.4 mln for 2006 , compared to 8.4 mln euro $ 10.9 mln for 2005 .",0,"['finnish', 'textiles', 'and', 'clothing', 'group', 'marimekko', 'oyj', 'posted', 'a', 'net', 'profit', 'of', 'mln', 'euro', 'mln', 'for', 'compared', 'to', 'mln', 'euro', 'mln', 'for']"
1465,"In 2009 , Stora Enso 's net loss was EUR 879.7 million compared to EUR 673.4 million in the previous year .",0,"['in', 'stora', 'enso', 's', 'net', 'loss', 'was', 'eur', 'million', 'compared', 'to', 'eur', 'million', 'in', 'the', 'previous', 'year']"
1466,"In January-June 2010 , diluted loss per share stood at EUR0 .3 versus EUR0 .1 in the first half of 2009 .",0,"['in', 'january', 'june', 'diluted', 'loss', 'per', 'share', 'stood', 'at', 'eur', 'versus', 'eur', 'in', 'the', 'first', 'half', 'of']"
1467,"In October , UPM reported a third-quarter net loss of euro86 million $ 110 million compared with a net profit of euro120 million in 2007 .",0,"['in', 'october', 'upm', 'reported', 'a', 'third', 'quarter', 'net', 'loss', 'of', 'euro', 'million', 'million', 'compared', 'with', 'a', 'net', 'profit', 'of', 'euro', 'million', 'in']"
1468,Operating loss amounted to EUR 0.7 mn compared to a profit of EUR 0.8 mn in the second quarter of 2005 .,0,"['operating', 'loss', 'amounted', 'to', 'eur', 'mn', 'compared', 'to', 'a', 'profit', 'of', 'eur', 'mn', 'in', 'the', 'second', 'quarter', 'of']"
1469,"Operating loss before non-recurring items was EUR 0.9 mn , compared to a profit of EUR 11.5 mn in 2008 .",0,"['operating', 'loss', 'before', 'non', 'recurring', 'items', 'was', 'eur', 'mn', 'compared', 'to', 'a', 'profit', 'of', 'eur', 'mn', 'in']"
1470,"Operating profit margin was 8.3 % , compared to 11.8 % a year earlier .",0,"['operating', 'profit', 'margin', 'was', 'compared', 'to', 'a', 'year', 'earlier']"
1471,Operating profit was EUR 1.6 mn in 2005 compared to EUR 5.9 mn in 2004 .,0,"['operating', 'profit', 'was', 'eur', 'mn', 'in', 'compared', 'to', 'eur', 'mn', 'in']"
1472,"Operating result showed a loss of EUR 2.9 mn , while a year before , it showed a profit of EUR 0.6 mn .",0,"['operating', 'result', 'showed', 'a', 'loss', 'of', 'eur', 'mn', 'while', 'a', 'year', 'before', 'it', 'showed', 'a', 'profit', 'of', 'eur', 'mn']"
1473,Performance in 2006 was impacted by the consolidation trend in the telecom sector and the overall and structural changes in the contract manufacturing market in telecommunications technology and industrial electronics .,0,"['performance', 'in', 'was', 'impacted', 'by', 'the', 'consolidation', 'trend', 'in', 'the', 'telecom', 'sector', 'and', 'the', 'overall', 'and', 'structural', 'changes', 'in', 'the', 'contract', 'manufacturing', 'market', 'in', 'telecommunications', 'technology', 'and', 'industrial', 'electronics']"
1474,"Salcomp Oyj , the Finnish maker of mobile phone chargers , Monday posted a EUR1 .49 million loss in the second quarter compared with a 1.70 million profit in the same period the previous year .",0,"['salcomp', 'oyj', 'the', 'finnish', 'maker', 'of', 'mobile', 'phone', 'chargers', 'monday', 'posted', 'a', 'eur', 'million', 'loss', 'in', 'the', 'second', 'quarter', 'compared', 'with', 'a', 'million', 'profit', 'in', 'the', 'same', 'period', 'the', 'previous', 'year']"
1475,Scanfil has also issued a profit warning .,0,"['scanfil', 'has', 'also', 'issued', 'a', 'profit', 'warning']"
1476,Scanfil issued a profit warning on 10 April 2006 .,0,"['scanfil', 'issued', 'a', 'profit', 'warning', 'on', 'april']"
1477,"The operating loss amounted to EUR 0.8 mn , compared to a profit of EUR 3.9 mn a year earlier .",0,"['the', 'operating', 'loss', 'amounted', 'to', 'eur', 'mn', 'compared', 'to', 'a', 'profit', 'of', 'eur', 'mn', 'a', 'year', 'earlier']"
1478,"The period-end cash and cash equivalents totaled EUR6 .5 m , compared to EUR10 .5 m in the previous year .",0,"['the', 'period', 'end', 'cash', 'and', 'cash', 'equivalents', 'totaled', 'eur', 'm', 'compared', 'to', 'eur', 'm', 'in', 'the', 'previous', 'year']"
1479,"The poorest index figure was given to Finnish power company Fortum , 4.5 .",0,"['the', 'poorest', 'index', 'figure', 'was', 'given', 'to', 'finnish', 'power', 'company', 'fortum']"
1480,The real estate company posted a net loss of +ó  x201a -¼ 59.3 million +ó  x201a -¼ 0.21 per share compared with a net profit of +ó  x201a -¼ 31 million +ó  x201a -¼ 0.11 per share for the corresponding quarter of 2007 .,0,"['the', 'real', 'estate', 'company', 'posted', 'a', 'net', 'loss', 'of', 'x', 'a', 'million', 'x', 'a', 'per', 'share', 'compared', 'with', 'a', 'net', 'profit', 'of', 'x', 'a', 'million', 'x', 'a', 'per', 'share', 'for', 'the', 'corresponding', 'quarter', 'of']"
1481,"The tightened competition situation in the production automation market has affected net sales during 2006 , Cencorp said .",0,"['the', 'tightened', 'competition', 'situation', 'in', 'the', 'production', 'automation', 'market', 'has', 'affected', 'net', 'sales', 'during', 'cencorp', 'said']"
1482,"TietoEnator was down 1.13 pct to 18.38 , extending recent lows after last week 's second-quarter report , dealers said .",0,"['tietoenator', 'was', 'down', 'pct', 'to', 'extending', 'recent', 'lows', 'after', 'last', 'week', 's', 'second', 'quarter', 'report', 'dealers', 'said']"
1483,Operating profit excluding restructuring costs grew to EUR 44.5 million from EUR 31.7 million while operating profit including restructuring costs showed even larger growth to EUR 38.5 million from EUR 7.4 million .,1,"['operating', 'profit', 'excluding', 'restructuring', 'costs', 'grew', 'to', 'eur', 'million', 'from', 'eur', 'million', 'while', 'operating', 'profit', 'including', 'restructuring', 'costs', 'showed', 'even', 'larger', 'growth', 'to', 'eur', 'million', 'from', 'eur', 'million']"
1484,"Having a China based operation will not only enable us to fully leverage our resources and expertise in wireless solutions , but also strengthen our capability to offer industry-leading products for our customers in China . ''",1,"['having', 'a', 'china', 'based', 'operation', 'will', 'not', 'only', 'enable', 'us', 'to', 'fully', 'leverage', 'our', 'resources', 'and', 'expertise', 'in', 'wireless', 'solutions', 'but', 'also', 'strengthen', 'our', 'capability', 'to', 'offer', 'industry', 'leading', 'products', 'for', 'our', 'customers', 'in', 'china']"
1485,"Cost cutting measures , which have produced around EUR70m of savings over the past nine months , have dampened the airline 's loss , Finnair said .",1,"['cost', 'cutting', 'measures', 'which', 'have', 'produced', 'around', 'eur', 'm', 'of', 'savings', 'over', 'the', 'past', 'nine', 'months', 'have', 'dampened', 'the', 'airline', 's', 'loss', 'finnair', 'said']"
1486,The groups 's turnover for the full fiscal year is expected to show a slight increase from the previous fiscal year .,1,"['the', 'groups', 's', 'turnover', 'for', 'the', 'full', 'fiscal', 'year', 'is', 'expected', 'to', 'show', 'a', 'slight', 'increase', 'from', 'the', 'previous', 'fiscal', 'year']"
1487,The talks are aimed at restructuring operations and cutting costs .,1,"['the', 'talks', 'are', 'aimed', 'at', 'restructuring', 'operations', 'and', 'cutting', 'costs']"
1488,"Consolidated operating profit excluding one-off items was EUR 30.6 mn , up from EUR 29.6 mn a year earlier .",1,"['consolidated', 'operating', 'profit', 'excluding', 'one', 'off', 'items', 'was', 'eur', 'mn', 'up', 'from', 'eur', 'mn', 'a', 'year', 'earlier']"
1489,EBIT excluding non-recurring items was estimated to increase from 2009 .,1,"['ebit', 'excluding', 'non', 'recurring', 'items', 'was', 'estimated', 'to', 'increase', 'from']"
1490,Lean System supports change management and component purchasing extremely well .,1,"['lean', 'system', 'supports', 'change', 'management', 'and', 'component', 'purchasing', 'extremely', 'well']"
1491,Operating profit excluding non-recurring items increased by 27 % to EUR 81.9 mn from EUR 64.4 mn in the corresponding period in 2008 .,1,"['operating', 'profit', 'excluding', 'non', 'recurring', 'items', 'increased', 'by', 'to', 'eur', 'mn', 'from', 'eur', 'mn', 'in', 'the', 'corresponding', 'period', 'in']"
1492,This transaction will also rationalize our pulp and paper industry related solutions .,1,"['this', 'transaction', 'will', 'also', 'rationalize', 'our', 'pulp', 'and', 'paper', 'industry', 'related', 'solutions']"
1493,Cash flow from business operations totalled EUR 0.4 mn compared to a negative EUR 15.5 mn in the first half of 2008 .,1,"['cash', 'flow', 'from', 'business', 'operations', 'totalled', 'eur', 'mn', 'compared', 'to', 'a', 'negative', 'eur', 'mn', 'in', 'the', 'first', 'half', 'of']"
1494,"Cash flow from operations totalled EUR 2.71 mn , compared to a negative EUR 0.83 mn in the corresponding period in 2008 .",1,"['cash', 'flow', 'from', 'operations', 'totalled', 'eur', 'mn', 'compared', 'to', 'a', 'negative', 'eur', 'mn', 'in', 'the', 'corresponding', 'period', 'in']"
1495,"Cash flow from operations totalled EUR 7.4 mn , compared to a negative EUR 68.6 mn in the second quarter of 2008 .",1,"['cash', 'flow', 'from', 'operations', 'totalled', 'eur', 'mn', 'compared', 'to', 'a', 'negative', 'eur', 'mn', 'in', 'the', 'second', 'quarter', 'of']"
1496,"EBIT excluding non-recurring items , totalled EUR 67.8 mn , up from EUR 38.1 mn .",1,"['ebit', 'excluding', 'non', 'recurring', 'items', 'totalled', 'eur', 'mn', 'up', 'from', 'eur', 'mn']"
1497,"Finnish energy company Fortum Oyj said on November 13 , 2007 it was granted an environmental permit to build a biofuel-fired combined heat and power CHP plant in Vartan harbor in eastern Stockholm .",1,"['finnish', 'energy', 'company', 'fortum', 'oyj', 'said', 'on', 'november', 'it', 'was', 'granted', 'an', 'environmental', 'permit', 'to', 'build', 'a', 'biofuel', 'fired', 'combined', 'heat', 'and', 'power', 'chp', 'plant', 'in', 'vartan', 'harbor', 'in', 'eastern', 'stockholm']"
1498,"Following the transaction , Lundbeck has worldwide rights for nalmefene , excluding North America , Mexico , Turkey and South-Korea .",1,"['following', 'the', 'transaction', 'lundbeck', 'has', 'worldwide', 'rights', 'for', 'nalmefene', 'excluding', 'north', 'america', 'mexico', 'turkey', 'and', 'south', 'korea']"
1499,Nokia was up 0.12 pct to 16.70 eur after kicking off the morning in negative territory .,1,"['nokia', 'was', 'up', 'pct', 'to', 'eur', 'after', 'kicking', 'off', 'the', 'morning', 'in', 'negative', 'territory']"
1500,"Return on investment was 5.0 % , compared to a negative 4.1 % in 2009 .",1,"['return', 'on', 'investment', 'was', 'compared', 'to', 'a', 'negative', 'in']"
1501,The District Court of Helsinki dismissed all charges as the court of first instance in 2005 .,1,"['the', 'district', 'court', 'of', 'helsinki', 'dismissed', 'all', 'charges', 'as', 'the', 'court', 'of', 'first', 'instance', 'in']"
1502,"Thus the method will cut working costs , and will fasten the planning and building processes .",1,"['thus', 'the', 'method', 'will', 'cut', 'working', 'costs', 'and', 'will', 'fasten', 'the', 'planning', 'and', 'building', 'processes']"
1503,"By cutting the number of plants , the group will trim fixed costs .",1,"['by', 'cutting', 'the', 'number', 'of', 'plants', 'the', 'group', 'will', 'trim', 'fixed', 'costs']"
1504,"So far Norwegian Norske Skog has reduced the staff levels by 1,000 people and plans to reduce production by 200,000 tons in 2008 , while Finnish-Swedish Stora Enso is to cut staff by 1,700 people and production by 500,000 tons .",0,"['so', 'far', 'norwegian', 'norske', 'skog', 'has', 'reduced', 'the', 'staff', 'levels', 'by', 'people', 'and', 'plans', 'to', 'reduce', 'production', 'by', 'tons', 'in', 'while', 'finnish', 'swedish', 'stora', 'enso', 'is', 'to', 'cut', 'staff', 'by', 'people', 'and', 'production', 'by', 'tons']"
1505,25 March 2011 - Finnish electronics contract manufacturer Scanfil Oyj HEL : SCF1V said today its plan to merge wholly owned Scanfil EMS Group with Ojala-Yhtyma Oy has hit a snag as shareholders of the domestic rival rejected the deal .,0,"['march', 'finnish', 'electronics', 'contract', 'manufacturer', 'scanfil', 'oyj', 'hel', 'scf', 'v', 'said', 'today', 'its', 'plan', 'to', 'merge', 'wholly', 'owned', 'scanfil', 'ems', 'group', 'with', 'ojala', 'yhtyma', 'oy', 'has', 'hit', 'a', 'snag', 'as', 'shareholders', 'of', 'the', 'domestic', 'rival', 'rejected', 'the', 'deal']"
1506,Elisa CEO Sami Seppanen said EMT 's slogan `` Best coverage across Estonia '' clearly gives misleading information to consumers .,0,"['elisa', 'ceo', 'sami', 'seppanen', 'said', 'emt', 's', 'slogan', 'best', 'coverage', 'across', 'estonia', 'clearly', 'gives', 'misleading', 'information', 'to', 'consumers']"
1507,"In this case , the effect would be negative in Finland .",0,"['in', 'this', 'case', 'the', 'effect', 'would', 'be', 'negative', 'in', 'finland']"
1508,Nokia will certainly disagree with Qualcomm 's views on the patent situation .,0,"['nokia', 'will', 'certainly', 'disagree', 'with', 'qualcomm', 's', 'views', 'on', 'the', 'patent', 'situation']"
1509,"Outokumpu 's steel mill in Tornio , in Finland , is the suspected source .",0,"['outokumpu', 's', 'steel', 'mill', 'in', 'tornio', 'in', 'finland', 'is', 'the', 'suspected', 'source']"
1510,Possible personnel reductions concern approximately 104 people .,0,"['possible', 'personnel', 'reductions', 'concern', 'approximately', 'people']"
1511,"That 's what I go to bed worrying about every night , ' he said .",0,"['that', 's', 'what', 'i', 'go', 'to', 'bed', 'worrying', 'about', 'every', 'night', 'he', 'said']"
1512,The company initially estimated that it would cut up to 30 jobs .,0,"['the', 'company', 'initially', 'estimated', 'that', 'it', 'would', 'cut', 'up', 'to', 'jobs']"
1513,The number of bodily injury cases quadrupled in 2000-2006 .,0,"['the', 'number', 'of', 'bodily', 'injury', 'cases', 'quadrupled', 'in']"
1514,"According to Swedish authorities , traces of the very toxic osmium tetroxide have been found on the coast of Per+ñmeri , the Northernmost part of the Gulf of Bothnia .",0,"['according', 'to', 'swedish', 'authorities', 'traces', 'of', 'the', 'very', 'toxic', 'osmium', 'tetroxide', 'have', 'been', 'found', 'on', 'the', 'coast', 'of', 'per', 'meri', 'the', 'northernmost', 'part', 'of', 'the', 'gulf', 'of', 'bothnia']"
1515,Finnish airline Finnair is starting the temporary layoffs of cabin crews in February 2010 .,0,"['finnish', 'airline', 'finnair', 'is', 'starting', 'the', 'temporary', 'layoffs', 'of', 'cabin', 'crews', 'in', 'february']"
1516,"Finnish Food Workers ' Union SEL plans to hasten its collective bargaining with a two-day strike that would begin on 7 April 2010 , in Finland .",0,"['finnish', 'food', 'workers', 'union', 'sel', 'plans', 'to', 'hasten', 'its', 'collective', 'bargaining', 'with', 'a', 'two', 'day', 'strike', 'that', 'would', 'begin', 'on', 'april', 'in', 'finland']"
1517,Finnish M-real 's Kyro mill is starting negotiations to cut staff .,0,"['finnish', 'm', 'real', 's', 'kyro', 'mill', 'is', 'starting', 'negotiations', 'to', 'cut', 'staff']"
1518,"Finnish Suominen Flexible Packaging is cutting 48 jobs in its unit in Tampere and two in Nastola , in Finland .",0,"['finnish', 'suominen', 'flexible', 'packaging', 'is', 'cutting', 'jobs', 'in', 'its', 'unit', 'in', 'tampere', 'and', 'two', 'in', 'nastola', 'in', 'finland']"
1519,"In Finland , media group Talentum will start personnel negotiations to cut staff in parent company Talentum and publishing unit Talentum media .",0,"['in', 'finland', 'media', 'group', 'talentum', 'will', 'start', 'personnel', 'negotiations', 'to', 'cut', 'staff', 'in', 'parent', 'company', 'talentum', 'and', 'publishing', 'unit', 'talentum', 'media']"
1520,"According to Laavainen , Raisio 's food marketing used to be reactive and inconsistent .",0,"['according', 'to', 'laavainen', 'raisio', 's', 'food', 'marketing', 'used', 'to', 'be', 'reactive', 'and', 'inconsistent']"
1521,"Antti Orkola , president of Kemira GrowHow 's Industrial Solutions unit , told Thomson Financial News the company has put off opening the mine as prices of phosphate have been ` quite depressed for a long time ' . '",0,"['antti', 'orkola', 'president', 'of', 'kemira', 'growhow', 's', 'industrial', 'solutions', 'unit', 'told', 'thomson', 'financial', 'news', 'the', 'company', 'has', 'put', 'off', 'opening', 'the', 'mine', 'as', 'prices', 'of', 'phosphate', 'have', 'been', 'quite', 'depressed', 'for', 'a', 'long', 'time']"
1522,Applying for summer work is seen as laborious and stressful .,0,"['applying', 'for', 'summer', 'work', 'is', 'seen', 'as', 'laborious', 'and', 'stressful']"
1523,ArcelorMittal Chief Executive Officer Lakshmi Mittal has already cut output at some furnaces .,0,"['arcelormittal', 'chief', 'executive', 'officer', 'lakshmi', 'mittal', 'has', 'already', 'cut', 'output', 'at', 'some', 'furnaces']"
1524,"As a result , 12 people will be made redundant and a total of 67 persons are laid off temporarily .",0,"['as', 'a', 'result', 'people', 'will', 'be', 'made', 'redundant', 'and', 'a', 'total', 'of', 'persons', 'are', 'laid', 'off', 'temporarily']"
1525,As a result of these negotiations the company has decided to make 45 people redundant on financial and production grounds .,0,"['as', 'a', 'result', 'of', 'these', 'negotiations', 'the', 'company', 'has', 'decided', 'to', 'make', 'people', 'redundant', 'on', 'financial', 'and', 'production', 'grounds']"
1526,"As production of other products will continue normally , temporary lay-offs concern simultaneously at most 80 employees .",0,"['as', 'production', 'of', 'other', 'products', 'will', 'continue', 'normally', 'temporary', 'lay', 'offs', 'concern', 'simultaneously', 'at', 'most', 'employees']"
1527,Chief executive officer Olli-Pekka Kallasvuo 's changes on Tuesday mark the third time in nine months the company has reshuffled executives and operations as Nokia loses ground to Apple 's iPhone and RIM 's BlackBerry .,0,"['chief', 'executive', 'officer', 'olli', 'pekka', 'kallasvuo', 's', 'changes', 'on', 'tuesday', 'mark', 'the', 'third', 'time', 'in', 'nine', 'months', 'the', 'company', 'has', 'reshuffled', 'executives', 'and', 'operations', 'as', 'nokia', 'loses', 'ground', 'to', 'apple', 's', 'iphone', 'and', 'rim', 's', 'blackberry']"
1528,"Cuts equivalent to the costs of about 35-45 employees are the target , the company said .",0,"['cuts', 'equivalent', 'to', 'the', 'costs', 'of', 'about', 'employees', 'are', 'the', 'target', 'the', 'company', 'said']"
1529,EB announced in its stock exchange release on November 18th 2008 that J.T. Bergqvist has resigned from the chairmanship and membership of the Board of EB .,0,"['eb', 'announced', 'in', 'its', 'stock', 'exchange', 'release', 'on', 'november', 'th', 'that', 'j', 't', 'bergqvist', 'has', 'resigned', 'from', 'the', 'chairmanship', 'and', 'membership', 'of', 'the', 'board', 'of', 'eb']"
1530,"Finnish soapstone processing and fireplaces maker Tulikivi Oyj said on February 26 , 2007 it would cut less than 20 jobs from its fireplace sales organization , production facilities and its subsidiary Kermansavi Oy .",0,"['finnish', 'soapstone', 'processing', 'and', 'fireplaces', 'maker', 'tulikivi', 'oyj', 'said', 'on', 'february', 'it', 'would', 'cut', 'less', 'than', 'jobs', 'from', 'its', 'fireplace', 'sales', 'organization', 'production', 'facilities', 'and', 'its', 'subsidiary', 'kermansavi', 'oy']"
1531,"Finnish Suominen Flexible Packaging Ltd , owned by local textile company Suominen Corporation Group ( HEL : SUY1V ) , said today that it would start employee negotiations concerning its entire personnel in Finland .",0,"['finnish', 'suominen', 'flexible', 'packaging', 'ltd', 'owned', 'by', 'local', 'textile', 'company', 'suominen', 'corporation', 'group', 'hel', 'suy', 'v', 'said', 'today', 'that', 'it', 'would', 'start', 'employee', 'negotiations', 'concerning', 'its', 'entire', 'personnel', 'in', 'finland']"
1532,"Finnish Vaahto Group that provides paper-making technology and process machinery is starting negotiations concerning the temporary lay-offs of all 140 employees at the company 's plants in Hollola and Tampere , in Finland .",0,"['finnish', 'vaahto', 'group', 'that', 'provides', 'paper', 'making', 'technology', 'and', 'process', 'machinery', 'is', 'starting', 'negotiations', 'concerning', 'the', 'temporary', 'lay', 'offs', 'of', 'all', 'employees', 'at', 'the', 'company', 's', 'plants', 'in', 'hollola', 'and', 'tampere', 'in', 'finland']"
1533,He said he has been losing five families a month to the economy as many make alternative arrangements to save money .,0,"['he', 'said', 'he', 'has', 'been', 'losing', 'five', 'families', 'a', 'month', 'to', 'the', 'economy', 'as', 'many', 'make', 'alternative', 'arrangements', 'to', 'save', 'money']"
1534,"In addition , the production at the Varpaisj+â rvi factory will be stopped at the beginning of April 2009 .",0,"['in', 'addition', 'the', 'production', 'at', 'the', 'varpaisj', 'rvi', 'factory', 'will', 'be', 'stopped', 'at', 'the', 'beginning', 'of', 'april']"
1535,In addition the production personnel of the Sport Division have been given a temporary lay-off warning .,0,"['in', 'addition', 'the', 'production', 'personnel', 'of', 'the', 'sport', 'division', 'have', 'been', 'given', 'a', 'temporary', 'lay', 'off', 'warning']"
1536,"In Sweden , there is an oversupply of pharmacies .",0,"['in', 'sweden', 'there', 'is', 'an', 'oversupply', 'of', 'pharmacies']"
1537,Incap Furniture is presently negotiating staff cuts .,0,"['incap', 'furniture', 'is', 'presently', 'negotiating', 'staff', 'cuts']"
1538,"Initially , the company said a maximum of 15 people would be made redundant in the parent company and about 15 in its subsidiaries .",0,"['initially', 'the', 'company', 'said', 'a', 'maximum', 'of', 'people', 'would', 'be', 'made', 'redundant', 'in', 'the', 'parent', 'company', 'and', 'about', 'in', 'its', 'subsidiaries']"
1539,It is a disappointment to see the plan folded .,0,"['it', 'is', 'a', 'disappointment', 'to', 'see', 'the', 'plan', 'folded']"
1540,It is the most awkward thing to use if you 're holding the phone with one hand .,0,"['it', 'is', 'the', 'most', 'awkward', 'thing', 'to', 'use', 'if', 'you', 're', 'holding', 'the', 'phone', 'with', 'one', 'hand']"
1541,"Jul. 18 -- Police are looking for a man who they say terrorized three males at gunpoint on East Maple Avenue this afternoon , shooting one of them and kidnapping another .",0,"['jul', 'police', 'are', 'looking', 'for', 'a', 'man', 'who', 'they', 'say', 'terrorized', 'three', 'males', 'at', 'gunpoint', 'on', 'east', 'maple', 'avenue', 'this', 'afternoon', 'shooting', 'one', 'of', 'them', 'and', 'kidnapping', 'another']"
1542,Korhonen was dismissed from her post of editor in chief of the group 's newspaper Lapin Kansa in December 2008 .,0,"['korhonen', 'was', 'dismissed', 'from', 'her', 'post', 'of', 'editor', 'in', 'chief', 'of', 'the', 'group', 's', 'newspaper', 'lapin', 'kansa', 'in', 'december']"
1543,"Last year , UPM cut production , closed mills in Finland and slashed 700 jobs .",0,"['last', 'year', 'upm', 'cut', 'production', 'closed', 'mills', 'in', 'finland', 'and', 'slashed', 'jobs']"
1544,"( ADP News ) - Jan 27 , 2009 - Finnish industrial machinery company Vaahto Group Ltd Oyj ( HEL : WAT1S ) said today that its subsidiary Vaahto Ltd would cut 15 jobs in Finland .",0,"['adp', 'news', 'jan', 'finnish', 'industrial', 'machinery', 'company', 'vaahto', 'group', 'ltd', 'oyj', 'hel', 'wat', 's', 'said', 'today', 'that', 'its', 'subsidiary', 'vaahto', 'ltd', 'would', 'cut', 'jobs', 'in', 'finland']"
1545,"( ADPnews ) - Dec 1 , 2009 - Finnish cutlery and hand tools maker Fiskars Oyj Abp ( HEL : FISAS ) said today that it will make redundant a total of 18 office and management staff members of its subsidiary Iittala Group Ltd. .",0,"['adpnews', 'dec', 'finnish', 'cutlery', 'and', 'hand', 'tools', 'maker', 'fiskars', 'oyj', 'abp', 'hel', 'fisas', 'said', 'today', 'that', 'it', 'will', 'make', 'redundant', 'a', 'total', 'of', 'office', 'and', 'management', 'staff', 'members', 'of', 'its', 'subsidiary', 'iittala', 'group', 'ltd']"
1546,"More than 14,000 customers were left powerless .",0,"['more', 'than', 'customers', 'were', 'left', 'powerless']"
1547,Scanfil will execute the temporary lay-offs by mid-October 2009 and the job cuts by March 2010 .,0,"['scanfil', 'will', 'execute', 'the', 'temporary', 'lay', 'offs', 'by', 'mid', 'october', 'and', 'the', 'job', 'cuts', 'by', 'march']"
1548,"The company plans to close two of the three lines at the plant , where some 450 jobs are under threat .",0,"['the', 'company', 'plans', 'to', 'close', 'two', 'of', 'the', 'three', 'lines', 'at', 'the', 'plant', 'where', 'some', 'jobs', 'are', 'under', 'threat']"
1549,"The largest restructuring is planned for Italy , where negotiations on about 40 job cuts are to be initiated today , the company noted .",0,"['the', 'largest', 'restructuring', 'is', 'planned', 'for', 'italy', 'where', 'negotiations', 'on', 'about', 'job', 'cuts', 'are', 'to', 'be', 'initiated', 'today', 'the', 'company', 'noted']"
1550,The measures result from weak demand in the shipbuilding industry .,0,"['the', 'measures', 'result', 'from', 'weak', 'demand', 'in', 'the', 'shipbuilding', 'industry']"
1551,The production is to be liquidated before June 2009 and 325 employees loose their jobs .,0,"['the', 'production', 'is', 'to', 'be', 'liquidated', 'before', 'june', 'and', 'employees', 'loose', 'their', 'jobs']"
1552,"The prosecutor is also demanding Outokumpu pay a fine of EUR 800,000 at most .",0,"['the', 'prosecutor', 'is', 'also', 'demanding', 'outokumpu', 'pay', 'a', 'fine', 'of', 'eur', 'at', 'most']"
1553,"The pulp production in Finnish Kemij+ñrvi will also be liquidated and about 1,100 employees loose their jobs .",0,"['the', 'pulp', 'production', 'in', 'finnish', 'kemij', 'rvi', 'will', 'also', 'be', 'liquidated', 'and', 'about', 'employees', 'loose', 'their', 'jobs']"
1554,They are also upset that some of the machinery and work is taken over to Poland .,0,"['they', 'are', 'also', 'upset', 'that', 'some', 'of', 'the', 'machinery', 'and', 'work', 'is', 'taken', 'over', 'to', 'poland']"
1555,They will cover all Forest Industry 's units and employees in Finland and concern temporary and permanent lay-offs .,0,"['they', 'will', 'cover', 'all', 'forest', 'industry', 's', 'units', 'and', 'employees', 'in', 'finland', 'and', 'concern', 'temporary', 'and', 'permanent', 'lay', 'offs']"
1556,This is bad news for the barbeque season .,0,"['this', 'is', 'bad', 'news', 'for', 'the', 'barbeque', 'season']"
1557,"Tornio Works employs 2,300 of whom more than 1,800 have been in the scope of the fixed-period or part-time temporary layoffs in April-October period .",0,"['tornio', 'works', 'employs', 'of', 'whom', 'more', 'than', 'have', 'been', 'in', 'the', 'scope', 'of', 'the', 'fixed', 'period', 'or', 'part', 'time', 'temporary', 'layoffs', 'in', 'april', 'october', 'period']"
1558,"When the web user clicks on the link contained in the mail , he finds himself on a bogus site that imitates that of his bank , and which retrieves his personal banking data .",0,"['when', 'the', 'web', 'user', 'clicks', 'on', 'the', 'link', 'contained', 'in', 'the', 'mail', 'he', 'finds', 'himself', 'on', 'a', 'bogus', 'site', 'that', 'imitates', 'that', 'of', 'his', 'bank', 'and', 'which', 'retrieves', 'his', 'personal', 'banking', 'data']"
1559,Viking Line has canceled some services .,0,"['viking', 'line', 'has', 'canceled', 'some', 'services']"
1560,"`` Neste Oil has responded to the challenge posed by the European Union 's target of biofuels accounting for 5.8 % of traffic fuel usage in the EU by 2010 by developing its NExBTL technology for producing diesel fuel from renewables , '' the federation said .",1,"['neste', 'oil', 'has', 'responded', 'to', 'the', 'challenge', 'posed', 'by', 'the', 'european', 'union', 's', 'target', 'of', 'biofuels', 'accounting', 'for', 'of', 'traffic', 'fuel', 'usage', 'in', 'the', 'eu', 'by', 'by', 'developing', 'its', 'nexbtl', 'technology', 'for', 'producing', 'diesel', 'fuel', 'from', 'renewables', 'the', 'federation', 'said']"
1561,"`` There 's the issue of thieves stealing them from building sites , '' said Mr Smith .",0,"['there', 's', 'the', 'issue', 'of', 'thieves', 'stealing', 'them', 'from', 'building', 'sites', 'said', 'mr', 'smith']"
1562,30 November 2009 - Finnish office furniture maker Martela Oyj HEL : MARAS said today that it will make redundant three people and other nine will be laid off permanently from the company 's office staff and factory workers .,0,"['november', 'finnish', 'office', 'furniture', 'maker', 'martela', 'oyj', 'hel', 'maras', 'said', 'today', 'that', 'it', 'will', 'make', 'redundant', 'three', 'people', 'and', 'other', 'nine', 'will', 'be', 'laid', 'off', 'permanently', 'from', 'the', 'company', 's', 'office', 'staff', 'and', 'factory', 'workers']"
1563,"After Chuck Smith was laid off on May 30 from his $ 90,000 housing consultant job , he and his wife had to cut spending in half for their family of six , having to rely on his wife 's income -- about the same as his -- alone .",0,"['after', 'chuck', 'smith', 'was', 'laid', 'off', 'on', 'may', 'from', 'his', 'housing', 'consultant', 'job', 'he', 'and', 'his', 'wife', 'had', 'to', 'cut', 'spending', 'in', 'half', 'for', 'their', 'family', 'of', 'six', 'having', 'to', 'rely', 'on', 'his', 'wife', 's', 'income', 'about', 'the', 'same', 'as', 'his', 'alone']"
1564,"Belarus OAO Lidskoe Pivo brewery , based in the Grodno Region , reported a 1.1 % decrease in output to 1.045 million decaliters in January-March 2010 , a representative in the administration of the company told .",0,"['belarus', 'oao', 'lidskoe', 'pivo', 'brewery', 'based', 'in', 'the', 'grodno', 'region', 'reported', 'a', 'decrease', 'in', 'output', 'to', 'million', 'decaliters', 'in', 'january', 'march', 'a', 'representative', 'in', 'the', 'administration', 'of', 'the', 'company', 'told']"
1565,"However , the suspect stole his burgundy Nissan Altima .",0,"['however', 'the', 'suspect', 'stole', 'his', 'burgundy', 'nissan', 'altima']"
1566,"In a media advisory , the NTSB said that after subsequent testing , `` the train detection system intermittently failed . ''",0,"['in', 'a', 'media', 'advisory', 'the', 'ntsb', 'said', 'that', 'after', 'subsequent', 'testing', 'the', 'train', 'detection', 'system', 'intermittently', 'failed']"
1567,"In Finland , snow storms brought trees down on power lines , cutting off electricity for some 2,000 households .",0,"['in', 'finland', 'snow', 'storms', 'brought', 'trees', 'down', 'on', 'power', 'lines', 'cutting', 'off', 'electricity', 'for', 'some', 'households']"
1568,Layoffs will also take place at the Suomussalmi and Kuhmo plants this autumn as a result of codetermination negotiations held there .,0,"['layoffs', 'will', 'also', 'take', 'place', 'at', 'the', 'suomussalmi', 'and', 'kuhmo', 'plants', 'this', 'autumn', 'as', 'a', 'result', 'of', 'codetermination', 'negotiations', 'held', 'there']"
1569,Metso estimates the need for personnel reductions to amount to 25 people .,0,"['metso', 'estimates', 'the', 'need', 'for', 'personnel', 'reductions', 'to', 'amount', 'to', 'people']"
1570,Most of the layoffs will be in Finland .,0,"['most', 'of', 'the', 'layoffs', 'will', 'be', 'in', 'finland']"
1571,"Most of the permanent layoffs will be in the plywood and sawn timber sectors of the Finnish company 's operations at several domestic mills , where earlier this year it temporarily laid off some 1,200 workers to save costs .",0,"['most', 'of', 'the', 'permanent', 'layoffs', 'will', 'be', 'in', 'the', 'plywood', 'and', 'sawn', 'timber', 'sectors', 'of', 'the', 'finnish', 'company', 's', 'operations', 'at', 'several', 'domestic', 'mills', 'where', 'earlier', 'this', 'year', 'it', 'temporarily', 'laid', 'off', 'some', 'workers', 'to', 'save', 'costs']"
1572,"Paper companies were in negative territories , with Stora Enso R shedding 1.62 pct to 12.73 eur , UPM-Kymmene down 0.80 pct at 18.64 eur and M-real B 0.18 pct lower at 5.57 eur .",0,"['paper', 'companies', 'were', 'in', 'negative', 'territories', 'with', 'stora', 'enso', 'r', 'shedding', 'pct', 'to', 'eur', 'upm', 'kymmene', 'down', 'pct', 'at', 'eur', 'and', 'm', 'real', 'b', 'pct', 'lower', 'at', 'eur']"
1573,The current reference grade instruments are challenging to operate due to their high price and complexity for routine use .,0,"['the', 'current', 'reference', 'grade', 'instruments', 'are', 'challenging', 'to', 'operate', 'due', 'to', 'their', 'high', 'price', 'and', 'complexity', 'for', 'routine', 'use']"
1574,"The dollar fell , though , against the pound and the yen .",0,"['the', 'dollar', 'fell', 'though', 'against', 'the', 'pound', 'and', 'the', 'yen']"
1575,The number of salaried employees and group administration employees to be dismissed from the Sievi units is 17 .,0,"['the', 'number', 'of', 'salaried', 'employees', 'and', 'group', 'administration', 'employees', 'to', 'be', 'dismissed', 'from', 'the', 'sievi', 'units', 'is']"
1576,The total number of filling stations has been on the decrease recently .,0,"['the', 'total', 'number', 'of', 'filling', 'stations', 'has', 'been', 'on', 'the', 'decrease', 'recently']"
1577,"We have also cut our price projections for paper and packaging , '' an analyst with Goldman Sachs said on a note on Monday .",0,"['we', 'have', 'also', 'cut', 'our', 'price', 'projections', 'for', 'paper', 'and', 'packaging', 'an', 'analyst', 'with', 'goldman', 'sachs', 'said', 'on', 'a', 'note', 'on', 'monday']"
1578,Finnish industrial group Ruukki Group has brought counter action against Finnish metal company Rautaruukki in the dispute concerning the names of the companies .,0,"['finnish', 'industrial', 'group', 'ruukki', 'group', 'has', 'brought', 'counter', 'action', 'against', 'finnish', 'metal', 'company', 'rautaruukki', 'in', 'the', 'dispute', 'concerning', 'the', 'names', 'of', 'the', 'companies']"
1579,Border Guard Service has banned the mooring of the company car-shipping ferry on its test travel at the railroad-car terminal of the Russian port as the border checkpoint is not yet ready .,0,"['border', 'guard', 'service', 'has', 'banned', 'the', 'mooring', 'of', 'the', 'company', 'car', 'shipping', 'ferry', 'on', 'its', 'test', 'travel', 'at', 'the', 'railroad', 'car', 'terminal', 'of', 'the', 'russian', 'port', 'as', 'the', 'border', 'checkpoint', 'is', 'not', 'yet', 'ready']"
1580,`` Those uncertainties cloud the long-term outlook . '',0,"['those', 'uncertainties', 'cloud', 'the', 'long', 'term', 'outlook']"
1581,"20 October 2010 - Finnish environmental management company Lassila & Tikanoja Oyj HEL : LAT1V , or L&T , said Monday it expects its operating profit , excluding non-recurring items , for the whole 2010 to be slightly lower than in 2009 .",0,"['october', 'finnish', 'environmental', 'management', 'company', 'lassila', 'tikanoja', 'oyj', 'hel', 'lat', 'v', 'or', 'l', 't', 'said', 'monday', 'it', 'expects', 'its', 'operating', 'profit', 'excluding', 'non', 'recurring', 'items', 'for', 'the', 'whole', 'to', 'be', 'slightly', 'lower', 'than', 'in']"
1582,"According to Finnish petrol station chain St1 's managing director Kim Wiio , the company was forced to make purchases with rising prices in the first half of 2008 , and now consumer prices are going down almost daily due to competition .",0,"['according', 'to', 'finnish', 'petrol', 'station', 'chain', 'st', 's', 'managing', 'director', 'kim', 'wiio', 'the', 'company', 'was', 'forced', 'to', 'make', 'purchases', 'with', 'rising', 'prices', 'in', 'the', 'first', 'half', 'of', 'and', 'now', 'consumer', 'prices', 'are', 'going', 'down', 'almost', 'daily', 'due', 'to', 'competition']"
1583,"According to the Latvian business register , Uponor Latvia closed in red with LVL 99,000 EUR 139,538.17 USD 194,556.48 on turnover of LVL 2.346 mn for 2009 .",0,"['according', 'to', 'the', 'latvian', 'business', 'register', 'uponor', 'latvia', 'closed', 'in', 'red', 'with', 'lvl', 'eur', 'usd', 'on', 'turnover', 'of', 'lvl', 'mn', 'for']"
1584,"Dolce & Gabbana has asked the European Union to declare Marimekko Corporation 's `` Unikko '' floral pattern trademark invalid , in a continuing dispute between the two companies .",0,"['dolce', 'gabbana', 'has', 'asked', 'the', 'european', 'union', 'to', 'declare', 'marimekko', 'corporation', 's', 'unikko', 'floral', 'pattern', 'trademark', 'invalid', 'in', 'a', 'continuing', 'dispute', 'between', 'the', 'two', 'companies']"
1585,Finnair said that the cancellation of flights would cause daily losses of  x20ac 2.5 million US$ 3 million .,0,"['finnair', 'said', 'that', 'the', 'cancellation', 'of', 'flights', 'would', 'cause', 'daily', 'losses', 'of', 'x', 'ac', 'million', 'us', 'million']"
1586,"Food sales totalled EUR 323.5 mn in October 2009 , representing a decrease of 5.5 % from October 2008 .",0,"['food', 'sales', 'totalled', 'eur', 'mn', 'in', 'october', 'representing', 'a', 'decrease', 'of', 'from', 'october']"
1587,"ADP News - May 29 , 2009 - Bank of America BofA downgraded today its ratings on Swedish-Finnish paper maker Stora Enso Oyj HEL : STERV and on Finnish sector player UPM-Kymmene Oyj HEL : UPM1V to `` underperf",0,"['adp', 'news', 'may', 'bank', 'of', 'america', 'bofa', 'downgraded', 'today', 'its', 'ratings', 'on', 'swedish', 'finnish', 'paper', 'maker', 'stora', 'enso', 'oyj', 'hel', 'sterv', 'and', 'on', 'finnish', 'sector', 'player', 'upm', 'kymmene', 'oyj', 'hel', 'upm', 'v', 'to', 'underperf']"
1588,Operating profit excluding non-recurring items totaled EUR 5.4 mn compared to EUR 5.5 mn in the corresponding period in 2007 .,0,"['operating', 'profit', 'excluding', 'non', 'recurring', 'items', 'totaled', 'eur', 'mn', 'compared', 'to', 'eur', 'mn', 'in', 'the', 'corresponding', 'period', 'in']"
1589,"Raute reported a loss per share of EUR0 .86 for the first half of 2009 , against EPS of EUR0 .74 in the corresponding period of 2008 .",0,"['raute', 'reported', 'a', 'loss', 'per', 'share', 'of', 'eur', 'for', 'the', 'first', 'half', 'of', 'against', 'eps', 'of', 'eur', 'in', 'the', 'corresponding', 'period', 'of']"
1590,The air traffic of Finland has been in stoppage since then .,0,"['the', 'air', 'traffic', 'of', 'finland', 'has', 'been', 'in', 'stoppage', 'since', 'then']"
1591,The hack had been extra nefarious because the tweets activated without being clicked on - it was enough for Web surfers to move their mouse cursors over them .,0,"['the', 'hack', 'had', 'been', 'extra', 'nefarious', 'because', 'the', 'tweets', 'activated', 'without', 'being', 'clicked', 'on', 'it', 'was', 'enough', 'for', 'web', 'surfers', 'to', 'move', 'their', 'mouse', 'cursors', 'over', 'them']"
1592,The move was triggered by weak demand for forestry equipment and the uncertain market situation .,0,"['the', 'move', 'was', 'triggered', 'by', 'weak', 'demand', 'for', 'forestry', 'equipment', 'and', 'the', 'uncertain', 'market', 'situation']"
1593,The situation of coated magazine printing paper will continue to be weak .,0,"['the', 'situation', 'of', 'coated', 'magazine', 'printing', 'paper', 'will', 'continue', 'to', 'be', 'weak']"
1594,A high court in Finland has fined seven local asphalt companies more than   lion ( $ 117 million ) for operating a cartel .,0,"['a', 'high', 'court', 'in', 'finland', 'has', 'fined', 'seven', 'local', 'asphalt', 'companies', 'more', 'than', 'lion', 'million', 'for', 'operating', 'a', 'cartel']"
1595,"The Estonian electronic components factory , Elcoteq , is running out of material because of the closure of air traffic .",0,"['the', 'estonian', 'electronic', 'components', 'factory', 'elcoteq', 'is', 'running', 'out', 'of', 'material', 'because', 'of', 'the', 'closure', 'of', 'air', 'traffic']"
1596,"All the ferries had run into trouble just outside the Stockholm archipelago , made up of more than 20,000 islands .",0,"['all', 'the', 'ferries', 'had', 'run', 'into', 'trouble', 'just', 'outside', 'the', 'stockholm', 'archipelago', 'made', 'up', 'of', 'more', 'than', 'islands']"
1597,And U.S. energy executives say high steel prices are threatening energy exploration .,0,"['and', 'u', 's', 'energy', 'executives', 'say', 'high', 'steel', 'prices', 'are', 'threatening', 'energy', 'exploration']"
1598,"As capacity was cut with 1.4 % , the passenger load factor was down 7.8 percentage points .",0,"['as', 'capacity', 'was', 'cut', 'with', 'the', 'passenger', 'load', 'factor', 'was', 'down', 'percentage', 'points']"
1599,"At present , the trade mark Pit-Produkt is little-known outside the North-West of Russia .",0,"['at', 'present', 'the', 'trade', 'mark', 'pit', 'produkt', 'is', 'little', 'known', 'outside', 'the', 'north', 'west', 'of', 'russia']"
1600,"Copper , lead and nickel also dropped ... HBOS ( HBOS ) plummeted 20 % to 70.3 pence after saying this year+ó ??",0,"['copper', 'lead', 'and', 'nickel', 'also', 'dropped', 'hbos', 'hbos', 'plummeted', 'to', 'pence', 'after', 'saying', 'this', 'year']"
1601,"Divisional sales demand in the half remained `` inconsistent '' , it added .",0,"['divisional', 'sales', 'demand', 'in', 'the', 'half', 'remained', 'inconsistent', 'it', 'added']"
1602,"During the strike , Finnair estimates to incur a net loss of between EUR2m and EUR2 .5 m per day .",0,"['during', 'the', 'strike', 'finnair', 'estimates', 'to', 'incur', 'a', 'net', 'loss', 'of', 'between', 'eur', 'm', 'and', 'eur', 'm', 'per', 'day']"
1603,Earnings per share ( EPS ) dropped to EUR 0.21 from EUR 0.31 .,0,"['earnings', 'per', 'share', 'eps', 'dropped', 'to', 'eur', 'from', 'eur']"
1604,EMSA Deputy Chairman of the Board Juri Lember told BNS on Wednesday that this was the first time he heard about the strike as the Swedish side had not informed the Estonian union yet .,0,"['emsa', 'deputy', 'chairman', 'of', 'the', 'board', 'juri', 'lember', 'told', 'bns', 'on', 'wednesday', 'that', 'this', 'was', 'the', 'first', 'time', 'he', 'heard', 'about', 'the', 'strike', 'as', 'the', 'swedish', 'side', 'had', 'not', 'informed', 'the', 'estonian', 'union', 'yet']"
1605,"Finnair 's passenger load factor , which measures the number of sold seats as a share of all available seats , dropped by 1.3 percentage points to 76.7 % in September .",0,"['finnair', 's', 'passenger', 'load', 'factor', 'which', 'measures', 'the', 'number', 'of', 'sold', 'seats', 'as', 'a', 'share', 'of', 'all', 'available', 'seats', 'dropped', 'by', 'percentage', 'points', 'to', 'in', 'september']"
1606,"Frost sold shares for $ 19 million at $ 6.06-7 .12 per share , compared with Friday 's high of $ 11.33 and low of $ 10.14 .",0,"['frost', 'sold', 'shares', 'for', 'million', 'at', 'per', 'share', 'compared', 'with', 'friday', 's', 'high', 'of', 'and', 'low', 'of']"
1607,Full-year operating result for 2008 was 3.6 million negative .,0,"['full', 'year', 'operating', 'result', 'for', 'was', 'million', 'negative']"
1608,Glaston 's net profit for the third quarter of 2007 dropped to 2.4 mln euro ( $ 3.5 mln ) from 3.5 mln euro ( $ 5.1 mln ) for the corresponding period of 2006 .,0,"['glaston', 's', 'net', 'profit', 'for', 'the', 'third', 'quarter', 'of', 'dropped', 'to', 'mln', 'euro', 'mln', 'from', 'mln', 'euro', 'mln', 'for', 'the', 'corresponding', 'period', 'of']"
1609,"In Q1 of 2009 , the company 's result before taxes from continuing operations , excluding non-recurring items , totalled EUR -0.4 mn , compared to EUR -0.1 mn in the corresponding period in 2008 .",0,"['in', 'q', 'of', 'the', 'company', 's', 'result', 'before', 'taxes', 'from', 'continuing', 'operations', 'excluding', 'non', 'recurring', 'items', 'totalled', 'eur', 'mn', 'compared', 'to', 'eur', 'mn', 'in', 'the', 'corresponding', 'period', 'in']"
1610,Kone said in court papers that the union action delayed repairs to elevators at the federal courthouse on Jan. 21 and the Saltonstall state office building on Jan. 23 .,0,"['kone', 'said', 'in', 'court', 'papers', 'that', 'the', 'union', 'action', 'delayed', 'repairs', 'to', 'elevators', 'at', 'the', 'federal', 'courthouse', 'on', 'jan', 'and', 'the', 'saltonstall', 'state', 'office', 'building', 'on', 'jan']"
1611,L&T 's net profit for the whole 2010 dropped to EUR 36 million from EUR 45 million for 2009 .,0,"['l', 't', 's', 'net', 'profit', 'for', 'the', 'whole', 'dropped', 'to', 'eur', 'million', 'from', 'eur', 'million', 'for']"
1612,"Lassila & Tikanoja 's operating profit excluding non-recurring and imputed items for the second quarter was EUR11 .3 m , down from EUR13 .8 m a year ago .",0,"['lassila', 'tikanoja', 's', 'operating', 'profit', 'excluding', 'non', 'recurring', 'and', 'imputed', 'items', 'for', 'the', 'second', 'quarter', 'was', 'eur', 'm', 'down', 'from', 'eur', 'm', 'a', 'year', 'ago']"
1613,Last year 's third quarter result had been burdened by costs stemming from restructuring in the US .,0,"['last', 'year', 's', 'third', 'quarter', 'result', 'had', 'been', 'burdened', 'by', 'costs', 'stemming', 'from', 'restructuring', 'in', 'the', 'us']"
1614,"Many of the commercial vessels had got stuck in the narrow Bay of Bothnia , where the ice is thicker , and around the Aaland islands .",0,"['many', 'of', 'the', 'commercial', 'vessels', 'had', 'got', 'stuck', 'in', 'the', 'narrow', 'bay', 'of', 'bothnia', 'where', 'the', 'ice', 'is', 'thicker', 'and', 'around', 'the', 'aaland', 'islands']"
1615,"Net cash flow from operating activities was a negative EUR 3.1 mn , compared to EUR 23.3 mn in the corresponding period in 2009 .",0,"['net', 'cash', 'flow', 'from', 'operating', 'activities', 'was', 'a', 'negative', 'eur', 'mn', 'compared', 'to', 'eur', 'mn', 'in', 'the', 'corresponding', 'period', 'in']"
1616,"Net cash from operating activities was a negative EUR 0.3 mn , compared to EUR 30.9 mn in 2009 .",0,"['net', 'cash', 'from', 'operating', 'activities', 'was', 'a', 'negative', 'eur', 'mn', 'compared', 'to', 'eur', 'mn', 'in']"
1617,Net sales dropped by 6 % year-on-year to EUR 11.9 million .,0,"['net', 'sales', 'dropped', 'by', 'year', 'on', 'year', 'to', 'eur', 'million']"
1618,Net sales have been eaten by the weak US dollar .,0,"['net', 'sales', 'have', 'been', 'eaten', 'by', 'the', 'weak', 'us', 'dollar']"
1619,"Nordic banks have already had to write off sizable loans in Latvia , with Swedbank , Nordea , DnB NOR and SEB reporting combined losses in excess of $ 1.35 billion in the period 2007 to 2010 against a backdrop of near economic meltdown in Latvia .",0,"['nordic', 'banks', 'have', 'already', 'had', 'to', 'write', 'off', 'sizable', 'loans', 'in', 'latvia', 'with', 'swedbank', 'nordea', 'dnb', 'nor', 'and', 'seb', 'reporting', 'combined', 'losses', 'in', 'excess', 'of', 'billion', 'in', 'the', 'period', 'to', 'against', 'a', 'backdrop', 'of', 'near', 'economic', 'meltdown', 'in', 'latvia']"
1620,Okmetic expects its net sales for the first half of 2009 to be less than in 2008 .,0,"['okmetic', 'expects', 'its', 'net', 'sales', 'for', 'the', 'first', 'half', 'of', 'to', 'be', 'less', 'than', 'in']"
1621,"On top of that , the US Commerce Department published worse-than-expected construction spending figures for November .",0,"['on', 'top', 'of', 'that', 'the', 'us', 'commerce', 'department', 'published', 'worse', 'than', 'expected', 'construction', 'spending', 'figures', 'for', 'november']"
1622,"Operating profit , excluding non-recurring items , totaled EUR 0.2 mn , down from EUR 0.8 mn in the corresponding period in 2006 .",0,"['operating', 'profit', 'excluding', 'non', 'recurring', 'items', 'totaled', 'eur', 'mn', 'down', 'from', 'eur', 'mn', 'in', 'the', 'corresponding', 'period', 'in']"
1623,"Operating profit , excluding non-recurring items , totalled EUR 1.0 mn , down from EUR 1.6 mn .",0,"['operating', 'profit', 'excluding', 'non', 'recurring', 'items', 'totalled', 'eur', 'mn', 'down', 'from', 'eur', 'mn']"
1624,"Operating profit , excluding non-recurring items , totalled EUR 2.2 mn , down from EUR 2.7 mn in the corresponding period in 2008 .",0,"['operating', 'profit', 'excluding', 'non', 'recurring', 'items', 'totalled', 'eur', 'mn', 'down', 'from', 'eur', 'mn', 'in', 'the', 'corresponding', 'period', 'in']"
1625,"Operating profit excluding non-recurring items amounted to EUR 40.6 mn , down from EUR 57.3 mn year-on-year .",0,"['operating', 'profit', 'excluding', 'non', 'recurring', 'items', 'amounted', 'to', 'eur', 'mn', 'down', 'from', 'eur', 'mn', 'year', 'on', 'year']"
1626,Operating profit excluding non-recurring items was EUR 7.8 million compared to EUR 11.2 million .,0,"['operating', 'profit', 'excluding', 'non', 'recurring', 'items', 'was', 'eur', 'million', 'compared', 'to', 'eur', 'million']"
1627,Relations with the City have been further damaged by comments from Mr Ashley criticising City investors and analysts as `` cry babies '' .,0,"['relations', 'with', 'the', 'city', 'have', 'been', 'further', 'damaged', 'by', 'comments', 'from', 'mr', 'ashley', 'criticising', 'city', 'investors', 'and', 'analysts', 'as', 'cry', 'babies']"
1628,Reported operating margin was a negative 5.9 % .,0,"['reported', 'operating', 'margin', 'was', 'a', 'negative']"
1629,Stora Chief Executive Jouko Karvinen has described the Russian tariff hikes as a threat to the future of the forest products industry in Finland .,0,"['stora', 'chief', 'executive', 'jouko', 'karvinen', 'has', 'described', 'the', 'russian', 'tariff', 'hikes', 'as', 'a', 'threat', 'to', 'the', 'future', 'of', 'the', 'forest', 'products', 'industry', 'in', 'finland']"
1630,Swedbank 's shares have been hardest hit of the Swedish banks by the ongoing international financial crisis .,0,"['swedbank', 's', 'shares', 'have', 'been', 'hardest', 'hit', 'of', 'the', 'swedish', 'banks', 'by', 'the', 'ongoing', 'international', 'financial', 'crisis']"
1631,The acquisition of +àlandsbanken Sverige in 2009 burdened the performance with EUR 3.0 mn .,0,"['the', 'acquisition', 'of', 'landsbanken', 'sverige', 'in', 'burdened', 'the', 'performance', 'with', 'eur', 'mn']"
1632,"The currency effect had a 3.0 pct , or 20 mln euro ( $ 31.3 mln ) , negative impact on the revenue .",0,"['the', 'currency', 'effect', 'had', 'a', 'pct', 'or', 'mln', 'euro', 'mln', 'negative', 'impact', 'on', 'the', 'revenue']"
1633,The Finnish company previously said its operating result will be lower than the break-even posted a year earlier .,0,"['the', 'finnish', 'company', 'previously', 'said', 'its', 'operating', 'result', 'will', 'be', 'lower', 'than', 'the', 'break', 'even', 'posted', 'a', 'year', 'earlier']"
1634,The maritime administration said the ships had ignored warnings about the icy conditions .,0,"['the', 'maritime', 'administration', 'said', 'the', 'ships', 'had', 'ignored', 'warnings', 'about', 'the', 'icy', 'conditions']"
1635,"The offer , deemed too low by Finnlines ' board , stands until 4 pm tomorrow .",0,"['the', 'offer', 'deemed', 'too', 'low', 'by', 'finnlines', 'board', 'stands', 'until', 'pm', 'tomorrow']"
1636,"The period 's sales dropped to EUR 30.6 million from EUR 38.3 million , according to the interim report , released today .",0,"['the', 'period', 's', 'sales', 'dropped', 'to', 'eur', 'million', 'from', 'eur', 'million', 'according', 'to', 'the', 'interim', 'report', 'released', 'today']"
1637,The recent troubles simply make NETeller cheaper .,0,"['the', 'recent', 'troubles', 'simply', 'make', 'neteller', 'cheaper']"
1638,The union filed a grievance over the company 's overtime assignment policies .,0,"['the', 'union', 'filed', 'a', 'grievance', 'over', 'the', 'company', 's', 'overtime', 'assignment', 'policies']"
1639,"Therefore , the company 's 2005 result will remain weaker than that of 2004 .",0,"['therefore', 'the', 'company', 's', 'result', 'will', 'remain', 'weaker', 'than', 'that', 'of']"
1640,Vaisala 's net profit for the third quarter of 2007 dropped to 3.0 mln euro ( $ 4.3 mln ) from 6.8 mln euro ( $ 9.8 mln ) for the same period of 2006 .,0,"['vaisala', 's', 'net', 'profit', 'for', 'the', 'third', 'quarter', 'of', 'dropped', 'to', 'mln', 'euro', 'mln', 'from', 'mln', 'euro', 'mln', 'for', 'the', 'same', 'period', 'of']"
1641,"`` The considerably weaker U.S. dollar and British pound had an impact on sales and average prices in euros , '' UPM said .",0,"['the', 'considerably', 'weaker', 'u', 's', 'dollar', 'and', 'british', 'pound', 'had', 'an', 'impact', 'on', 'sales', 'and', 'average', 'prices', 'in', 'euros', 'upm', 'said']"
1642,"`` The implementation of these programs has had , and will have , negative impacts on 2006 and 2007 earnings , '' Mr Meiklejohn said .",0,"['the', 'implementation', 'of', 'these', 'programs', 'has', 'had', 'and', 'will', 'have', 'negative', 'impacts', 'on', 'and', 'earnings', 'mr', 'meiklejohn', 'said']"
1643,"`` We can say that the number of deals has become normalized by the moment , and therefore we have decided to devalue our apartments now on sale , '' he added .",0,"['we', 'can', 'say', 'that', 'the', 'number', 'of', 'deals', 'has', 'become', 'normalized', 'by', 'the', 'moment', 'and', 'therefore', 'we', 'have', 'decided', 'to', 'devalue', 'our', 'apartments', 'now', 'on', 'sale', 'he', 'added']"
1644,"`` We cut our frequency to New York last year , which explains the fall , '' he said .",0,"['we', 'cut', 'our', 'frequency', 'to', 'new', 'york', 'last', 'year', 'which', 'explains', 'the', 'fall', 'he', 'said']"
1645,"`` We see that the market continues to be tight in magazine papers , and our target is to close the deals by the end of the year . ''",0,"['we', 'see', 'that', 'the', 'market', 'continues', 'to', 'be', 'tight', 'in', 'magazine', 'papers', 'and', 'our', 'target', 'is', 'to', 'close', 'the', 'deals', 'by', 'the', 'end', 'of', 'the', 'year']"
1646,A survey conducted by Taloustutkimus for Sampo Life shows that companies are badly prepared to losing key staff members .,0,"['a', 'survey', 'conducted', 'by', 'taloustutkimus', 'for', 'sampo', 'life', 'shows', 'that', 'companies', 'are', 'badly', 'prepared', 'to', 'losing', 'key', 'staff', 'members']"
1647,"Agricultural newspaper Maaseudun Tulevaisuus had 318,000 readers , representing a decrease of 6 % .",0,"['agricultural', 'newspaper', 'maaseudun', 'tulevaisuus', 'had', 'readers', 'representing', 'a', 'decrease', 'of']"
1648,"At 1411 CET , ArcelorMittal had lost 7.26 % to EUR 17.38 on Euronext Paris , coming at the lead of the blue-chip fallers .",0,"['at', 'cet', 'arcelormittal', 'had', 'lost', 'to', 'eur', 'on', 'euronext', 'paris', 'coming', 'at', 'the', 'lead', 'of', 'the', 'blue', 'chip', 'fallers']"
1649,Cash flow from operations in January-December 2008 was a negative EUR 18.1 mn compared to EUR 39.0 mn in the corresponding period in 2007 .,0,"['cash', 'flow', 'from', 'operations', 'in', 'january', 'december', 'was', 'a', 'negative', 'eur', 'mn', 'compared', 'to', 'eur', 'mn', 'in', 'the', 'corresponding', 'period', 'in']"
1650,EPS dropped to EUR0 .2 from EUR0 .3 .,0,"['eps', 'dropped', 'to', 'eur', 'from', 'eur']"
1651,"Kiosk and cinema operations have suffered , in particular .",0,"['kiosk', 'and', 'cinema', 'operations', 'have', 'suffered', 'in', 'particular']"
1652,Kone shares dropped 4.1 percent to  x20ac 43 US$ 55.77 in Helsinki .,0,"['kone', 'shares', 'dropped', 'percent', 'to', 'x', 'ac', 'us', 'in', 'helsinki']"
1653,Ramirent made 18 million kroons EUR 1.15 mln loss last year ; the year before the company was 7.3 million kroons in the black .,0,"['ramirent', 'made', 'million', 'kroons', 'eur', 'mln', 'loss', 'last', 'year', 'the', 'year', 'before', 'the', 'company', 'was', 'million', 'kroons', 'in', 'the', 'black']"
1654,Return on capital employed ROCE was a negative 2.3 % compared to 11.3 % in 2007 .,0,"['return', 'on', 'capital', 'employed', 'roce', 'was', 'a', 'negative', 'compared', 'to', 'in']"
1655,Stora Enso 's target has been cut to EUR 4.85 from EUR 5.55 and Holmen 's target -- to SEK 135 from SEK 150 .,0,"['stora', 'enso', 's', 'target', 'has', 'been', 'cut', 'to', 'eur', 'from', 'eur', 'and', 'holmen', 's', 'target', 'to', 'sek', 'from', 'sek']"
1656,The dismissed staff members will now take the matter to court unless it can be settled outside .,0,"['the', 'dismissed', 'staff', 'members', 'will', 'now', 'take', 'the', 'matter', 'to', 'court', 'unless', 'it', 'can', 'be', 'settled', 'outside']"
1657,"The EU Commission said earlier it had fined ThyssenKrupp , United Technologies Corp 's Otis , Schindler AG and Kone Oyj a total of 992.3 mln eur for alleged cartel activity in the lift market going back twelve years .",0,"['the', 'eu', 'commission', 'said', 'earlier', 'it', 'had', 'fined', 'thyssenkrupp', 'united', 'technologies', 'corp', 's', 'otis', 'schindler', 'ag', 'and', 'kone', 'oyj', 'a', 'total', 'of', 'mln', 'eur', 'for', 'alleged', 'cartel', 'activity', 'in', 'the', 'lift', 'market', 'going', 'back', 'twelve', 'years']"
1658,"The one dark spot on the horizon , however , was the company 's performance in the Finnish bottled water market .",0,"['the', 'one', 'dark', 'spot', 'on', 'the', 'horizon', 'however', 'was', 'the', 'company', 's', 'performance', 'in', 'the', 'finnish', 'bottled', 'water', 'market']"
1659,"The period 's sales dropped to EUR30 .6 m from EUR38 .3 m , according to the interim report , released today .",0,"['the', 'period', 's', 'sales', 'dropped', 'to', 'eur', 'm', 'from', 'eur', 'm', 'according', 'to', 'the', 'interim', 'report', 'released', 'today']"
1660,"YIT lodged counter claims against Neste Oil totaling some EUR25m , primarily based on work carried out under the contract and additional costs incurred due to prolongation of the project .",0,"['yit', 'lodged', 'counter', 'claims', 'against', 'neste', 'oil', 'totaling', 'some', 'eur', 'm', 'primarily', 'based', 'on', 'work', 'carried', 'out', 'under', 'the', 'contract', 'and', 'additional', 'costs', 'incurred', 'due', 'to', 'prolongation', 'of', 'the', 'project']"
1661,"` The stable outlook reflects Nokia 's strong market position in the global mobile handset market , strong cash flow generation , and very conservative balance sheet , ' said Raab .",1,"['the', 'stable', 'outlook', 'reflects', 'nokia', 's', 'strong', 'market', 'position', 'in', 'the', 'global', 'mobile', 'handset', 'market', 'strong', 'cash', 'flow', 'generation', 'and', 'very', 'conservative', 'balance', 'sheet', 'said', 'raab']"
1662,"These financing arrangements will enable the company to ensure , in line with its treasury policy , that it has sufficient financial instruments at its disposal for its potential capital requirements .",1,"['these', 'financing', 'arrangements', 'will', 'enable', 'the', 'company', 'to', 'ensure', 'in', 'line', 'with', 'its', 'treasury', 'policy', 'that', 'it', 'has', 'sufficient', 'financial', 'instruments', 'at', 'its', 'disposal', 'for', 'its', 'potential', 'capital', 'requirements']"
1663,"According to Karhinen , OP-Pohjola is an exciting enterprise because the cooperation will bring huge opportunities for customers and the company itself .",1,"['according', 'to', 'karhinen', 'op', 'pohjola', 'is', 'an', 'exciting', 'enterprise', 'because', 'the', 'cooperation', 'will', 'bring', 'huge', 'opportunities', 'for', 'customers', 'and', 'the', 'company', 'itself']"
1664,"Based upon its unique fiber expertise and innovative approach , the company has a strong market position in several business areas in which it operates .",1,"['based', 'upon', 'its', 'unique', 'fiber', 'expertise', 'and', 'innovative', 'approach', 'the', 'company', 'has', 'a', 'strong', 'market', 'position', 'in', 'several', 'business', 'areas', 'in', 'which', 'it', 'operates']"
1665,"efficiency improvement measures 20 January 2010 - Finnish stationery and gift retailer Tiimari HEL : TII1V said today that it will continue to improve its operational efficiency , by focusing on its profitable core operations .",1,"['efficiency', 'improvement', 'measures', 'january', 'finnish', 'stationery', 'and', 'gift', 'retailer', 'tiimari', 'hel', 'tii', 'v', 'said', 'today', 'that', 'it', 'will', 'continue', 'to', 'improve', 'its', 'operational', 'efficiency', 'by', 'focusing', 'on', 'its', 'profitable', 'core', 'operations']"
1666,Efore 's results for the last quarter showed an even faster improvement as the company managed to better source its components .,1,"['efore', 's', 'results', 'for', 'the', 'last', 'quarter', 'showed', 'an', 'even', 'faster', 'improvement', 'as', 'the', 'company', 'managed', 'to', 'better', 'source', 'its', 'components']"
1667,Technical indicators for the stock are bullish and S&P gives NOK a positive 4 STARS out of 5 buy ranking .,1,"['technical', 'indicators', 'for', 'the', 'stock', 'are', 'bullish', 'and', 's', 'p', 'gives', 'nok', 'a', 'positive', 'stars', 'out', 'of', 'buy', 'ranking']"
1668,"The broker highlights Cargotec as its preferred stock in the sector , as it is a pure play on global cargo and container handling , and it expects it to play an active role in further consolidating the industry .",1,"['the', 'broker', 'highlights', 'cargotec', 'as', 'its', 'preferred', 'stock', 'in', 'the', 'sector', 'as', 'it', 'is', 'a', 'pure', 'play', 'on', 'global', 'cargo', 'and', 'container', 'handling', 'and', 'it', 'expects', 'it', 'to', 'play', 'an', 'active', 'role', 'in', 'further', 'consolidating', 'the', 'industry']"
1669,"The restructuring creates a more efficient organization with increased operational focus and stable profitability , and leads to more efficient production , said Bo Annvik , head of Specialty Stainless .",1,"['the', 'restructuring', 'creates', 'a', 'more', 'efficient', 'organization', 'with', 'increased', 'operational', 'focus', 'and', 'stable', 'profitability', 'and', 'leads', 'to', 'more', 'efficient', 'production', 'said', 'bo', 'annvik', 'head', 'of', 'specialty', 'stainless']"
1670,"`` We 're delighted with the move '' says Morna Cowie , co-owner , above , `` it 's double the size of our current shop and has a lovely feel to it . ''",1,"['we', 're', 'delighted', 'with', 'the', 'move', 'says', 'morna', 'cowie', 'co', 'owner', 'above', 'it', 's', 'double', 'the', 'size', 'of', 'our', 'current', 'shop', 'and', 'has', 'a', 'lovely', 'feel', 'to', 'it']"
1671,Elcoteq has a proven track record in electronics manufacturing services ( EMS ) and a global factory network coupled with modern manufacturing equipment and consistent systems and processes .,1,"['elcoteq', 'has', 'a', 'proven', 'track', 'record', 'in', 'electronics', 'manufacturing', 'services', 'ems', 'and', 'a', 'global', 'factory', 'network', 'coupled', 'with', 'modern', 'manufacturing', 'equipment', 'and', 'consistent', 'systems', 'and', 'processes']"
1672,The main strength of the cooperation project lies in merging the know-how of two large companies .,1,"['the', 'main', 'strength', 'of', 'the', 'cooperation', 'project', 'lies', 'in', 'merging', 'the', 'know', 'how', 'of', 'two', 'large', 'companies']"
1673,"The Dutch broker noted that Nokian Tyres reported a good first quarter in 2006 , above or in line with consensus .",1,"['the', 'dutch', 'broker', 'noted', 'that', 'nokian', 'tyres', 'reported', 'a', 'good', 'first', 'quarter', 'in', 'above', 'or', 'in', 'line', 'with', 'consensus']"
1674,"The Nokian tyre proves its high safety excellently in the important driving qualities stability with mark 1.4 , handling 1.5 and braking on wet road with 1.9 .",1,"['the', 'nokian', 'tyre', 'proves', 'its', 'high', 'safety', 'excellently', 'in', 'the', 'important', 'driving', 'qualities', 'stability', 'with', 'mark', 'handling', 'and', 'braking', 'on', 'wet', 'road', 'with']"
1675,"The respondents praised Finnair 's reliability , Finnishness , and understanding of its target group .",1,"['the', 'respondents', 'praised', 'finnair', 's', 'reliability', 'finnishness', 'and', 'understanding', 'of', 'its', 'target', 'group']"
1676,"The long-standing partnership and commitment enable both parties to develop their respective operations , and ESL Shipping will also have the opportunity to update its fleet and improve its efficiency .",1,"['the', 'long', 'standing', 'partnership', 'and', 'commitment', 'enable', 'both', 'parties', 'to', 'develop', 'their', 'respective', 'operations', 'and', 'esl', 'shipping', 'will', 'also', 'have', 'the', 'opportunity', 'to', 'update', 'its', 'fleet', 'and', 'improve', 'its', 'efficiency']"
1677,"Thanks to his wide contact network and good knowledge of market and business environment , he will give a great contribution to the further development of our Indian operations '' , tells Incap 's President & CEO Juhani Hanninen .",1,"['thanks', 'to', 'his', 'wide', 'contact', 'network', 'and', 'good', 'knowledge', 'of', 'market', 'and', 'business', 'environment', 'he', 'will', 'give', 'a', 'great', 'contribution', 'to', 'the', 'further', 'development', 'of', 'our', 'indian', 'operations', 'tells', 'incap', 's', 'president', 'ceo', 'juhani', 'hanninen']"
1678,"Tieto was looking for an energy solution which would best support the idea of sustainable development , and we were happy to be able to provide such a solution , saysJouni Haikarainen , Vice President , Fortum .",1,"['tieto', 'was', 'looking', 'for', 'an', 'energy', 'solution', 'which', 'would', 'best', 'support', 'the', 'idea', 'of', 'sustainable', 'development', 'and', 'we', 'were', 'happy', 'to', 'be', 'able', 'to', 'provide', 'such', 'a', 'solution', 'saysjouni', 'haikarainen', 'vice', 'president', 'fortum']"
1679,"I use natural fibers to make the clothes more comfortable , to allow your skin to breathe and to be eco-friendly .",1,"['i', 'use', 'natural', 'fibers', 'to', 'make', 'the', 'clothes', 'more', 'comfortable', 'to', 'allow', 'your', 'skin', 'to', 'breathe', 'and', 'to', 'be', 'eco', 'friendly']"
1680,"`` We love Activision 's fresh , colorful approach to Rapala : We Fish , '' said Kelly Brockpahler , Rapala .",1,"['we', 'love', 'activision', 's', 'fresh', 'colorful', 'approach', 'to', 'rapala', 'we', 'fish', 'said', 'kelly', 'brockpahler', 'rapala']"
1681,At the same time I am delighted by the fact that we were able to accomplish the organization with our own team members .,1,"['at', 'the', 'same', 'time', 'i', 'am', 'delighted', 'by', 'the', 'fact', 'that', 'we', 'were', 'able', 'to', 'accomplish', 'the', 'organization', 'with', 'our', 'own', 'team', 'members']"
1682,We are very proud to be able to use this kind of innovative mobile service for voting in elections .,1,"['we', 'are', 'very', 'proud', 'to', 'be', 'able', 'to', 'use', 'this', 'kind', 'of', 'innovative', 'mobile', 'service', 'for', 'voting', 'in', 'elections']"
1683,"Tim Cockroft brings with him an excellent track record having more than 18 years experience ; moreover , Tim has successfully developed the Capital Markets operations at Kaupthing Singer & Friedlander involving corporate finance and broking with a focus on mid-market companies .",1,"['tim', 'cockroft', 'brings', 'with', 'him', 'an', 'excellent', 'track', 'record', 'having', 'more', 'than', 'years', 'experience', 'moreover', 'tim', 'has', 'successfully', 'developed', 'the', 'capital', 'markets', 'operations', 'at', 'kaupthing', 'singer', 'friedlander', 'involving', 'corporate', 'finance', 'and', 'broking', 'with', 'a', 'focus', 'on', 'mid', 'market', 'companies']"
1684,"`` After a long , unprofitable period the Food Division posted a profitable result , which speaks of a healthier cost structure and a new approach in business operations , '' Rihko said .",1,"['after', 'a', 'long', 'unprofitable', 'period', 'the', 'food', 'division', 'posted', 'a', 'profitable', 'result', 'which', 'speaks', 'of', 'a', 'healthier', 'cost', 'structure', 'and', 'a', 'new', 'approach', 'in', 'business', 'operations', 'rihko', 'said']"
1685,"`` While concerns remain longer term , size and scale may enable Nokia to hold on to its newfound margin improvements in the near term , '' the analyst wrote .",1,"['while', 'concerns', 'remain', 'longer', 'term', 'size', 'and', 'scale', 'may', 'enable', 'nokia', 'to', 'hold', 'on', 'to', 'its', 'newfound', 'margin', 'improvements', 'in', 'the', 'near', 'term', 'the', 'analyst', 'wrote']"
1686,"Continuing operations turned an operating loss of EUR 0.1 mn , a slight improvement from a loss of EUR 0.2 mn a year earlier .",1,"['continuing', 'operations', 'turned', 'an', 'operating', 'loss', 'of', 'eur', 'mn', 'a', 'slight', 'improvement', 'from', 'a', 'loss', 'of', 'eur', 'mn', 'a', 'year', 'earlier']"
1687,Earnings per share were higher at 0.48 against 0.37 a year before and ahead of market consensus of 0.40 eur .,1,"['earnings', 'per', 'share', 'were', 'higher', 'at', 'against', 'a', 'year', 'before', 'and', 'ahead', 'of', 'market', 'consensus', 'of', 'eur']"
1688,"W+ñrtsil+ñ 's solution has been selected for its low fuel consumption , environmentally sound technology , and global service support .",1,"['w', 'rtsil', 's', 'solution', 'has', 'been', 'selected', 'for', 'its', 'low', 'fuel', 'consumption', 'environmentally', 'sound', 'technology', 'and', 'global', 'service', 'support']"
1689,"Dirk Jones , head of Financial Institutions Client Sales Management , GTS , Citigroup , Inc , said , ` Citi is extremely pleased to be providing global custody services to Pohjola Group Bank .",1,"['dirk', 'jones', 'head', 'of', 'financial', 'institutions', 'client', 'sales', 'management', 'gts', 'citigroup', 'inc', 'said', 'citi', 'is', 'extremely', 'pleased', 'to', 'be', 'providing', 'global', 'custody', 'services', 'to', 'pohjola', 'group', 'bank']"
1690,The company said it estimates to make a slight profit thanks to cost-cutting measures .,1,"['the', 'company', 'said', 'it', 'estimates', 'to', 'make', 'a', 'slight', 'profit', 'thanks', 'to', 'cost', 'cutting', 'measures']"
1691,"The previously concluded adaptation measures , concerning other staff , were adequate for the time being , and the planning operations continue as before at the plant , the company said .",1,"['the', 'previously', 'concluded', 'adaptation', 'measures', 'concerning', 'other', 'staff', 'were', 'adequate', 'for', 'the', 'time', 'being', 'and', 'the', 'planning', 'operations', 'continue', 'as', 'before', 'at', 'the', 'plant', 'the', 'company', 'said']"
1692,"The previously concluded adaptation measures concerning the other personnel are adequate for the time being , Raute said .",1,"['the', 'previously', 'concluded', 'adaptation', 'measures', 'concerning', 'the', 'other', 'personnel', 'are', 'adequate', 'for', 'the', 'time', 'being', 'raute', 'said']"
1693,"` After fixing our home-base , cutting costs and closing the non-profitable units , we are now looking at going forward , ' she said .",1,"['after', 'fixing', 'our', 'home', 'base', 'cutting', 'costs', 'and', 'closing', 'the', 'non', 'profitable', 'units', 'we', 'are', 'now', 'looking', 'at', 'going', 'forward', 'she', 'said']"
1694,"29 September , 2010 Finnish waste management and recycling company Lassila & Tikanoja expands its operations in Russia by introducing its recently completed recycling plant in the city of Dubna near Moscow .",1,"['september', 'finnish', 'waste', 'management', 'and', 'recycling', 'company', 'lassila', 'tikanoja', 'expands', 'its', 'operations', 'in', 'russia', 'by', 'introducing', 'its', 'recently', 'completed', 'recycling', 'plant', 'in', 'the', 'city', 'of', 'dubna', 'near', 'moscow']"
1695,"Rory Fitzgerald , general manager , operations , Bristol Port , said : `` With the use of low maintenance technology we can save up to 30 per cent on servicing , plus the load sensing hydraulics can save us an extra 15 to 30 per cent on fuel consumption . ''",1,"['rory', 'fitzgerald', 'general', 'manager', 'operations', 'bristol', 'port', 'said', 'with', 'the', 'use', 'of', 'low', 'maintenance', 'technology', 'we', 'can', 'save', 'up', 'to', 'per', 'cent', 'on', 'servicing', 'plus', 'the', 'load', 'sensing', 'hydraulics', 'can', 'save', 'us', 'an', 'extra', 'to', 'per', 'cent', 'on', 'fuel', 'consumption']"
1696,The court found TelecomInvest 's arguments convincing .,1,"['the', 'court', 'found', 'telecominvest', 's', 'arguments', 'convincing']"
1697,"Dubai Nokia has announced the launch of `` Comes with Music '' , its ground-breaking service which introduces a new way for people to enjoy music .",1,"['dubai', 'nokia', 'has', 'announced', 'the', 'launch', 'of', 'comes', 'with', 'music', 'its', 'ground', 'breaking', 'service', 'which', 'introduces', 'a', 'new', 'way', 'for', 'people', 'to', 'enjoy', 'music']"
1698,"Rapala VMC Corporation STOCK EXCHANGE RELEASE October 10 , 2008 at 11.45 am Kaupthing Bank Oyj ( `` Kapthing '' ) has informed Rapala VMC Corporation ( `` Rapala '' ) that it has interrupted the liquidity providing for Rapala 's share for the time being .",0,"['rapala', 'vmc', 'corporation', 'stock', 'exchange', 'release', 'october', 'at', 'am', 'kaupthing', 'bank', 'oyj', 'kapthing', 'has', 'informed', 'rapala', 'vmc', 'corporation', 'rapala', 'that', 'it', 'has', 'interrupted', 'the', 'liquidity', 'providing', 'for', 'rapala', 's', 'share', 'for', 'the', 'time', 'being']"
1699,1 Block lamp Harri Koskinen 's light was introduced in 1996 and has been a bestseller ever since .,1,"['block', 'lamp', 'harri', 'koskinen', 's', 'light', 'was', 'introduced', 'in', 'and', 'has', 'been', 'a', 'bestseller', 'ever', 'since']"
1700,"However , this increases signaling traffic which wastes network resources and allows fewer smartphones to connect .",0,"['however', 'this', 'increases', 'signaling', 'traffic', 'which', 'wastes', 'network', 'resources', 'and', 'allows', 'fewer', 'smartphones', 'to', 'connect']"
1701,The first ship has been delayed and is estimated to be completed in spring 2010 .,0,"['the', 'first', 'ship', 'has', 'been', 'delayed', 'and', 'is', 'estimated', 'to', 'be', 'completed', 'in', 'spring']"
1702,"Tallink Silja attributes the significant drop to problems with the booking system that was taken into operation in October , the sale of trailer ferry ` Sky Wind ' and the route between Stockholm and Riga , which has won passengers from the Helsinki-Stockholm route .",0,"['tallink', 'silja', 'attributes', 'the', 'significant', 'drop', 'to', 'problems', 'with', 'the', 'booking', 'system', 'that', 'was', 'taken', 'into', 'operation', 'in', 'october', 'the', 'sale', 'of', 'trailer', 'ferry', 'sky', 'wind', 'and', 'the', 'route', 'between', 'stockholm', 'and', 'riga', 'which', 'has', 'won', 'passengers', 'from', 'the', 'helsinki', 'stockholm', 'route']"
1703,Finnlines estimated in its annual general meeting that 2008 will be financially a tough year due to large investments .,0,"['finnlines', 'estimated', 'in', 'its', 'annual', 'general', 'meeting', 'that', 'will', 'be', 'financially', 'a', 'tough', 'year', 'due', 'to', 'large', 'investments']"
1704,"`` Adjustment to the fall in price level , in contrast , has been less effective .",0,"['adjustment', 'to', 'the', 'fall', 'in', 'price', 'level', 'in', 'contrast', 'has', 'been', 'less', 'effective']"
1705,17 March 2011 - Goldman Sachs estimates that there are negative prospects for the Norwegian mobile operations of Norway 's Telenor ASA OSL : TEL and Sweden 's TeliaSonera AB STO : TLSN in the short term .,0,"['march', 'goldman', 'sachs', 'estimates', 'that', 'there', 'are', 'negative', 'prospects', 'for', 'the', 'norwegian', 'mobile', 'operations', 'of', 'norway', 's', 'telenor', 'asa', 'osl', 'tel', 'and', 'sweden', 's', 'teliasonera', 'ab', 'sto', 'tlsn', 'in', 'the', 'short', 'term']"
1706,"To ensure low operational cost for radio networks , the BTS modules can be configured , software upgraded and diagnosed remotely .",1,"['to', 'ensure', 'low', 'operational', 'cost', 'for', 'radio', 'networks', 'the', 'bts', 'modules', 'can', 'be', 'configured', 'software', 'upgraded', 'and', 'diagnosed', 'remotely']"
1707,"Based on the first quarter result , existing order backlog and new order prospects , the company expects that full-year sales will contract by 25 % from 2008 , the gross margin will stay at a healthy level , and the operating profit margin will be lower than in 2008 due to lower sales volume .",0,"['based', 'on', 'the', 'first', 'quarter', 'result', 'existing', 'order', 'backlog', 'and', 'new', 'order', 'prospects', 'the', 'company', 'expects', 'that', 'full', 'year', 'sales', 'will', 'contract', 'by', 'from', 'the', 'gross', 'margin', 'will', 'stay', 'at', 'a', 'healthy', 'level', 'and', 'the', 'operating', 'profit', 'margin', 'will', 'be', 'lower', 'than', 'in', 'due', 'to', 'lower', 'sales', 'volume']"
1708,"Key shareholders of Finnish IT services provider TietoEnator Oyj on Friday rejected a hostile EUR1 .08 billion $ 1.67 billion offer from buyout shop Nordic Capital , giving new life to a possible counter offer from Blackstone Group LP and Norwegian telecom Telenor ASA .",1,"['key', 'shareholders', 'of', 'finnish', 'it', 'services', 'provider', 'tietoenator', 'oyj', 'on', 'friday', 'rejected', 'a', 'hostile', 'eur', 'billion', 'billion', 'offer', 'from', 'buyout', 'shop', 'nordic', 'capital', 'giving', 'new', 'life', 'to', 'a', 'possible', 'counter', 'offer', 'from', 'blackstone', 'group', 'lp', 'and', 'norwegian', 'telecom', 'telenor', 'asa']"
1709,stores 16 March 2010 - Finnish stationery and gift retailer Tiimari HEL : TII1V said yesterday that it will cut a total of 28 jobs in its units Tiimari Retail Ltd and Gallerix Finland Ltd as a result of the closure of shops .,0,"['stores', 'march', 'finnish', 'stationery', 'and', 'gift', 'retailer', 'tiimari', 'hel', 'tii', 'v', 'said', 'yesterday', 'that', 'it', 'will', 'cut', 'a', 'total', 'of', 'jobs', 'in', 'its', 'units', 'tiimari', 'retail', 'ltd', 'and', 'gallerix', 'finland', 'ltd', 'as', 'a', 'result', 'of', 'the', 'closure', 'of', 'shops']"
1710,"As a result , the Russia 's import restrictions on Finnish dairy companies will be canceled on 6 August 2010 .",1,"['as', 'a', 'result', 'the', 'russia', 's', 'import', 'restrictions', 'on', 'finnish', 'dairy', 'companies', 'will', 'be', 'canceled', 'on', 'august']"
1711,"Only the driver was left in the car with the suspect , who was kidnapped and forced at gunpoint to drive to Durham .",0,"['only', 'the', 'driver', 'was', 'left', 'in', 'the', 'car', 'with', 'the', 'suspect', 'who', 'was', 'kidnapped', 'and', 'forced', 'at', 'gunpoint', 'to', 'drive', 'to', 'durham']"
1712,The administrators have indicated a need for 900 job cuts at the Irish insurer over the next 15 months .,0,"['the', 'administrators', 'have', 'indicated', 'a', 'need', 'for', 'job', 'cuts', 'at', 'the', 'irish', 'insurer', 'over', 'the', 'next', 'months']"
1713,The total need for staff cuts corresponds to about 300 man-years .,0,"['the', 'total', 'need', 'for', 'staff', 'cuts', 'corresponds', 'to', 'about', 'man', 'years']"
1714,"According to Scanfil , demand for telecommunications network products has fluctuated significantly in the third quarter of 2006 , and the situation is expected to remain unstable for the rest of the year .",0,"['according', 'to', 'scanfil', 'demand', 'for', 'telecommunications', 'network', 'products', 'has', 'fluctuated', 'significantly', 'in', 'the', 'third', 'quarter', 'of', 'and', 'the', 'situation', 'is', 'expected', 'to', 'remain', 'unstable', 'for', 'the', 'rest', 'of', 'the', 'year']"
1715,Finnair believes the strike will cause it daily net losses in excess of EUR 2mn due to canceled reservations and passenger re-routing .,0,"['finnair', 'believes', 'the', 'strike', 'will', 'cause', 'it', 'daily', 'net', 'losses', 'in', 'excess', 'of', 'eur', 'mn', 'due', 'to', 'canceled', 'reservations', 'and', 'passenger', 're', 'routing']"
1716,"HELSINKI Thomson Financial - Shares closed little changed , with Cargotec and Huhtamaki dropping sharply on disappointing second-quarter reports .",0,"['helsinki', 'thomson', 'financial', 'shares', 'closed', 'little', 'changed', 'with', 'cargotec', 'and', 'huhtamaki', 'dropping', 'sharply', 'on', 'disappointing', 'second', 'quarter', 'reports']"
1717,"The airline estimated that the cancellation of its flights due to the closure of European airspace , and the process of recommencing traffic , have caused a the company a loss of EUR20m , including the costs of stranded passengers ' accommodation .",0,"['the', 'airline', 'estimated', 'that', 'the', 'cancellation', 'of', 'its', 'flights', 'due', 'to', 'the', 'closure', 'of', 'european', 'airspace', 'and', 'the', 'process', 'of', 'recommencing', 'traffic', 'have', 'caused', 'a', 'the', 'company', 'a', 'loss', 'of', 'eur', 'm', 'including', 'the', 'costs', 'of', 'stranded', 'passengers', 'accommodation']"
1718,The announcement comes two weeks before a key licensing agreement expires between between the two companies which are embroiled in a disagreement over royalty payments for Texas Instrument chips which use Qualcomm-patented technology .,0,"['the', 'announcement', 'comes', 'two', 'weeks', 'before', 'a', 'key', 'licensing', 'agreement', 'expires', 'between', 'between', 'the', 'two', 'companies', 'which', 'are', 'embroiled', 'in', 'a', 'disagreement', 'over', 'royalty', 'payments', 'for', 'texas', 'instrument', 'chips', 'which', 'use', 'qualcomm', 'patented', 'technology']"
1719,"In Finland , OP-Pohjola 's staff union is boycotting the group 's insurance sales tasks because the company has refused to take the sale of insurance into account in determining wages .",0,"['in', 'finland', 'op', 'pohjola', 's', 'staff', 'union', 'is', 'boycotting', 'the', 'group', 's', 'insurance', 'sales', 'tasks', 'because', 'the', 'company', 'has', 'refused', 'to', 'take', 'the', 'sale', 'of', 'insurance', 'into', 'account', 'in', 'determining', 'wages']"
1720,Ruukki Group calculates that it has lost EUR 4mn in the failed project .,0,"['ruukki', 'group', 'calculates', 'that', 'it', 'has', 'lost', 'eur', 'mn', 'in', 'the', 'failed', 'project']"
1721,"Samsung currently occupies third place and lost ground during the quarter , dropping by 1.8 % to an 11.1 % share overall .",0,"['samsung', 'currently', 'occupies', 'third', 'place', 'and', 'lost', 'ground', 'during', 'the', 'quarter', 'dropping', 'by', 'to', 'an', 'share', 'overall']"
1722,"The Baltimore Police and Fire Pension , which has about $ 1.5 billion , lost about $ 3.5 million in Madoff Ponzi scheme .",0,"['the', 'baltimore', 'police', 'and', 'fire', 'pension', 'which', 'has', 'about', 'billion', 'lost', 'about', 'million', 'in', 'madoff', 'ponzi', 'scheme']"
1723,"Vanhanen said the strike would be `` extremely damaging '' as some 1,300 participants and reporters begin to arrive in Finland for the one-day EU summit with Russian President Vladimir Putin in Lahti , about 100 kilometers ( 60 miles ) north of Helsinki .",0,"['vanhanen', 'said', 'the', 'strike', 'would', 'be', 'extremely', 'damaging', 'as', 'some', 'participants', 'and', 'reporters', 'begin', 'to', 'arrive', 'in', 'finland', 'for', 'the', 'one', 'day', 'eu', 'summit', 'with', 'russian', 'president', 'vladimir', 'putin', 'in', 'lahti', 'about', 'kilometers', 'miles', 'north', 'of', 'helsinki']"
1724,"`` Small firms are suffering at the moment because they are likely to have money trouble , '' he added .",0,"['small', 'firms', 'are', 'suffering', 'at', 'the', 'moment', 'because', 'they', 'are', 'likely', 'to', 'have', 'money', 'trouble', 'he', 'added']"
1725,Altogether Finnair has canceled over 500 flights because of the strike .,0,"['altogether', 'finnair', 'has', 'canceled', 'over', 'flights', 'because', 'of', 'the', 'strike']"
1726,"Operating result , excluding one-off items , totaled EUR 9.1 mn compared to EUR 10.6 mn in continuing operations , excluding one-off items in 2004 .",0,"['operating', 'result', 'excluding', 'one', 'off', 'items', 'totaled', 'eur', 'mn', 'compared', 'to', 'eur', 'mn', 'in', 'continuing', 'operations', 'excluding', 'one', 'off', 'items', 'in']"
1727,"Dealers said the share was largely hit by investor disappointment about a refining margin of just 9.48 usd per barrel for the quarter and the performance of its shipping unit , which saw EBIT drop to 5 mln eur from 20 mln eur a year amid a fall in volumes and tanker rates .",0,"['dealers', 'said', 'the', 'share', 'was', 'largely', 'hit', 'by', 'investor', 'disappointment', 'about', 'a', 'refining', 'margin', 'of', 'just', 'usd', 'per', 'barrel', 'for', 'the', 'quarter', 'and', 'the', 'performance', 'of', 'its', 'shipping', 'unit', 'which', 'saw', 'ebit', 'drop', 'to', 'mln', 'eur', 'from', 'mln', 'eur', 'a', 'year', 'amid', 'a', 'fall', 'in', 'volumes', 'and', 'tanker', 'rates']"
1728,"Making matters more difficult , the company said it has been grappling with higher oil and gas prices , which have pushed up the cost of energy , raw materials and transportation .",0,"['making', 'matters', 'more', 'difficult', 'the', 'company', 'said', 'it', 'has', 'been', 'grappling', 'with', 'higher', 'oil', 'and', 'gas', 'prices', 'which', 'have', 'pushed', 'up', 'the', 'cost', 'of', 'energy', 'raw', 'materials', 'and', 'transportation']"
1729,"`` Beyond the improved voice capabilities , customers now have a streamlined way to comply with recalls and other traceability requirements , providing them with a competitive advantage .",1,"['beyond', 'the', 'improved', 'voice', 'capabilities', 'customers', 'now', 'have', 'a', 'streamlined', 'way', 'to', 'comply', 'with', 'recalls', 'and', 'other', 'traceability', 'requirements', 'providing', 'them', 'with', 'a', 'competitive', 'advantage']"
1730,Finnair was able to operate most of its leisure flights despite the strike .,1,"['finnair', 'was', 'able', 'to', 'operate', 'most', 'of', 'its', 'leisure', 'flights', 'despite', 'the', 'strike']"
1731,Small investors have voiced fears that the shares will end up with risk investors .,0,"['small', 'investors', 'have', 'voiced', 'fears', 'that', 'the', 'shares', 'will', 'end', 'up', 'with', 'risk', 'investors']"
1732,"The result will also be burdened by increased fixed costs associated with operations in China , and restructuring costs in Japan .",0,"['the', 'result', 'will', 'also', 'be', 'burdened', 'by', 'increased', 'fixed', 'costs', 'associated', 'with', 'operations', 'in', 'china', 'and', 'restructuring', 'costs', 'in', 'japan']"
1733,"As part of the transaction , M-real and Sappi have also signed a long-term agreement on the supply of pulp and BCTMP and other smaller services and supplies .",1,"['as', 'part', 'of', 'the', 'transaction', 'm', 'real', 'and', 'sappi', 'have', 'also', 'signed', 'a', 'long', 'term', 'agreement', 'on', 'the', 'supply', 'of', 'pulp', 'and', 'bctmp', 'and', 'other', 'smaller', 'services', 'and', 'supplies']"
1734,"Operating profit for the 12-month period decreased from EUR2 .9 m while turnover increased from EUR24 .5 m , as compared to the financial year 2004 .",0,"['operating', 'profit', 'for', 'the', 'month', 'period', 'decreased', 'from', 'eur', 'm', 'while', 'turnover', 'increased', 'from', 'eur', 'm', 'as', 'compared', 'to', 'the', 'financial', 'year']"
1735,"Operating profit for the 12-month period decreased from EUR28 .2 m while net turnover increased from EUR313 .42 m , as compared to the financial year 2004 .",0,"['operating', 'profit', 'for', 'the', 'month', 'period', 'decreased', 'from', 'eur', 'm', 'while', 'net', 'turnover', 'increased', 'from', 'eur', 'm', 'as', 'compared', 'to', 'the', 'financial', 'year']"
1736,"Operating profit for the 12-month period decreased from EUR5 .4 m while net sales increased from EUR62 .0 m , as compared to the financial year 2004 .",0,"['operating', 'profit', 'for', 'the', 'month', 'period', 'decreased', 'from', 'eur', 'm', 'while', 'net', 'sales', 'increased', 'from', 'eur', 'm', 'as', 'compared', 'to', 'the', 'financial', 'year']"
1737,"Operating profit for the six-month period decreased from EUR21m , while net sales increased from EUR436 .9 m , as compared to the corresponding period in 2007 .",0,"['operating', 'profit', 'for', 'the', 'six', 'month', 'period', 'decreased', 'from', 'eur', 'm', 'while', 'net', 'sales', 'increased', 'from', 'eur', 'm', 'as', 'compared', 'to', 'the', 'corresponding', 'period', 'in']"
1738,"Operating profit for the three-month period decreased from EUR1 .65 m while net sales increased from EUR14 .6 m , as compared to the corresponding period in 2005 .",0,"['operating', 'profit', 'for', 'the', 'three', 'month', 'period', 'decreased', 'from', 'eur', 'm', 'while', 'net', 'sales', 'increased', 'from', 'eur', 'm', 'as', 'compared', 'to', 'the', 'corresponding', 'period', 'in']"
1739,"In the first half of 2008 , the Bank 's operating profit fell to EUR 11.8 mn from EUR 18.9 mn , while net interest income increased to EUR 20.9 mn from EUR 18.8 mn in the first half of 2007 .",0,"['in', 'the', 'first', 'half', 'of', 'the', 'bank', 's', 'operating', 'profit', 'fell', 'to', 'eur', 'mn', 'from', 'eur', 'mn', 'while', 'net', 'interest', 'income', 'increased', 'to', 'eur', 'mn', 'from', 'eur', 'mn', 'in', 'the', 'first', 'half', 'of']"
1740,"Operating profit for the 12-month period decreased from EUR157 .5 m , while net sales increased from EUR634 .3 m , as compared to 2007 .",0,"['operating', 'profit', 'for', 'the', 'month', 'period', 'decreased', 'from', 'eur', 'm', 'while', 'net', 'sales', 'increased', 'from', 'eur', 'm', 'as', 'compared', 'to']"
1741,"Operating profit for the 12-month period decreased from EUR17 .9 m while net sales increased from EUR58 .3 m , as compared to 2007 .",0,"['operating', 'profit', 'for', 'the', 'month', 'period', 'decreased', 'from', 'eur', 'm', 'while', 'net', 'sales', 'increased', 'from', 'eur', 'm', 'as', 'compared', 'to']"
1742,"Operating profit for the nine-month period decreased from EUR19 .9 m while net sales increased from EUR155 .7 m , as compared to the corresponding period in 2007 .",0,"['operating', 'profit', 'for', 'the', 'nine', 'month', 'period', 'decreased', 'from', 'eur', 'm', 'while', 'net', 'sales', 'increased', 'from', 'eur', 'm', 'as', 'compared', 'to', 'the', 'corresponding', 'period', 'in']"
1743,"Comparable operating profit for the quarter decreased from EUR510m while sales increased from EUR860m , as compared to the third quarter 2007 .",0,"['comparable', 'operating', 'profit', 'for', 'the', 'quarter', 'decreased', 'from', 'eur', 'm', 'while', 'sales', 'increased', 'from', 'eur', 'm', 'as', 'compared', 'to', 'the', 'third', 'quarter']"
1744,"Earlier today , Geberit 's Finnish rival Uponor OYJ cut its full-year sales growth forecast to 6 pct from 10 pct , blaming tough conditions in Germany and the US , as well as currency factors .",0,"['earlier', 'today', 'geberit', 's', 'finnish', 'rival', 'uponor', 'oyj', 'cut', 'its', 'full', 'year', 'sales', 'growth', 'forecast', 'to', 'pct', 'from', 'pct', 'blaming', 'tough', 'conditions', 'in', 'germany', 'and', 'the', 'us', 'as', 'well', 'as', 'currency', 'factors']"
1745,"In the fourth quarter of 2009 , Atria 's net loss shrank to EUR 1.2 million from EUR 5.9 million and net sales contracted to EUR 340.4 million from EUR 361.1 million .",1,"['in', 'the', 'fourth', 'quarter', 'of', 'atria', 's', 'net', 'loss', 'shrank', 'to', 'eur', 'million', 'from', 'eur', 'million', 'and', 'net', 'sales', 'contracted', 'to', 'eur', 'million', 'from', 'eur', 'million']"
1746,"Operating loss totalled EUR 0.3 mn , down from a profit of EUR 5.1 mn in the first half of 2009 .",0,"['operating', 'loss', 'totalled', 'eur', 'mn', 'down', 'from', 'a', 'profit', 'of', 'eur', 'mn', 'in', 'the', 'first', 'half', 'of']"
1747,"Operating loss totalled EUR 0.9 mn , down from a profit of EUR 2.7 mn .",0,"['operating', 'loss', 'totalled', 'eur', 'mn', 'down', 'from', 'a', 'profit', 'of', 'eur', 'mn']"
1748,"Pretax loss totaled EUR 1.2 mn , down from a profit of EUR 2.1 mn in 2004 .",0,"['pretax', 'loss', 'totaled', 'eur', 'mn', 'down', 'from', 'a', 'profit', 'of', 'eur', 'mn', 'in']"
1749,"The group 's operating loss was EUR 0.8 mn , down from a profit of EUR 2.5 mn in 2004 .",0,"['the', 'group', 's', 'operating', 'loss', 'was', 'eur', 'mn', 'down', 'from', 'a', 'profit', 'of', 'eur', 'mn', 'in']"
1750,"The Finnish national carrier said net loss in April through June was euro26 million , down from a net profit of euro13 million a year earlier .",0,"['the', 'finnish', 'national', 'carrier', 'said', 'net', 'loss', 'in', 'april', 'through', 'june', 'was', 'euro', 'million', 'down', 'from', 'a', 'net', 'profit', 'of', 'euro', 'million', 'a', 'year', 'earlier']"
1751,"It generated an operating loss of EUR 96.3 mn , down from a profit of EUR 43.9 mn .",0,"['it', 'generated', 'an', 'operating', 'loss', 'of', 'eur', 'mn', 'down', 'from', 'a', 'profit', 'of', 'eur', 'mn']"
1752,"UPM said the move will lower net profit by  x20ac 385 million US$ 520 million in the second quarter , mainly due to impairment charges .",0,"['upm', 'said', 'the', 'move', 'will', 'lower', 'net', 'profit', 'by', 'x', 'ac', 'million', 'us', 'million', 'in', 'the', 'second', 'quarter', 'mainly', 'due', 'to', 'impairment', 'charges']"
1753,"The two companies will also partner in further developing Raiso 's cholesterol lowering brand , Benecol .",1,"['the', 'two', 'companies', 'will', 'also', 'partner', 'in', 'further', 'developing', 'raiso', 's', 'cholesterol', 'lowering', 'brand', 'benecol']"
1754,"Since the association 's data do not cover sales figures from about 100 small local breweries and sales of imported beer products , the actual market shares of its members are smaller than those given in the report .",0,"['since', 'the', 'association', 's', 'data', 'do', 'not', 'cover', 'sales', 'figures', 'from', 'about', 'small', 'local', 'breweries', 'and', 'sales', 'of', 'imported', 'beer', 'products', 'the', 'actual', 'market', 'shares', 'of', 'its', 'members', 'are', 'smaller', 'than', 'those', 'given', 'in', 'the', 'report']"
1755,"At 1.33 pm , the OMX Helsinki 25 was 0.30 pct lower at 2,463.67 and the OMX Helsinki was down 0.37 pct at 8,537.42 on volume of 256 mln eur .",0,"['at', 'pm', 'the', 'omx', 'helsinki', 'was', 'pct', 'lower', 'at', 'and', 'the', 'omx', 'helsinki', 'was', 'down', 'pct', 'at', 'on', 'volume', 'of', 'mln', 'eur']"
1756,"At 12.01 pm , the OMX Helsinki 25 was down 0.66 pct to 3,143.57 and the OMX Helsinki was 0.67 pct lower at 10,530.74 on 253 mln eur turnover .",0,"['at', 'pm', 'the', 'omx', 'helsinki', 'was', 'down', 'pct', 'to', 'and', 'the', 'omx', 'helsinki', 'was', 'pct', 'lower', 'at', 'on', 'mln', 'eur', 'turnover']"
1757,HELSINKI ( AFX ) - KCI Konecranes said that Franklin Resources Inc 's share of voting rights in the Finnish cranes company fell last week to 4.65 pct from more than 9 pct in October 2005 .,0,"['helsinki', 'afx', 'kci', 'konecranes', 'said', 'that', 'franklin', 'resources', 'inc', 's', 'share', 'of', 'voting', 'rights', 'in', 'the', 'finnish', 'cranes', 'company', 'fell', 'last', 'week', 'to', 'pct', 'from', 'more', 'than', 'pct', 'in', 'october']"
1758,"In January-August 2009 , imports by sea in container , lorry , and trailer units fell by 27.7 % and exports by 28.6 % from the corresponding period in 2008 .",0,"['in', 'january', 'august', 'imports', 'by', 'sea', 'in', 'container', 'lorry', 'and', 'trailer', 'units', 'fell', 'by', 'and', 'exports', 'by', 'from', 'the', 'corresponding', 'period', 'in']"
1759,The airline 's share price closed down slightly at (  x20ac ) 12.51 ( $ 15US .74 ) in Helsinki .,0,"['the', 'airline', 's', 'share', 'price', 'closed', 'down', 'slightly', 'at', 'x', 'ac', 'us', 'in', 'helsinki']"
1760,"The OMX Helsinki 25 ended 0.47 pct lower at 3,150.55 and the OMX Helsinki was down 0.21 pct at 10,736.42 on 1.523 bln eur turnover .",0,"['the', 'omx', 'helsinki', 'ended', 'pct', 'lower', 'at', 'and', 'the', 'omx', 'helsinki', 'was', 'down', 'pct', 'at', 'on', 'bln', 'eur', 'turnover']"
1761,"When this information was released on 5 September 2008 , Nokia 's American Depositary shares fell by 8 % .",0,"['when', 'this', 'information', 'was', 'released', 'on', 'september', 'nokia', 's', 'american', 'depositary', 'shares', 'fell', 'by']"
1762,"Finnish construction company YIT is reducing the number of start-ups of market-financed residential units in 2007 to about 2,300 from the previously announced 2,700 .",0,"['finnish', 'construction', 'company', 'yit', 'is', 'reducing', 'the', 'number', 'of', 'start', 'ups', 'of', 'market', 'financed', 'residential', 'units', 'in', 'to', 'about', 'from', 'the', 'previously', 'announced']"
1763,"At 10.33 am , Huhtamaki was the market 's biggest faller , 8.69 pct lower at 11.35 eur , while the OMX Helsinki 25 was 0.32 pct higher at 3,332.41 , and the OMX Helsinki was up 0.47 pct at 11,687.32 .",0,"['at', 'am', 'huhtamaki', 'was', 'the', 'market', 's', 'biggest', 'faller', 'pct', 'lower', 'at', 'eur', 'while', 'the', 'omx', 'helsinki', 'was', 'pct', 'higher', 'at', 'and', 'the', 'omx', 'helsinki', 'was', 'up', 'pct', 'at']"
1764,"At 12.59 pm , the OMX Helsinki 25 index was 0.32 pct lower at 2,694.81 .",0,"['at', 'pm', 'the', 'omx', 'helsinki', 'index', 'was', 'pct', 'lower', 'at']"
1765,"At the close , the OMX Helsinki 25 was 0.01 pct lower at 3,067.64 points and the OMX Helsinki was down 0.05 pct at 10,321.46 points on over 1.343 bln eur of turnover .",0,"['at', 'the', 'close', 'the', 'omx', 'helsinki', 'was', 'pct', 'lower', 'at', 'points', 'and', 'the', 'omx', 'helsinki', 'was', 'down', 'pct', 'at', 'points', 'on', 'over', 'bln', 'eur', 'of', 'turnover']"
1766,"Capacity will ease at its Seikku sawmill in Pori and Alholma sawmill in Pietarsaari and result in 60 people being laid off for around six weeks starting mid-May , it said .",0,"['capacity', 'will', 'ease', 'at', 'its', 'seikku', 'sawmill', 'in', 'pori', 'and', 'alholma', 'sawmill', 'in', 'pietarsaari', 'and', 'result', 'in', 'people', 'being', 'laid', 'off', 'for', 'around', 'six', 'weeks', 'starting', 'mid', 'may', 'it', 'said']"
1767,The company confirmed its estimate for lower revenue for the whole 2009 than the year-ago EUR 93.9 million USD 137.3 m as given in the interim report on August 5 .,0,"['the', 'company', 'confirmed', 'its', 'estimate', 'for', 'lower', 'revenue', 'for', 'the', 'whole', 'than', 'the', 'year', 'ago', 'eur', 'million', 'usd', 'm', 'as', 'given', 'in', 'the', 'interim', 'report', 'on', 'august']"
1768,The company expects its net sales for the whole 2009 to remain below the 2008 level .,0,"['the', 'company', 'expects', 'its', 'net', 'sales', 'for', 'the', 'whole', 'to', 'remain', 'below', 'the', 'level']"
1769,The measures result from decreased demand in technical design and product information .,0,"['the', 'measures', 'result', 'from', 'decreased', 'demand', 'in', 'technical', 'design', 'and', 'product', 'information']"
1770,"The OMX Nordic 40 OMXN40 index , comprising the 40 most traded Nordic stocks on the Nasdaq OMX exchange , closed down 0.87 % at 1,064.14 points on Thursday .",0,"['the', 'omx', 'nordic', 'omxn', 'index', 'comprising', 'the', 'most', 'traded', 'nordic', 'stocks', 'on', 'the', 'nasdaq', 'omx', 'exchange', 'closed', 'down', 'at', 'points', 'on', 'thursday']"
1771,The repurchases shall decrease the distributable capital and reserves .,0,"['the', 'repurchases', 'shall', 'decrease', 'the', 'distributable', 'capital', 'and', 'reserves']"
1772,- Net sales for the period are expected to fall well below that of last year and the result after non-recurring items is expected to be in the red .,0,"['net', 'sales', 'for', 'the', 'period', 'are', 'expected', 'to', 'fall', 'well', 'below', 'that', 'of', 'last', 'year', 'and', 'the', 'result', 'after', 'non', 'recurring', 'items', 'is', 'expected', 'to', 'be', 'in', 'the', 'red']"
1773,"In Finland , the Bank of +àland reports its operating profit fell to EUR 6.1 mn in the second quarter of 2008 from EUR 7.5 mn in the second quarter of 2007 .",0,"['in', 'finland', 'the', 'bank', 'of', 'land', 'reports', 'its', 'operating', 'profit', 'fell', 'to', 'eur', 'mn', 'in', 'the', 'second', 'quarter', 'of', 'from', 'eur', 'mn', 'in', 'the', 'second', 'quarter', 'of']"
1774,"Budapest , August 10 MTI - Finnish electronics maker Elcoteq will lay off 700 workers at its plants in Pecs S Hungary at the end of September because of falling orders , communications director for Elcoteq 's local unit , Zoltan Krippl told MTI on Monday .",0,"['budapest', 'august', 'mti', 'finnish', 'electronics', 'maker', 'elcoteq', 'will', 'lay', 'off', 'workers', 'at', 'its', 'plants', 'in', 'pecs', 's', 'hungary', 'at', 'the', 'end', 'of', 'september', 'because', 'of', 'falling', 'orders', 'communications', 'director', 'for', 'elcoteq', 's', 'local', 'unit', 'zoltan', 'krippl', 'told', 'mti', 'on', 'monday']"
1775,Earnings per share EPS in 2005 decreased to EUR0 .66 from EUR1 .15 in 2004 .,0,"['earnings', 'per', 'share', 'eps', 'in', 'decreased', 'to', 'eur', 'from', 'eur', 'in']"
1776,"Finnair 's Tallinn-based subsidiary , Aero AS , carried 23,335 passengers , a decline of 60.8 % , on routes between Helsinki and the Baltic capitals and within Southern Finland .",0,"['finnair', 's', 'tallinn', 'based', 'subsidiary', 'aero', 'as', 'carried', 'passengers', 'a', 'decline', 'of', 'on', 'routes', 'between', 'helsinki', 'and', 'the', 'baltic', 'capitals', 'and', 'within', 'southern', 'finland']"
1777,"HELSINKI AFX - Kesko Corp is expected to report a lower second quarter EPS today due to tax charges , but other earnings lines are seen higher year-on-year , analysts said .",0,"['helsinki', 'afx', 'kesko', 'corp', 'is', 'expected', 'to', 'report', 'a', 'lower', 'second', 'quarter', 'eps', 'today', 'due', 'to', 'tax', 'charges', 'but', 'other', 'earnings', 'lines', 'are', 'seen', 'higher', 'year', 'on', 'year', 'analysts', 'said']"
1778,"In Q1 of 2009 , Bank of +àland 's net interest income weakened by 10 % to EUR 9.1 mn .",0,"['in', 'q', 'of', 'bank', 'of', 'land', 's', 'net', 'interest', 'income', 'weakened', 'by', 'to', 'eur', 'mn']"
1779,"ADPnews - Aug 3 , 2009 - Finnish media group Ilkka-Yhtyma Oyj HEL : ILK2S said today its net profit fell 45 % on the year to EUR 5.9 million USD 8.4 m in the first half of 2009 .",0,"['adpnews', 'aug', 'finnish', 'media', 'group', 'ilkka', 'yhtyma', 'oyj', 'hel', 'ilk', 's', 'said', 'today', 'its', 'net', 'profit', 'fell', 'on', 'the', 'year', 'to', 'eur', 'million', 'usd', 'm', 'in', 'the', 'first', 'half', 'of']"
1780,Operating profit for 2009 lower than outlook published earlier .,0,"['operating', 'profit', 'for', 'lower', 'than', 'outlook', 'published', 'earlier']"
1781,Operating profit for continuing operations fell to EUR 48.3 mn from EUR 72.4 mn in the first half of 2007 .,0,"['operating', 'profit', 'for', 'continuing', 'operations', 'fell', 'to', 'eur', 'mn', 'from', 'eur', 'mn', 'in', 'the', 'first', 'half', 'of']"
1782,"Revenue for the quarter totaled 27.4 billion , down 2 percent from 28.1 billion in the fourth quarter in 2008 .",0,"['revenue', 'for', 'the', 'quarter', 'totaled', 'billion', 'down', 'percent', 'from', 'billion', 'in', 'the', 'fourth', 'quarter', 'in']"
1783,"Sampo Bank 's market share of lending was 13.6 % , down from 14.4 % in the first quarter of 2008 .",0,"['sampo', 'bank', 's', 'market', 'share', 'of', 'lending', 'was', 'down', 'from', 'in', 'the', 'first', 'quarter', 'of']"
1784,Sanoma News ' advertising sales decreased by 22 % during the year .,0,"['sanoma', 'news', 'advertising', 'sales', 'decreased', 'by', 'during', 'the', 'year']"
1785,"26 October 2010 - Finnish environmental management company Lassila & Tikanoja Oyj ( HEL : LAT1V ) , or L&T , said today its net profit declined to EUR20 .9 m for the first nine months of 2010 from EUR27 .6 m for the same period a year earlier .",0,"['october', 'finnish', 'environmental', 'management', 'company', 'lassila', 'tikanoja', 'oyj', 'hel', 'lat', 'v', 'or', 'l', 't', 'said', 'today', 'its', 'net', 'profit', 'declined', 'to', 'eur', 'm', 'for', 'the', 'first', 'nine', 'months', 'of', 'from', 'eur', 'm', 'for', 'the', 'same', 'period', 'a', 'year', 'earlier']"
1786,Finnish Bank of +àland reports its operating profit fell to EUR 4.9 mn in the third quarter of 2007 from EUR 5.6 mn in the third quarter of 2006 .,0,"['finnish', 'bank', 'of', 'land', 'reports', 'its', 'operating', 'profit', 'fell', 'to', 'eur', 'mn', 'in', 'the', 'third', 'quarter', 'of', 'from', 'eur', 'mn', 'in', 'the', 'third', 'quarter', 'of']"
1787,"Finnish Bank of +àland reports operating profit of EUR 2.2 mn in the first quarter of 2010 , down from EUR 6.3 mn in the corresponding period in 2009 .",0,"['finnish', 'bank', 'of', 'land', 'reports', 'operating', 'profit', 'of', 'eur', 'mn', 'in', 'the', 'first', 'quarter', 'of', 'down', 'from', 'eur', 'mn', 'in', 'the', 'corresponding', 'period', 'in']"
1788,"Finnish electronics contract manufacturer Scanfil reports net sales of EUR 241.2 mn in 2006 , down from EUR 321.6 mn in 2005 .",0,"['finnish', 'electronics', 'contract', 'manufacturer', 'scanfil', 'reports', 'net', 'sales', 'of', 'eur', 'mn', 'in', 'down', 'from', 'eur', 'mn', 'in']"
1789,"Finnish electronics contract manufacturer Scanfil reports net sales of EUR 58.9 mn in the second quarter of 2007 , down from EUR 62.4 mn a year earlier .",0,"['finnish', 'electronics', 'contract', 'manufacturer', 'scanfil', 'reports', 'net', 'sales', 'of', 'eur', 'mn', 'in', 'the', 'second', 'quarter', 'of', 'down', 'from', 'eur', 'mn', 'a', 'year', 'earlier']"
1790,"Finnish Exel Composites , a technology company that designs , manufactures , and markets composite profiles and tubes for various industrial applications , reports its net sales decreased by 0.6 % in the second quarter of 2010 to EUR 19.2 mn from EUR 19.3 mn in the corresponding period in 2009 .",0,"['finnish', 'exel', 'composites', 'a', 'technology', 'company', 'that', 'designs', 'manufactures', 'and', 'markets', 'composite', 'profiles', 'and', 'tubes', 'for', 'various', 'industrial', 'applications', 'reports', 'its', 'net', 'sales', 'decreased', 'by', 'in', 'the', 'second', 'quarter', 'of', 'to', 'eur', 'mn', 'from', 'eur', 'mn', 'in', 'the', 'corresponding', 'period', 'in']"
1791,"Finnish GeoSentric 's net sales decreased to EUR 939,000 in January-March 2009 .",0,"['finnish', 'geosentric', 's', 'net', 'sales', 'decreased', 'to', 'eur', 'in', 'january', 'march']"
1792,"Finnish Kemira 's net sales EUR decreased to EUR 1,259.6 mn in January-June 2009 from EUR 1,425.1 mn in January-June 2008 .",0,"['finnish', 'kemira', 's', 'net', 'sales', 'eur', 'decreased', 'to', 'eur', 'mn', 'in', 'january', 'june', 'from', 'eur', 'mn', 'in', 'january', 'june']"
1793,"Finnish plumbing and heating systems supplier Uponor 's net sales from continuing operations decreased by 9.4 % in 2008 to EUR 949.2 mn from EUR 1,047.4 mn in 2007 .",0,"['finnish', 'plumbing', 'and', 'heating', 'systems', 'supplier', 'uponor', 's', 'net', 'sales', 'from', 'continuing', 'operations', 'decreased', 'by', 'in', 'to', 'eur', 'mn', 'from', 'eur', 'mn', 'in']"
1794,"Finnish plumbing and heating systems supplier Uponor 's net sales in continuing business operations decreased to EUR 249.1 mn in July-September 2008 , compared to EUR 262.1 mn in the third quarter of 2007 .",0,"['finnish', 'plumbing', 'and', 'heating', 'systems', 'supplier', 'uponor', 's', 'net', 'sales', 'in', 'continuing', 'business', 'operations', 'decreased', 'to', 'eur', 'mn', 'in', 'july', 'september', 'compared', 'to', 'eur', 'mn', 'in', 'the', 'third', 'quarter', 'of']"
1795,"Finnish Scanfil , a contract manufacturer and systems supplier for communication and industrial electronics reports net sales of EUR 108.7 mn in the first half of 2008 , down from EUR 111.1 mn a year earlier .",0,"['finnish', 'scanfil', 'a', 'contract', 'manufacturer', 'and', 'systems', 'supplier', 'for', 'communication', 'and', 'industrial', 'electronics', 'reports', 'net', 'sales', 'of', 'eur', 'mn', 'in', 'the', 'first', 'half', 'of', 'down', 'from', 'eur', 'mn', 'a', 'year', 'earlier']"
1796,"Finnish Scanfil , a systems supplier and contract manufacturer to the communications sector and the electronics industry , reports its net sales totalled EUR 94.7 mn in the first half of 2010 , down from EUR 99.5 mn in the first half of 2009 .",0,"['finnish', 'scanfil', 'a', 'systems', 'supplier', 'and', 'contract', 'manufacturer', 'to', 'the', 'communications', 'sector', 'and', 'the', 'electronics', 'industry', 'reports', 'its', 'net', 'sales', 'totalled', 'eur', 'mn', 'in', 'the', 'first', 'half', 'of', 'down', 'from', 'eur', 'mn', 'in', 'the', 'first', 'half', 'of']"
1797,"Finnish Scanfil , a systems supplier and contract manufacturer to the communications sector and the electronics industry , reports net sales of EUR 49.6 mn in the first quarter of 2009 , which are only a per cent smaller than in the corresponding period in 2008 .",0,"['finnish', 'scanfil', 'a', 'systems', 'supplier', 'and', 'contract', 'manufacturer', 'to', 'the', 'communications', 'sector', 'and', 'the', 'electronics', 'industry', 'reports', 'net', 'sales', 'of', 'eur', 'mn', 'in', 'the', 'first', 'quarter', 'of', 'which', 'are', 'only', 'a', 'per', 'cent', 'smaller', 'than', 'in', 'the', 'corresponding', 'period', 'in']"
1798,"Finnish shipping company Finnlines , of the Grimaldi Group , reports its net sales decreased to EUR 241.8 mn in January-June 2009 from EUR 384.0 mn in the corresponding period in 2008 .",0,"['finnish', 'shipping', 'company', 'finnlines', 'of', 'the', 'grimaldi', 'group', 'reports', 'its', 'net', 'sales', 'decreased', 'to', 'eur', 'mn', 'in', 'january', 'june', 'from', 'eur', 'mn', 'in', 'the', 'corresponding', 'period', 'in']"
1799,"Cargo traffic fell 1 % year-on-year to 8,561 tonnes in September 2009 .",0,"['cargo', 'traffic', 'fell', 'year', 'on', 'year', 'to', 'tonnes', 'in', 'september']"
1800,"Cash flow after investments amounted to EUR45m , down from EUR46m .",0,"['cash', 'flow', 'after', 'investments', 'amounted', 'to', 'eur', 'm', 'down', 'from', 'eur', 'm']"
1801,"Coca-Cola was the market leader of manufacturers with a market share of 36.9 % , down 2.2 % from the corresponding period in 2004-2005 .",0,"['coca', 'cola', 'was', 'the', 'market', 'leader', 'of', 'manufacturers', 'with', 'a', 'market', 'share', 'of', 'down', 'from', 'the', 'corresponding', 'period', 'in']"
1802,Comparable operating profit decreased to EUR 13.8 mn from EUR 17.1 mn in the corresponding period in 2005 .,0,"['comparable', 'operating', 'profit', 'decreased', 'to', 'eur', 'mn', 'from', 'eur', 'mn', 'in', 'the', 'corresponding', 'period', 'in']"
1803,Consolidated operating profit from continuing operations decreased by 62.3 % to EUR 51.2 mn from EUR 135.7 mn in 2007 .,0,"['consolidated', 'operating', 'profit', 'from', 'continuing', 'operations', 'decreased', 'by', 'to', 'eur', 'mn', 'from', 'eur', 'mn', 'in']"
1804,Consolidated pretax profit decreased by 69.2 % to EUR 41.0 mn from EUR 133.1 mn in 2007 .,0,"['consolidated', 'pretax', 'profit', 'decreased', 'by', 'to', 'eur', 'mn', 'from', 'eur', 'mn', 'in']"
1805,Device volume in the area decreased by 21 % to 2.7 mn units .,0,"['device', 'volume', 'in', 'the', 'area', 'decreased', 'by', 'to', 'mn', 'units']"
1806,Diluted earnings per share ( EPS ) declined to EUR 0.78 from EUR 1.76 .,0,"['diluted', 'earnings', 'per', 'share', 'eps', 'declined', 'to', 'eur', 'from', 'eur']"
1807,Diluted earnings per share ( EPS ) fell to EUR 0.63 from EUR 1.71 .,0,"['diluted', 'earnings', 'per', 'share', 'eps', 'fell', 'to', 'eur', 'from', 'eur']"
1808,down to EUR5 .9 m H1 '09 3 August 2009 - Finnish media group Ilkka-Yhtyma Oyj ( HEL : ILK2S ) said today its net profit fell 45 % on the year to EUR5 .9 m in the first half of 2009 .,0,"['down', 'to', 'eur', 'm', 'h', 'august', 'finnish', 'media', 'group', 'ilkka', 'yhtyma', 'oyj', 'hel', 'ilk', 's', 'said', 'today', 'its', 'net', 'profit', 'fell', 'on', 'the', 'year', 'to', 'eur', 'm', 'in', 'the', 'first', 'half', 'of']"
1809,"Earnings per share ( EPS ) amounted to EUR1 .37 , down from EUR2 .30 .",0,"['earnings', 'per', 'share', 'eps', 'amounted', 'to', 'eur', 'down', 'from', 'eur']"
1810,Earnings per share ( EPS ) in 2005 decreased to EUR1 .87 from EUR1 .89 in 2003 .,0,"['earnings', 'per', 'share', 'eps', 'in', 'decreased', 'to', 'eur', 'from', 'eur', 'in']"
1811,"Earnings per share ( EPS ) in the first half of 2007 amounted to EUR0 .29 , down from EUR0 .40 year ago .",0,"['earnings', 'per', 'share', 'eps', 'in', 'the', 'first', 'half', 'of', 'amounted', 'to', 'eur', 'down', 'from', 'eur', 'year', 'ago']"
1812,Finnair 's total traffic decreased by 8.7 % in terms of revenue passenger kilometres .,0,"['finnair', 's', 'total', 'traffic', 'decreased', 'by', 'in', 'terms', 'of', 'revenue', 'passenger', 'kilometres']"
1813,Finnish business software group AffectoGenimap Oyj said its net profit halved to 1.2 mln euro ( $ 1.5 mln ) in the first nine months of 2006 from 2.2 mln euro ( $ 2.8 mln ) in the same period of 2005 .,0,"['finnish', 'business', 'software', 'group', 'affectogenimap', 'oyj', 'said', 'its', 'net', 'profit', 'halved', 'to', 'mln', 'euro', 'mln', 'in', 'the', 'first', 'nine', 'months', 'of', 'from', 'mln', 'euro', 'mln', 'in', 'the', 'same', 'period', 'of']"
1814,"Finnish financial software solutions developer BasWare Oyj said its net profit fell to 884,000 euro ( $ 1.2 mln ) for the first quarter of 2007 from 2.0 mln euro ( $ 2.7 mln ) a year earlier .",0,"['finnish', 'financial', 'software', 'solutions', 'developer', 'basware', 'oyj', 'said', 'its', 'net', 'profit', 'fell', 'to', 'euro', 'mln', 'for', 'the', 'first', 'quarter', 'of', 'from', 'mln', 'euro', 'mln', 'a', 'year', 'earlier']"
1815,Finnish glass technology company Glaston Oyj Abp net profit decreased to 2.6 mln euro ( $ 3.8 mln ) for the first nine months of 2007 from 7.8 mln euro ( $ 11.4 mln ) for the same period of 2006 .,0,"['finnish', 'glass', 'technology', 'company', 'glaston', 'oyj', 'abp', 'net', 'profit', 'decreased', 'to', 'mln', 'euro', 'mln', 'for', 'the', 'first', 'nine', 'months', 'of', 'from', 'mln', 'euro', 'mln', 'for', 'the', 'same', 'period', 'of']"
1816,"Finnish management software solutions provider Ixonos Oyj net profit decreased to 369,000 euro ( $ 575,000 ) for the first quarter of 2008 from 669,000 euro ( $ 1.0 mln ) for the same period of 2007 .",0,"['finnish', 'management', 'software', 'solutions', 'provider', 'ixonos', 'oyj', 'net', 'profit', 'decreased', 'to', 'euro', 'for', 'the', 'first', 'quarter', 'of', 'from', 'euro', 'mln', 'for', 'the', 'same', 'period', 'of']"
1817,Finnish media company Talentum Oyj 's net profit decreased to 2.5 mln euro ( $ 4.0 mln ) for the first quarter of 2008 from 3.0 mln euro ( $ 4.7 mln ) for the same period of 2007 .,0,"['finnish', 'media', 'company', 'talentum', 'oyj', 's', 'net', 'profit', 'decreased', 'to', 'mln', 'euro', 'mln', 'for', 'the', 'first', 'quarter', 'of', 'from', 'mln', 'euro', 'mln', 'for', 'the', 'same', 'period', 'of']"
1818,Finnish metal products company Componenta Oyj net profit went slightly down to 25.1 mln euro ( $ 40.2 mln ) for the first half of 2008 from 25.4 mln euro ( $ 40.7 mln ) for the same period of 2007 .,0,"['finnish', 'metal', 'products', 'company', 'componenta', 'oyj', 'net', 'profit', 'went', 'slightly', 'down', 'to', 'mln', 'euro', 'mln', 'for', 'the', 'first', 'half', 'of', 'from', 'mln', 'euro', 'mln', 'for', 'the', 'same', 'period', 'of']"
1819,"In a separate announcement to the Helsinki stock exchange , Atria revealed that the company 's third quarter profits declined from EUR13 .9 m in the third quarter of last year to EUR12 .7 m in this year 's Q3 .",0,"['in', 'a', 'separate', 'announcement', 'to', 'the', 'helsinki', 'stock', 'exchange', 'atria', 'revealed', 'that', 'the', 'company', 's', 'third', 'quarter', 'profits', 'declined', 'from', 'eur', 'm', 'in', 'the', 'third', 'quarter', 'of', 'last', 'year', 'to', 'eur', 'm', 'in', 'this', 'year', 's', 'q']"
1820,"In the fourth quarter of 2008 , net sales decreased to EUR 121.4 mn from EUR 165.5 mn in the fourth quarter of 2007 .",0,"['in', 'the', 'fourth', 'quarter', 'of', 'net', 'sales', 'decreased', 'to', 'eur', 'mn', 'from', 'eur', 'mn', 'in', 'the', 'fourth', 'quarter', 'of']"
1821,"Insurer Axa ( PAR : CS ) slid by 5.35 % to EUR 14.15 , after Citigroup and ING slashed their targets on the stock .",0,"['insurer', 'axa', 'par', 'cs', 'slid', 'by', 'to', 'eur', 'after', 'citigroup', 'and', 'ing', 'slashed', 'their', 'targets', 'on', 'the', 'stock']"
1822,"( ADP News ) - Feb 11 , 2009 - Finnish wood products technology supplier Raute Oyj ( HEL : RUTAV ) said today its net profit decreased to EUR 4.7 million ( USD 6.1 m ) for 2008 from EUR 6.6 million for 2007 .",0,"['adp', 'news', 'feb', 'finnish', 'wood', 'products', 'technology', 'supplier', 'raute', 'oyj', 'hel', 'rutav', 'said', 'today', 'its', 'net', 'profit', 'decreased', 'to', 'eur', 'million', 'usd', 'm', 'for', 'from', 'eur', 'million', 'for']"
1823,"( ADP News ) - Feb 12 , 2009 - Finnish construction company Lemminkainen Oyj ( HEL : LEM1S ) said today its net profit decreased to EUR 63.5 million ( USD 81.1 m ) for 2008 from EUR 80.6 million for 2007 .",0,"['adp', 'news', 'feb', 'finnish', 'construction', 'company', 'lemminkainen', 'oyj', 'hel', 'lem', 's', 'said', 'today', 'its', 'net', 'profit', 'decreased', 'to', 'eur', 'million', 'usd', 'm', 'for', 'from', 'eur', 'million', 'for']"
1824,"( ADP News ) - Feb 4 , 2009 - Finnish broadband data communication systems and solutions company Teleste Oyj ( HEL : TLT1V ) said today its net profit decreased to EUR 5.5 million ( USD 7.2 m ) for 2008 from EUR 9.4 million for 200",0,"['adp', 'news', 'feb', 'finnish', 'broadband', 'data', 'communication', 'systems', 'and', 'solutions', 'company', 'teleste', 'oyj', 'hel', 'tlt', 'v', 'said', 'today', 'its', 'net', 'profit', 'decreased', 'to', 'eur', 'million', 'usd', 'm', 'for', 'from', 'eur', 'million', 'for']"
1825,"( ADP News ) - Jan 22 , 2009 - Finnish mobile phones maker Nokia Oyj ( OMX : NOK1V ) said today its operating profit decreased to EUR 5 billion ( USD 6.5 bn ) for 2008 from EUR 8 billion for 2007 .",0,"['adp', 'news', 'jan', 'finnish', 'mobile', 'phones', 'maker', 'nokia', 'oyj', 'omx', 'nok', 'v', 'said', 'today', 'its', 'operating', 'profit', 'decreased', 'to', 'eur', 'billion', 'usd', 'bn', 'for', 'from', 'eur', 'billion', 'for']"
1826,"( ADPnews ) - May 4 , 2010 - Finnish cutlery and hand tools maker Fiskars Oyj Abp ( HEL : FISAS ) said today its net profit declined to EUR 12.9 million ( USD 17m ) in the first quarter of 2010 from EUR 17 million in the correspond",0,"['adpnews', 'may', 'finnish', 'cutlery', 'and', 'hand', 'tools', 'maker', 'fiskars', 'oyj', 'abp', 'hel', 'fisas', 'said', 'today', 'its', 'net', 'profit', 'declined', 'to', 'eur', 'million', 'usd', 'm', 'in', 'the', 'first', 'quarter', 'of', 'from', 'eur', 'million', 'in', 'the', 'correspond']"
1827,"( ADPnews ) - Oct 21 , 2009 - Finland-based IT consultancy Tieto Oyj ( HEL : TIE1V ) said today its net profit plunged to EUR 29.4 million ( USD 43.9 m ) for the first nine months of 2009 from EUR 58.7 million for the same period o",0,"['adpnews', 'oct', 'finland', 'based', 'it', 'consultancy', 'tieto', 'oyj', 'hel', 'tie', 'v', 'said', 'today', 'its', 'net', 'profit', 'plunged', 'to', 'eur', 'million', 'usd', 'm', 'for', 'the', 'first', 'nine', 'months', 'of', 'from', 'eur', 'million', 'for', 'the', 'same', 'period', 'o']"
1828,Market share decreased on the route between Helsinki in Finland and Tallinn in Estonia by 0.1 percentage points to 24.8 % .,0,"['market', 'share', 'decreased', 'on', 'the', 'route', 'between', 'helsinki', 'in', 'finland', 'and', 'tallinn', 'in', 'estonia', 'by', 'percentage', 'points', 'to']"
1829,Net profit fell by almost half to +é 5.5 million from +é 9.4 million at the end of 2007 .,0,"['net', 'profit', 'fell', 'by', 'almost', 'half', 'to', 'million', 'from', 'million', 'at', 'the', 'end', 'of']"
1830,"Net profit in the three months through March 31 fell to (  x20ac ) 103 million ( US$ 165 million ) from (  x20ac ) 131 million a year earlier , the Finnish company said .",0,"['net', 'profit', 'in', 'the', 'three', 'months', 'through', 'march', 'fell', 'to', 'x', 'ac', 'million', 'us', 'million', 'from', 'x', 'ac', 'million', 'a', 'year', 'earlier', 'the', 'finnish', 'company', 'said']"
1831,Net sales decreased to EUR 220.5 mn from EUR 470.0 mn in the corresponding period in 2009 .,0,"['net', 'sales', 'decreased', 'to', 'eur', 'mn', 'from', 'eur', 'mn', 'in', 'the', 'corresponding', 'period', 'in']"
1832,Net sales decreased to EUR 91.6 mn from EUR 109mn in the corresponding period in 2005 .,0,"['net', 'sales', 'decreased', 'to', 'eur', 'mn', 'from', 'eur', 'mn', 'in', 'the', 'corresponding', 'period', 'in']"
1833,Net sales fell by 33 % from the third quarter of 2008 to EUR 130.5 mn .,0,"['net', 'sales', 'fell', 'by', 'from', 'the', 'third', 'quarter', 'of', 'to', 'eur', 'mn']"
1834,Net sales fell by 5 % from the previous accounting period .,0,"['net', 'sales', 'fell', 'by', 'from', 'the', 'previous', 'accounting', 'period']"
1835,"Net sales of Kyro 's main business area , Glaston Technologies , a manufacturer of glass processing machines , decreased to EUR 161.5 mn from EUR 164.1 mn in January-September 2005 .",0,"['net', 'sales', 'of', 'kyro', 's', 'main', 'business', 'area', 'glaston', 'technologies', 'a', 'manufacturer', 'of', 'glass', 'processing', 'machines', 'decreased', 'to', 'eur', 'mn', 'from', 'eur', 'mn', 'in', 'january', 'september']"
1836,Operating profit decreased to EUR 16mn from EUR 21.1 mn in 2008 .,0,"['operating', 'profit', 'decreased', 'to', 'eur', 'mn', 'from', 'eur', 'mn', 'in']"
1837,Operating profit fell from EUR 7.9 mn in the second quarter of 2005 to EUR 5.1 mn in the second quarter of 2006 .,0,"['operating', 'profit', 'fell', 'from', 'eur', 'mn', 'in', 'the', 'second', 'quarter', 'of', 'to', 'eur', 'mn', 'in', 'the', 'second', 'quarter', 'of']"
1838,Operating profit fell to EUR 15.1 mn from EUR 24.6 mn in 2006 .,0,"['operating', 'profit', 'fell', 'to', 'eur', 'mn', 'from', 'eur', 'mn', 'in']"
1839,Operating profit fell to EUR 23.26 mn from EUR 32.86 mn .,0,"['operating', 'profit', 'fell', 'to', 'eur', 'mn', 'from', 'eur', 'mn']"
1840,Operating profit fell to EUR 38.1 mn from EUR 55.3 mn in 2007 .,0,"['operating', 'profit', 'fell', 'to', 'eur', 'mn', 'from', 'eur', 'mn', 'in']"
1841,Operating profit fell to EUR 6.2 mn from EUR 8.5 mn in the third quarter of 2007 .,0,"['operating', 'profit', 'fell', 'to', 'eur', 'mn', 'from', 'eur', 'mn', 'in', 'the', 'third', 'quarter', 'of']"
1842,Orion 's net profit for the third quarter of 2007 decreased to 36.5 mln euro ( $ 52.1 mln ) from 40.3 mln euro ( $ 57.5 mln ) a year earlier .,0,"['orion', 's', 'net', 'profit', 'for', 'the', 'third', 'quarter', 'of', 'decreased', 'to', 'mln', 'euro', 'mln', 'from', 'mln', 'euro', 'mln', 'a', 'year', 'earlier']"
1843,Pretax profit decreased by 37 % to EUR 193.1 mn from EUR 305.6 mn .,0,"['pretax', 'profit', 'decreased', 'by', 'to', 'eur', 'mn', 'from', 'eur', 'mn']"
1844,Pretax profit decreased to EUR 33.8 mn from EUR 40.8 mn in the fourth quarter of 2005 .,0,"['pretax', 'profit', 'decreased', 'to', 'eur', 'mn', 'from', 'eur', 'mn', 'in', 'the', 'fourth', 'quarter', 'of']"
1845,"Pretax profit totaled EUR 9.0 mn , down from EUR 36.3 mn in 2007 .",0,"['pretax', 'profit', 'totaled', 'eur', 'mn', 'down', 'from', 'eur', 'mn', 'in']"
1846,Prices and delivery volumes of broadband products decreased significantly in 2005 .,0,"['prices', 'and', 'delivery', 'volumes', 'of', 'broadband', 'products', 'decreased', 'significantly', 'in']"
1847,Profit for the period fell to EUR 1.6 mn from EUR 7.5 mn in January-September 2008 .,0,"['profit', 'for', 'the', 'period', 'fell', 'to', 'eur', 'mn', 'from', 'eur', 'mn', 'in', 'january', 'september']"
1848,"Profit for the period totalled EUR 0.8 mn , down from EUR 1.1 mn in the corresponding period in 2008 .",0,"['profit', 'for', 'the', 'period', 'totalled', 'eur', 'mn', 'down', 'from', 'eur', 'mn', 'in', 'the', 'corresponding', 'period', 'in']"
1849,"Profit for the period totalled EUR 1.1 mn , down from EUR 1.6 mn in the third quarter of 2008 .",0,"['profit', 'for', 'the', 'period', 'totalled', 'eur', 'mn', 'down', 'from', 'eur', 'mn', 'in', 'the', 'third', 'quarter', 'of']"
1850,Revenue in the quarter fell 8 percent to ( EURO ) 2.4 billion compared to a year earlier .,0,"['revenue', 'in', 'the', 'quarter', 'fell', 'percent', 'to', 'euro', 'billion', 'compared', 'to', 'a', 'year', 'earlier']"
1851,SRV lowered its net sales estimate for the whole of 2008 due to uncertainties in housing sales .,0,"['srv', 'lowered', 'its', 'net', 'sales', 'estimate', 'for', 'the', 'whole', 'of', 'due', 'to', 'uncertainties', 'in', 'housing', 'sales']"
1852,Stora Enso Oyj said its second-quarter result would fall by half compared with the same period in 2007 .,0,"['stora', 'enso', 'oyj', 'said', 'its', 'second', 'quarter', 'result', 'would', 'fall', 'by', 'half', 'compared', 'with', 'the', 'same', 'period', 'in']"
1853,Subscription sales decreased slightly .,0,"['subscription', 'sales', 'decreased', 'slightly']"
1854,The company confirmed its estimate for lower revenue for the whole 2009 than the year-ago EUR93 .9 m as given in the interim report on 5 August 2009 .,0,"['the', 'company', 'confirmed', 'its', 'estimate', 'for', 'lower', 'revenue', 'for', 'the', 'whole', 'than', 'the', 'year', 'ago', 'eur', 'm', 'as', 'given', 'in', 'the', 'interim', 'report', 'on', 'august']"
1855,The company said that the fall in turnover had been planned .,0,"['the', 'company', 'said', 'that', 'the', 'fall', 'in', 'turnover', 'had', 'been', 'planned']"
1856,The Department Store Division 's sales fell by 8.6 % to EUR 140.2 mn .,0,"['the', 'department', 'store', 'division', 's', 'sales', 'fell', 'by', 'to', 'eur', 'mn']"
1857,The fair value of the company 's investment properties went down to EUR 2.768 billion at the end of 2009 from EUR 2.916 billion a year earlier .,0,"['the', 'fair', 'value', 'of', 'the', 'company', 's', 'investment', 'properties', 'went', 'down', 'to', 'eur', 'billion', 'at', 'the', 'end', 'of', 'from', 'eur', 'billion', 'a', 'year', 'earlier']"
1858,The fair value of the company 's investment properties went down to EUR2 .769 bn at the end of September 2009 from EUR2 .878 bn a year earlier .,0,"['the', 'fair', 'value', 'of', 'the', 'company', 's', 'investment', 'properties', 'went', 'down', 'to', 'eur', 'bn', 'at', 'the', 'end', 'of', 'september', 'from', 'eur', 'bn', 'a', 'year', 'earlier']"
1859,The Group 's order portfolio decreased from EUR 42.9 mn in 9-2007 to EUR 33.3 mn in 2-2008 .,0,"['the', 'group', 's', 'order', 'portfolio', 'decreased', 'from', 'eur', 'mn', 'in', 'to', 'eur', 'mn', 'in']"
1860,The net sales decreased to EUR 49.8 million from EUR 59.9 million .,0,"['the', 'net', 'sales', 'decreased', 'to', 'eur', 'million', 'from', 'eur', 'million']"
1861,The sales of the Tiimari segment fell by 4.0 % year-on-year to EUR3 .3 m in June 2010 .,0,"['the', 'sales', 'of', 'the', 'tiimari', 'segment', 'fell', 'by', 'year', 'on', 'year', 'to', 'eur', 'm', 'in', 'june']"
1862,"Finnish electronics contract manufacturer Scanfil had net sales of EUR 52.2 mn in the first quarter of 2007 , down from EUR 60.1 mn a year before .",0,"['finnish', 'electronics', 'contract', 'manufacturer', 'scanfil', 'had', 'net', 'sales', 'of', 'eur', 'mn', 'in', 'the', 'first', 'quarter', 'of', 'down', 'from', 'eur', 'mn', 'a', 'year', 'before']"
1863,"Alma Media 's operating profit amounted to EUR 11.9 mn , down from EUR 15.0 mn a year earlier .",0,"['alma', 'media', 's', 'operating', 'profit', 'amounted', 'to', 'eur', 'mn', 'down', 'from', 'eur', 'mn', 'a', 'year', 'earlier']"
1864,"Commission income decreased to EUR 3.8 mn , compared to EUR 4.6 mn in the third quarter of 2007 .",0,"['commission', 'income', 'decreased', 'to', 'eur', 'mn', 'compared', 'to', 'eur', 'mn', 'in', 'the', 'third', 'quarter', 'of']"
1865,Commission income fell to EUR 4.6 mn from EUR 5.1 mn in the corresponding period in 2007 .,0,"['commission', 'income', 'fell', 'to', 'eur', 'mn', 'from', 'eur', 'mn', 'in', 'the', 'corresponding', 'period', 'in']"
1866,Export declined by 6 percent to 16.4 million liters .,0,"['export', 'declined', 'by', 'percent', 'to', 'million', 'liters']"
1867,"Exports of goods fell by 59 % , and imports by 16.7 % .",0,"['exports', 'of', 'goods', 'fell', 'by', 'and', 'imports', 'by']"
1868,Finnish developer and manufacturer of mobile phone chargers Salcomp Plc OMX Helsinki : SAL1V on Wednesday 19 November lowered its full-year net sales estimate .,0,"['finnish', 'developer', 'and', 'manufacturer', 'of', 'mobile', 'phone', 'chargers', 'salcomp', 'plc', 'omx', 'helsinki', 'sal', 'v', 'on', 'wednesday', 'november', 'lowered', 'its', 'full', 'year', 'net', 'sales', 'estimate']"
1869,Finnish investment group Norvestia Oyj said its net profit fell to 23.5 mln euro $ 30.6 mln in 2006 from 33.5 mln euro $ 43.6 mln in 2005 .,0,"['finnish', 'investment', 'group', 'norvestia', 'oyj', 'said', 'its', 'net', 'profit', 'fell', 'to', 'mln', 'euro', 'mln', 'in', 'from', 'mln', 'euro', 'mln', 'in']"
1870,"Group EBIT for the first half was EUR13 .6 m US$ 17.8 m , falling short of the EUR22 .5 m it posted for the same period of 2009 .",0,"['group', 'ebit', 'for', 'the', 'first', 'half', 'was', 'eur', 'm', 'us', 'm', 'falling', 'short', 'of', 'the', 'eur', 'm', 'it', 'posted', 'for', 'the', 'same', 'period', 'of']"
1871,"However , its market share shrank to 47.59 per cent from 48 per cent a year earlier .",0,"['however', 'its', 'market', 'share', 'shrank', 'to', 'per', 'cent', 'from', 'per', 'cent', 'a', 'year', 'earlier']"
1872,"However , the company saw its net profit for the third quarter down to EUR 1.4 million from EUR 1.5 million for the corresponding period of 2009 .",0,"['however', 'the', 'company', 'saw', 'its', 'net', 'profit', 'for', 'the', 'third', 'quarter', 'down', 'to', 'eur', 'million', 'from', 'eur', 'million', 'for', 'the', 'corresponding', 'period', 'of']"
1873,"However , the company saw its net profit for the third quarter down to EUR1 .4 m from EUR1 .5 m for the corresponding period of 2009 .",0,"['however', 'the', 'company', 'saw', 'its', 'net', 'profit', 'for', 'the', 'third', 'quarter', 'down', 'to', 'eur', 'm', 'from', 'eur', 'm', 'for', 'the', 'corresponding', 'period', 'of']"
1874,"However , the net sales declined to EUR 803.6 million from EUR 1.2 billion .",0,"['however', 'the', 'net', 'sales', 'declined', 'to', 'eur', 'million', 'from', 'eur', 'billion']"
1875,"In food trade , sales amounted to EUR320 .1 m , a decline of 1.1 % .",0,"['in', 'food', 'trade', 'sales', 'amounted', 'to', 'eur', 'm', 'a', 'decline', 'of']"
1876,"In January-November 2009 , the group 's sales totalled EUR 7,801.7 mn , which was a drop of 12.6 % from the same period of 2008 .",0,"['in', 'january', 'november', 'the', 'group', 's', 'sales', 'totalled', 'eur', 'mn', 'which', 'was', 'a', 'drop', 'of', 'from', 'the', 'same', 'period', 'of']"
1877,"In July-September 2009 , Konecranes ' sales decreased to EUR 368.7 mn from EUR 520.4 mn in July-September 2008 .",0,"['in', 'july', 'september', 'konecranes', 'sales', 'decreased', 'to', 'eur', 'mn', 'from', 'eur', 'mn', 'in', 'july', 'september']"
1878,"In sales volume , Coca-Cola 's market share has decreased by 2.2 % to 24.2 % .",0,"['in', 'sales', 'volume', 'coca', 'cola', 's', 'market', 'share', 'has', 'decreased', 'by', 'to']"
1879,"In September alone , the market declined by 10.2 percent year-on-year to 19.28 million liters .",0,"['in', 'september', 'alone', 'the', 'market', 'declined', 'by', 'percent', 'year', 'on', 'year', 'to', 'million', 'liters']"
1880,"In the Baltic countries , development of operations and reorganisation continued , and non-recurring items related to the takeover process lowered earnings .",0,"['in', 'the', 'baltic', 'countries', 'development', 'of', 'operations', 'and', 'reorganisation', 'continued', 'and', 'non', 'recurring', 'items', 'related', 'to', 'the', 'takeover', 'process', 'lowered', 'earnings']"
1881,"In the Baltic countries , sales fell by 40.2 % , and in Russia , by 23.2 % in terms of euros , and by 10.7 % in terms of local currency .",0,"['in', 'the', 'baltic', 'countries', 'sales', 'fell', 'by', 'and', 'in', 'russia', 'by', 'in', 'terms', 'of', 'euros', 'and', 'by', 'in', 'terms', 'of', 'local', 'currency']"
1882,"In the Baltic countries , sales fell by 42.6 % .",0,"['in', 'the', 'baltic', 'countries', 'sales', 'fell', 'by']"
1883,Nokia s U.S. shares were 3.3 percent lower at $ 12.73 by 1750 GMT .,0,"['nokia', 's', 'u', 's', 'shares', 'were', 'percent', 'lower', 'at', 'by', 'gmt']"
1884,"Nokia shares hit 13.21 euros on Friday , down 50 percent from the start of the year in part because of the slow introduction of touch-screen models .",0,"['nokia', 'shares', 'hit', 'euros', 'on', 'friday', 'down', 'percent', 'from', 'the', 'start', 'of', 'the', 'year', 'in', 'part', 'because', 'of', 'the', 'slow', 'introduction', 'of', 'touch', 'screen', 'models']"
1885,Operating profit decreased to EUR 11.2 mn from EUR 16.6 mn .,0,"['operating', 'profit', 'decreased', 'to', 'eur', 'mn', 'from', 'eur', 'mn']"
1886,"Operating profit decreased to nearly EUR 1.7 mn , however .",0,"['operating', 'profit', 'decreased', 'to', 'nearly', 'eur', 'mn', 'however']"
1887,Operating profit fell to EUR 20.3 mn from EUR 74.2 mn in the second quarter of 2008 .,0,"['operating', 'profit', 'fell', 'to', 'eur', 'mn', 'from', 'eur', 'mn', 'in', 'the', 'second', 'quarter', 'of']"
1888,Operating profit in the fourth quarter fell to EUR33m from EUR39m a year earlier .,0,"['operating', 'profit', 'in', 'the', 'fourth', 'quarter', 'fell', 'to', 'eur', 'm', 'from', 'eur', 'm', 'a', 'year', 'earlier']"
1889,"Operating profit totaled EUR 3.8 mn , down from EUR 4.5 mn in the corresponding period in 2005 .",0,"['operating', 'profit', 'totaled', 'eur', 'mn', 'down', 'from', 'eur', 'mn', 'in', 'the', 'corresponding', 'period', 'in']"
1890,"Operating profit totaled EUR 6.7 mn , down from EUR 7.2 mn in the corresponding period in 2005 .",0,"['operating', 'profit', 'totaled', 'eur', 'mn', 'down', 'from', 'eur', 'mn', 'in', 'the', 'corresponding', 'period', 'in']"
1891,"Operating profit totaled EUR 9.4 mn , down from EUR 11.7 mn in 2004 .",0,"['operating', 'profit', 'totaled', 'eur', 'mn', 'down', 'from', 'eur', 'mn', 'in']"
1892,"Operating profit totalled EUR 1.22 mn , down from EUR 3.56 mn in the first quarter of 2008 .",0,"['operating', 'profit', 'totalled', 'eur', 'mn', 'down', 'from', 'eur', 'mn', 'in', 'the', 'first', 'quarter', 'of']"
1893,"Operating profit totalled EUR 30.2 mn , down from EUR 43.8 mn a year earlier .",0,"['operating', 'profit', 'totalled', 'eur', 'mn', 'down', 'from', 'eur', 'mn', 'a', 'year', 'earlier']"
1894,"Operating profit totalled EUR 9.0 mn , down from EUR 9.7 mn in the first half of 2008 .",0,"['operating', 'profit', 'totalled', 'eur', 'mn', 'down', 'from', 'eur', 'mn', 'in', 'the', 'first', 'half', 'of']"
1895,"Operating profit totalled EUR 9.6 mn , down from EUR 42.0 mn the year before .",0,"['operating', 'profit', 'totalled', 'eur', 'mn', 'down', 'from', 'eur', 'mn', 'the', 'year', 'before']"
1896,"Operating profit was EUR -0.1 mn , down from EUR 1.3 mn .",0,"['operating', 'profit', 'was', 'eur', 'mn', 'down', 'from', 'eur', 'mn']"
1897,"Profit for the period was EUR 10.9 mn , down from EUR 14.3 mn in 2009 .",0,"['profit', 'for', 'the', 'period', 'was', 'eur', 'mn', 'down', 'from', 'eur', 'mn', 'in']"
1898,"Revenue was slightly down , at  x20ac 495 million $ 634 million , compared to  x20ac 497 million a year earlier .",0,"['revenue', 'was', 'slightly', 'down', 'at', 'x', 'ac', 'million', 'million', 'compared', 'to', 'x', 'ac', 'million', 'a', 'year', 'earlier']"
1899,"Sales at the Tiimari business went down by 8 % to EUR 11.8 million , while Gallerix stores saw 29 % growth to EUR 2 million .",0,"['sales', 'at', 'the', 'tiimari', 'business', 'went', 'down', 'by', 'to', 'eur', 'million', 'while', 'gallerix', 'stores', 'saw', 'growth', 'to', 'eur', 'million']"
1900,Sales by Seppala diminished by 6 per cent .,0,"['sales', 'by', 'seppala', 'diminished', 'by', 'per', 'cent']"
1901,Talentum 's net sales in September were smaller than expected .,0,"['talentum', 's', 'net', 'sales', 'in', 'september', 'were', 'smaller', 'than', 'expected']"
1902,The company 's previous estimate was for a lower revenue than the year-ago EUR 93.9 million .,0,"['the', 'company', 's', 'previous', 'estimate', 'was', 'for', 'a', 'lower', 'revenue', 'than', 'the', 'year', 'ago', 'eur', 'million']"
1903,"The company 's profit totaled Ls 578,100 in H1 2007 , down 30.9 % year-on-year .",0,"['the', 'company', 's', 'profit', 'totaled', 'ls', 'in', 'h', 'down', 'year', 'on', 'year']"
1904,The company said that sales in the three months to the end of March slid to EUR86 .4 m US$ 113.4 m from EUR91 .2 m last year .,0,"['the', 'company', 'said', 'that', 'sales', 'in', 'the', 'three', 'months', 'to', 'the', 'end', 'of', 'march', 'slid', 'to', 'eur', 'm', 'us', 'm', 'from', 'eur', 'm', 'last', 'year']"
1905,The operating margin came down to 2.4 % from 5.7 % .,0,"['the', 'operating', 'margin', 'came', 'down', 'to', 'from']"
1906,The operating margin of Aker Yards Cruise & Ferries division went down from 8.3 % to 6.4 % in the first quarter of 2007 .,0,"['the', 'operating', 'margin', 'of', 'aker', 'yards', 'cruise', 'ferries', 'division', 'went', 'down', 'from', 'to', 'in', 'the', 'first', 'quarter', 'of']"
1907,The terms of the aforementioned funding are considerably below the Bank 's current CDS levels in the market and have a maturity ranging from 1 to 7.5 years .,0,"['the', 'terms', 'of', 'the', 'aforementioned', 'funding', 'are', 'considerably', 'below', 'the', 'bank', 's', 'current', 'cds', 'levels', 'in', 'the', 'market', 'and', 'have', 'a', 'maturity', 'ranging', 'from', 'to', 'years']"
1908,The total capital of funds managed by the bank decreased by 28 % to EUR 284mn by the end of September 2008 .,0,"['the', 'total', 'capital', 'of', 'funds', 'managed', 'by', 'the', 'bank', 'decreased', 'by', 'to', 'eur', 'mn', 'by', 'the', 'end', 'of', 'september']"
1909,UPM stock fell 3 percent to EURO 12.49 $ 17.24 in early afternoon trading in Helsinki .,0,"['upm', 'stock', 'fell', 'percent', 'to', 'euro', 'in', 'early', 'afternoon', 'trading', 'in', 'helsinki']"
1910,"YIT 's Baltic sales in the first three quarters of 2008 totaled 106.2 million euros , representing a drop of 29 percent year on year .",0,"['yit', 's', 'baltic', 'sales', 'in', 'the', 'first', 'three', 'quarters', 'of', 'totaled', 'million', 'euros', 'representing', 'a', 'drop', 'of', 'percent', 'year', 'on', 'year']"
1911,"According to the company , its operating profit , excluding non-recurring items , in the fourth quarter of 2009 was significantly better than expected , and also better than the figures for the fourth quarter of 2008 .",1,"['according', 'to', 'the', 'company', 'its', 'operating', 'profit', 'excluding', 'non', 'recurring', 'items', 'in', 'the', 'fourth', 'quarter', 'of', 'was', 'significantly', 'better', 'than', 'expected', 'and', 'also', 'better', 'than', 'the', 'figures', 'for', 'the', 'fourth', 'quarter', 'of']"
1912,`` I am extremely delighted with this project and the continuation of cooperation with Viking Line .,1,"['i', 'am', 'extremely', 'delighted', 'with', 'this', 'project', 'and', 'the', 'continuation', 'of', 'cooperation', 'with', 'viking', 'line']"
1913,"The apartment block will be well-located , in easy reach of the city center and close to both a school and kindergarten .",1,"['the', 'apartment', 'block', 'will', 'be', 'well', 'located', 'in', 'easy', 'reach', 'of', 'the', 'city', 'center', 'and', 'close', 'to', 'both', 'a', 'school', 'and', 'kindergarten']"
1914,"The antibody , given at repeated doses of up to 8 mg-kg , was generally well tolerated , and the pharmacokinetic characteristics of BTT-1023 in psoriasis patients were consistent with those observed in a previously completed study in rheumatoid arthritis RA patients .",1,"['the', 'antibody', 'given', 'at', 'repeated', 'doses', 'of', 'up', 'to', 'mg', 'kg', 'was', 'generally', 'well', 'tolerated', 'and', 'the', 'pharmacokinetic', 'characteristics', 'of', 'btt', 'in', 'psoriasis', 'patients', 'were', 'consistent', 'with', 'those', 'observed', 'in', 'a', 'previously', 'completed', 'study', 'in', 'rheumatoid', 'arthritis', 'ra', 'patients']"
1915,"ADPnews - Sep 28 , 2009 - Finnish silicon wafers maker Okmetic Oyj HEL : OKM1V said it will reduce the number of its clerical workers by 22 worldwide as a result of personnel negotiations completed today .",0,"['adpnews', 'sep', 'finnish', 'silicon', 'wafers', 'maker', 'okmetic', 'oyj', 'hel', 'okm', 'v', 'said', 'it', 'will', 'reduce', 'the', 'number', 'of', 'its', 'clerical', 'workers', 'by', 'worldwide', 'as', 'a', 'result', 'of', 'personnel', 'negotiations', 'completed', 'today']"
1916,"- Demand for fireplace products was lower than expected , especially in Germany .",0,"['demand', 'for', 'fireplace', 'products', 'was', 'lower', 'than', 'expected', 'especially', 'in', 'germany']"
1917,"Currently , the company foresees its pre-tax profit to remain below the 2009 level when it reached EUR 700,000 USD 934,000 , compared with previous projections of a slightly better pre-tax profit .",0,"['currently', 'the', 'company', 'foresees', 'its', 'pre', 'tax', 'profit', 'to', 'remain', 'below', 'the', 'level', 'when', 'it', 'reached', 'eur', 'usd', 'compared', 'with', 'previous', 'projections', 'of', 'a', 'slightly', 'better', 'pre', 'tax', 'profit']"
1918,"However , the orders received during the period under review fell by 17 % quarter-on-quarter from the EUR 213 million recorded in the second quarter of 2010 .",0,"['however', 'the', 'orders', 'received', 'during', 'the', 'period', 'under', 'review', 'fell', 'by', 'quarter', 'on', 'quarter', 'from', 'the', 'eur', 'million', 'recorded', 'in', 'the', 'second', 'quarter', 'of']"
1919,"The announcement pushed Freenet shares down 6.3 % , or EUR0 .71 , in Frankfurt trade to EUR10 .65 as investors gave up hope United Internet AG and Drillisch would pursue their own takeover and breakup of Freenet .",0,"['the', 'announcement', 'pushed', 'freenet', 'shares', 'down', 'or', 'eur', 'in', 'frankfurt', 'trade', 'to', 'eur', 'as', 'investors', 'gave', 'up', 'hope', 'united', 'internet', 'ag', 'and', 'drillisch', 'would', 'pursue', 'their', 'own', 'takeover', 'and', 'breakup', 'of', 'freenet']"
1920,"Danske Bank A-S DANSKE DC jumped 3.7 percent to 133.4 kroner , rebounding from yesterday s 3.5 percent slide .",1,"['danske', 'bank', 'a', 's', 'danske', 'dc', 'jumped', 'percent', 'to', 'kroner', 'rebounding', 'from', 'yesterday', 's', 'percent', 'slide']"
1921,Our superior customer centricity and expertise in digital services set us apart from our competitors .,1,"['our', 'superior', 'customer', 'centricity', 'and', 'expertise', 'in', 'digital', 'services', 'set', 'us', 'apart', 'from', 'our', 'competitors']"
1922,"According to the company , in addition to normal seasonal fluctuation the market situation has weakened during autumn 2008 .",0,"['according', 'to', 'the', 'company', 'in', 'addition', 'to', 'normal', 'seasonal', 'fluctuation', 'the', 'market', 'situation', 'has', 'weakened', 'during', 'autumn']"
1923,"Changes in the market situation and tougher price competition have substantially reduced demand for bread packaging manufactured at the Kauhava plant , according to the company .",0,"['changes', 'in', 'the', 'market', 'situation', 'and', 'tougher', 'price', 'competition', 'have', 'substantially', 'reduced', 'demand', 'for', 'bread', 'packaging', 'manufactured', 'at', 'the', 'kauhava', 'plant', 'according', 'to', 'the', 'company']"
1924,"In the building and home improvement trade , sales decreased by 6.3 % , totalling EUR 154.1 mn .",0,"['in', 'the', 'building', 'and', 'home', 'improvement', 'trade', 'sales', 'decreased', 'by', 'totalling', 'eur', 'mn']"
1925,"In the building and home improvement trade , net sales totalled EUR 1,173 mn , down from EUR 1,566 mn a year earlier .",0,"['in', 'the', 'building', 'and', 'home', 'improvement', 'trade', 'net', 'sales', 'totalled', 'eur', 'mn', 'down', 'from', 'eur', 'mn', 'a', 'year', 'earlier']"
1926,"In the building and home improvement trade , sales decreased by 22.5 % to EUR 201.4 mn .",0,"['in', 'the', 'building', 'and', 'home', 'improvement', 'trade', 'sales', 'decreased', 'by', 'to', 'eur', 'mn']"
1927,"Finnish Suominen Corporation that makes wipes , nonwovens , and flexible packaging , expects changes in the market situation to reduce sales of Suominen 's nonwovens and wet wipes from the previously estimated volumes .",0,"['finnish', 'suominen', 'corporation', 'that', 'makes', 'wipes', 'nonwovens', 'and', 'flexible', 'packaging', 'expects', 'changes', 'in', 'the', 'market', 'situation', 'to', 'reduce', 'sales', 'of', 'suominen', 's', 'nonwovens', 'and', 'wet', 'wipes', 'from', 'the', 'previously', 'estimated', 'volumes']"
1928,The net sales of the whole fiscal year 2008 will be lower than in 2007 and operating profit is estimated to be negative .,0,"['the', 'net', 'sales', 'of', 'the', 'whole', 'fiscal', 'year', 'will', 'be', 'lower', 'than', 'in', 'and', 'operating', 'profit', 'is', 'estimated', 'to', 'be', 'negative']"
1929,Sales at the unit slumped last year after the industry was hit by poor snowfall in the major resorts in the winter of 2006-07 .,0,"['sales', 'at', 'the', 'unit', 'slumped', 'last', 'year', 'after', 'the', 'industry', 'was', 'hit', 'by', 'poor', 'snowfall', 'in', 'the', 'major', 'resorts', 'in', 'the', 'winter', 'of']"
1930,"The steelmaker said that the drop in profit was explained by the continuing economic uncertainty , mixed with the current drought in bank lending , resulting in a decline in demand for its products as customers find it increasingly difficult to fund operations .",0,"['the', 'steelmaker', 'said', 'that', 'the', 'drop', 'in', 'profit', 'was', 'explained', 'by', 'the', 'continuing', 'economic', 'uncertainty', 'mixed', 'with', 'the', 'current', 'drought', 'in', 'bank', 'lending', 'resulting', 'in', 'a', 'decline', 'in', 'demand', 'for', 'its', 'products', 'as', 'customers', 'find', 'it', 'increasingly', 'difficult', 'to', 'fund', 'operations']"
1931,"Nokia 's share price fell less than one percent to 18.70 euros ( $ 25.41 ) in Helsinki , while Siemens shares fell 1.02 percent to 90.19 euros ( $ 122.57 ) in Frankfurt .",0,"['nokia', 's', 'share', 'price', 'fell', 'less', 'than', 'one', 'percent', 'to', 'euros', 'in', 'helsinki', 'while', 'siemens', 'shares', 'fell', 'percent', 'to', 'euros', 'in', 'frankfurt']"
1932,In February the Elcoteq group sold its St Petersburg facility ; according to unconfirmed information the reason could have been supply problems because of the Russian customs service .,0,"['in', 'february', 'the', 'elcoteq', 'group', 'sold', 'its', 'st', 'petersburg', 'facility', 'according', 'to', 'unconfirmed', 'information', 'the', 'reason', 'could', 'have', 'been', 'supply', 'problems', 'because', 'of', 'the', 'russian', 'customs', 'service']"
1933,`` Operating profit declined mainly due to the increased cost of wood and recycled fiber and the strengthened euro . '',0,"['operating', 'profit', 'declined', 'mainly', 'due', 'to', 'the', 'increased', 'cost', 'of', 'wood', 'and', 'recycled', 'fiber', 'and', 'the', 'strengthened', 'euro']"
1934,Operating profit in the fourth quarter went down to EUR3m from EUR4 .2 m for the corresponding period of 2009 as it included costs of growth projects .,0,"['operating', 'profit', 'in', 'the', 'fourth', 'quarter', 'went', 'down', 'to', 'eur', 'm', 'from', 'eur', 'm', 'for', 'the', 'corresponding', 'period', 'of', 'as', 'it', 'included', 'costs', 'of', 'growth', 'projects']"
1935,"UPM-Kymmene Corp. , the world 's largest maker of magazine paper , on Tuesday reported a 19-percent profit drop as lower paper prices , higher costs and a strong euro hurt revenue .",0,"['upm', 'kymmene', 'corp', 'the', 'world', 's', 'largest', 'maker', 'of', 'magazine', 'paper', 'on', 'tuesday', 'reported', 'a', 'percent', 'profit', 'drop', 'as', 'lower', 'paper', 'prices', 'higher', 'costs', 'and', 'a', 'strong', 'euro', 'hurt', 'revenue']"
1936,Bosse added that Trygvesta does not have the financial strength to acquire the entire unit .,0,"['bosse', 'added', 'that', 'trygvesta', 'does', 'not', 'have', 'the', 'financial', 'strength', 'to', 'acquire', 'the', 'entire', 'unit']"
1937,Finnish meat company Atria can no longer promise a sufficient amount of domestic beef to its customers .,0,"['finnish', 'meat', 'company', 'atria', 'can', 'no', 'longer', 'promise', 'a', 'sufficient', 'amount', 'of', 'domestic', 'beef', 'to', 'its', 'customers']"
1938,"Thanks to the internet , consumers compare products more than previously and Finnish companies are not competitive .",0,"['thanks', 'to', 'the', 'internet', 'consumers', 'compare', 'products', 'more', 'than', 'previously', 'and', 'finnish', 'companies', 'are', 'not', 'competitive']"
1939,`` Capital expenditure on energy efficiency has unfortunately fallen along with the decline in the economy .,0,"['capital', 'expenditure', 'on', 'energy', 'efficiency', 'has', 'unfortunately', 'fallen', 'along', 'with', 'the', 'decline', 'in', 'the', 'economy']"
1940,"Due to the rapid decrease in net sales , personnel reductions have been carried out on a wider scale than initially expected .",0,"['due', 'to', 'the', 'rapid', 'decrease', 'in', 'net', 'sales', 'personnel', 'reductions', 'have', 'been', 'carried', 'out', 'on', 'a', 'wider', 'scale', 'than', 'initially', 'expected']"
1941,"Operating profit excluding non-recurring items decreased to EUR 6.2 mn from EUR 16.8 mn in 2007 , representing 2.3 % of net sales .",0,"['operating', 'profit', 'excluding', 'non', 'recurring', 'items', 'decreased', 'to', 'eur', 'mn', 'from', 'eur', 'mn', 'in', 'representing', 'of', 'net', 'sales']"
1942,Finnish waste management and cleaning group Lassila & Tikanoja Oyj ( L&T ) net profit went down to 32.2 mln euro ( $ 47.7 mln ) for 2007 from 35.3 mln euro ( $ 52.3 mln ) for 2006 .,0,"['finnish', 'waste', 'management', 'and', 'cleaning', 'group', 'lassila', 'tikanoja', 'oyj', 'l', 't', 'net', 'profit', 'went', 'down', 'to', 'mln', 'euro', 'mln', 'for', 'from', 'mln', 'euro', 'mln', 'for']"
1943,"Qualcomm estimated a first-quarter profit between 46 and 50 cents a share , excluding certain items , below the analyst estimate of 61 cents a share .",0,"['qualcomm', 'estimated', 'a', 'first', 'quarter', 'profit', 'between', 'and', 'cents', 'a', 'share', 'excluding', 'certain', 'items', 'below', 'the', 'analyst', 'estimate', 'of', 'cents', 'a', 'share']"
1944,Finnish-Swedish Stora Enso does not understand the decision issued by a federal judge in Brazil concerning Stora Enso 's associated pulp company Veracel .,0,"['finnish', 'swedish', 'stora', 'enso', 'does', 'not', 'understand', 'the', 'decision', 'issued', 'by', 'a', 'federal', 'judge', 'in', 'brazil', 'concerning', 'stora', 'enso', 's', 'associated', 'pulp', 'company', 'veracel']"
1945,"Operating margin , however , slipped to 14.4 % from 15.1 % , dragged down by a poor performance in enterprise solutions .",0,"['operating', 'margin', 'however', 'slipped', 'to', 'from', 'dragged', 'down', 'by', 'a', 'poor', 'performance', 'in', 'enterprise', 'solutions']"
1946,The 2015 target for net sales has been set at EUR 1bn and the target for return on investment at over 20 % .,1,"['the', 'target', 'for', 'net', 'sales', 'has', 'been', 'set', 'at', 'eur', 'bn', 'and', 'the', 'target', 'for', 'return', 'on', 'investment', 'at', 'over']"
1947,"As a result of these transactions , the aggregate holdings of Burrill Life Sciences Capital Fund , L.P. has decreased below 5 per cent of the total number of shares and votes of the Company .",0,"['as', 'a', 'result', 'of', 'these', 'transactions', 'the', 'aggregate', 'holdings', 'of', 'burrill', 'life', 'sciences', 'capital', 'fund', 'l', 'p', 'has', 'decreased', 'below', 'per', 'cent', 'of', 'the', 'total', 'number', 'of', 'shares', 'and', 'votes', 'of', 'the', 'company']"
1948,"have notified that as a result of the Company issuing 14,432,000 new shares in the directed offering , the joint holdings of Pequot has decreased below 1-10 to 9.63 % of total number of shares and votes in the Company .",0,"['have', 'notified', 'that', 'as', 'a', 'result', 'of', 'the', 'company', 'issuing', 'new', 'shares', 'in', 'the', 'directed', 'offering', 'the', 'joint', 'holdings', 'of', 'pequot', 'has', 'decreased', 'below', 'to', 'of', 'total', 'number', 'of', 'shares', 'and', 'votes', 'in', 'the', 'company']"
1949,"External net sales from the printing business fell by 43.7 % , partly due to the termination of the printing contract between Ilkka-Yhtyma 's printing house I-print Oy and sector player HSS Media AB in December 2009 and the fall in printing prices .",0,"['external', 'net', 'sales', 'from', 'the', 'printing', 'business', 'fell', 'by', 'partly', 'due', 'to', 'the', 'termination', 'of', 'the', 'printing', 'contract', 'between', 'ilkka', 'yhtyma', 's', 'printing', 'house', 'i', 'print', 'oy', 'and', 'sector', 'player', 'hss', 'media', 'ab', 'in', 'december', 'and', 'the', 'fall', 'in', 'printing', 'prices']"
1950,"Seven-month sales of Ragutis , which is controlled by the Finnish brewery Olvi , declined by 11.2 percent , to 15.41 million liters , and the company held 9.89 percent of the market .",0,"['seven', 'month', 'sales', 'of', 'ragutis', 'which', 'is', 'controlled', 'by', 'the', 'finnish', 'brewery', 'olvi', 'declined', 'by', 'percent', 'to', 'million', 'liters', 'and', 'the', 'company', 'held', 'percent', 'of', 'the', 'market']"
1951,"The OMX Helsinki index was 0.33 pct lower at 9,364.80 , while the OMX Helsinki CAP portfolio index was down 0.34 pct at 5,029.25 .",0,"['the', 'omx', 'helsinki', 'index', 'was', 'pct', 'lower', 'at', 'while', 'the', 'omx', 'helsinki', 'cap', 'portfolio', 'index', 'was', 'down', 'pct', 'at']"
1952,"The OMX Helsinki index was down 0.34 pct at 8,256.02 on turnover of 813.191 mln eur .",0,"['the', 'omx', 'helsinki', 'index', 'was', 'down', 'pct', 'at', 'on', 'turnover', 'of', 'mln', 'eur']"
1953,Repeats sees 2008 operating profit down y-y ( Reporting by Helsinki Newsroom ) Keywords : TECNOMEN-RESULTS,0,"['repeats', 'sees', 'operating', 'profit', 'down', 'y', 'y', 'reporting', 'by', 'helsinki', 'newsroom', 'keywords', 'tecnomen', 'results']"
1954,"Comparable operating profit totaled EUR 4.7 mn , down from EUR 5.1 mn in the corresponding period in 2005 , representing 7.4 % of net sales .",0,"['comparable', 'operating', 'profit', 'totaled', 'eur', 'mn', 'down', 'from', 'eur', 'mn', 'in', 'the', 'corresponding', 'period', 'in', 'representing', 'of', 'net', 'sales']"
1955,"In Finland 's Hobby Hall 's sales decreased by 10 % , and international sales fell by 19 % .",0,"['in', 'finland', 's', 'hobby', 'hall', 's', 'sales', 'decreased', 'by', 'and', 'international', 'sales', 'fell', 'by']"
1956,Hobby Hall 's sales decrease 26 pct due to implementing a new information system that involved changing in the principal of posting sales .,0,"['hobby', 'hall', 's', 'sales', 'decrease', 'pct', 'due', 'to', 'implementing', 'a', 'new', 'information', 'system', 'that', 'involved', 'changing', 'in', 'the', 'principal', 'of', 'posting', 'sales']"
1957,"In the Baltic states the company reports net sales of EUR 11.9 mn , down from EUR 14.2 mn , and an operative EBIT of EUR -2.2 mn , down from EUR -1.7 mn .",0,"['in', 'the', 'baltic', 'states', 'the', 'company', 'reports', 'net', 'sales', 'of', 'eur', 'mn', 'down', 'from', 'eur', 'mn', 'and', 'an', 'operative', 'ebit', 'of', 'eur', 'mn', 'down', 'from', 'eur', 'mn']"
1958,"Operating profits in the half were  0.8 m , down from  0.9 m as Glisten invested in the brand and the management team .",0,"['operating', 'profits', 'in', 'the', 'half', 'were', 'm', 'down', 'from', 'm', 'as', 'glisten', 'invested', 'in', 'the', 'brand', 'and', 'the', 'management', 'team']"
1959,"Sales in Finland decreased by 2.0 % , and international sales decreased by 9.3 % in terms of euros , and by 15.1 % in terms of local currencies .",0,"['sales', 'in', 'finland', 'decreased', 'by', 'and', 'international', 'sales', 'decreased', 'by', 'in', 'terms', 'of', 'euros', 'and', 'by', 'in', 'terms', 'of', 'local', 'currencies']"
1960,The company said that its comparable operating profit for the January-June period fell short of last year 's corresponding performance .,0,"['the', 'company', 'said', 'that', 'its', 'comparable', 'operating', 'profit', 'for', 'the', 'january', 'june', 'period', 'fell', 'short', 'of', 'last', 'year', 's', 'corresponding', 'performance']"
1961,"Operating result for the 12-month period decreased from the profit of EUR0 .4 m while turnover decreased from EUR5 .6 m , as compared to 2004 .",0,"['operating', 'result', 'for', 'the', 'month', 'period', 'decreased', 'from', 'the', 'profit', 'of', 'eur', 'm', 'while', 'turnover', 'decreased', 'from', 'eur', 'm', 'as', 'compared', 'to']"
1962,"HELSINKI Thomson Financial - Shares in Cargotec fell sharply in early afternoon trade after the cargo handling group posted a surprise drop in April-June profits , which overshadowed the large number of new orders received during the three months .",0,"['helsinki', 'thomson', 'financial', 'shares', 'in', 'cargotec', 'fell', 'sharply', 'in', 'early', 'afternoon', 'trade', 'after', 'the', 'cargo', 'handling', 'group', 'posted', 'a', 'surprise', 'drop', 'in', 'april', 'june', 'profits', 'which', 'overshadowed', 'the', 'large', 'number', 'of', 'new', 'orders', 'received', 'during', 'the', 'three', 'months']"
1963,LONDON MarketWatch -- Share prices ended lower in London Monday as a rebound in bank stocks failed to offset broader weakness for the FTSE 100 .,0,"['london', 'marketwatch', 'share', 'prices', 'ended', 'lower', 'in', 'london', 'monday', 'as', 'a', 'rebound', 'in', 'bank', 'stocks', 'failed', 'to', 'offset', 'broader', 'weakness', 'for', 'the', 'ftse']"
1964,"Operating profit fell to EUR 35.4 mn from EUR 68.8 mn in 2007 , including vessel sales gain of EUR 12.3 mn .",0,"['operating', 'profit', 'fell', 'to', 'eur', 'mn', 'from', 'eur', 'mn', 'in', 'including', 'vessel', 'sales', 'gain', 'of', 'eur', 'mn']"
1965,"Net sales of the Paper segment decreased to EUR 221.6 mn in the second quarter of 2009 from EUR 241.1 mn in the second quarter of 2008 , while operating profit excluding non-recurring items rose to EUR 8.0 mn from EUR 7.6 mn .",0,"['net', 'sales', 'of', 'the', 'paper', 'segment', 'decreased', 'to', 'eur', 'mn', 'in', 'the', 'second', 'quarter', 'of', 'from', 'eur', 'mn', 'in', 'the', 'second', 'quarter', 'of', 'while', 'operating', 'profit', 'excluding', 'non', 'recurring', 'items', 'rose', 'to', 'eur', 'mn', 'from', 'eur', 'mn']"
1966,"Sales in Finland decreased by 10.5 % in January , while sales outside Finland dropped by 17 % .",0,"['sales', 'in', 'finland', 'decreased', 'by', 'in', 'january', 'while', 'sales', 'outside', 'finland', 'dropped', 'by']"
