set,id,fold,true,cheap_v,heavy_v,vader_v,kw_v,cascade_label,cascade_tier
clear,2,1,0,-0.632183,-0.999489,0.0,-1.0,0,cheap
clear,3,2,2,0.900941,0.999768,0.8555,0.0,2,cheap
clear,4,4,2,0.712807,0.999674,0.6705,1.0,2,cheap
clear,5,0,2,0.416846,0.999728,0.3485,1.0,2,heavy
clear,6,2,2,0.110902,0.999746,0.1531,0.0,2,heavy
clear,7,0,2,0.79746,0.999726,0.6124,1.0,2,cheap
clear,8,3,2,0.722953,0.999662,0.4404,1.0,2,cheap
clear,9,2,2,0.758512,0.99967,0.4404,1.0,2,cheap
clear,10,2,2,0.869713,0.999775,0.5574,0.0,2,cheap
clear,11,4,2,0.43279,0.999691,0.8176,0.0,2,heavy
clear,12,0,2,0.390843,0.999693,0.4939,0.0,2,heavy
clear,13,2,2,0.91247,0.999712,0.6124,1.0,2,cheap
clear,14,0,2,0.93068,0.999702,0.6124,1.0,2,cheap
clear,15,0,2,0.678679,0.999698,0.4215,0.0,2,cheap
clear,16,1,2,0.791412,0.999739,0.4939,0.0,2,cheap
clear,17,3,2,0.560516,0.999701,0.296,1.0,2,heavy
clear,18,1,2,0.130487,0.999672,0.0,0.0,2,heavy
clear,19,2,2,0.34854,0.999742,0.5267,0.0,2,heavy
clear,20,3,2,0.235032,0.999753,0.0,0.0,2,heavy
clear,21,3,2,0.540091,0.999734,0.4939,0.0,2,heavy
clear,22,2,2,0.61846,0.999733,0.5574,0.0,2,cheap
clear,23,0,2,0.375714,0.999687,0.0,0.0,2,heavy
clear,24,4,2,0.921282,0.999734,0.6124,1.0,2,cheap
clear,25,2,2,0.036276,0.999687,0.0,0.0,2,heavy
clear,26,2,2,0.886752,0.999726,0.6124,1.0,2,cheap
clear,27,1,2,0.447784,0.999729,0.7269,1.0,2,heavy
clear,28,2,2,0.705721,0.99973,0.7269,1.0,2,cheap
clear,29,1,2,0.43152,0.999732,0.7269,1.0,2,heavy
clear,30,3,2,0.588997,0.999751,0.4767,0.0,2,heavy
clear,31,4,2,0.761289,0.99973,0.4404,1.0,2,cheap
clear,32,3,2,0.277572,0.999746,0.0,0.0,2,heavy
clear,33,3,2,0.897671,0.999755,0.4939,0.0,2,cheap
clear,34,1,2,0.269206,0.999751,0.5719,0.0,2,heavy
clear,35,3,2,0.478884,0.999693,0.4404,1.0,2,heavy
clear,36,4,2,0.420204,0.99963,0.3182,0.0,2,heavy
clear,37,1,2,0.102571,0.999731,0.0,0.0,2,heavy
clear,38,0,2,0.839066,0.999789,0.2732,0.0,2,cheap
clear,39,1,2,0.55532,0.999697,0.0,0.0,2,heavy
clear,40,4,2,0.71678,0.999735,0.4404,1.0,2,cheap
clear,41,4,2,0.361145,0.999691,0.0,0.0,2,heavy
clear,42,3,2,0.622661,0.999614,0.2732,0.0,2,cheap
clear,43,0,2,0.206419,0.999542,0.2732,0.0,2,heavy
clear,44,0,2,0.076593,0.994771,0.0,0.0,2,heavy
clear,45,2,2,0.801799,0.998079,0.5994,0.0,2,cheap
clear,46,1,2,0.770609,0.999738,0.7351,0.0,2,cheap
clear,47,3,2,0.571418,0.99977,0.4939,0.0,2,heavy
clear,48,0,2,0.622574,0.999768,0.4019,0.0,2,cheap
clear,49,1,2,0.111082,0.999763,0.0,0.0,2,heavy
clear,50,4,2,0.872985,0.99975,0.4019,0.0,2,cheap
clear,51,0,2,0.635813,0.999515,0.743,1.0,2,cheap
clear,52,3,2,0.61393,0.99955,0.4939,0.0,2,cheap
clear,53,0,2,0.741172,0.990557,0.6486,0.0,2,cheap
clear,54,3,2,0.488859,0.999707,0.6808,0.0,2,heavy
clear,55,3,2,0.569474,0.99973,0.6705,0.0,2,heavy
clear,56,2,2,0.761661,0.999702,0.7506,1.0,2,cheap
clear,57,2,2,0.698615,0.999683,0.4939,0.0,2,cheap
clear,63,4,2,0.161339,0.999713,0.4005,0.0,2,heavy
clear,65,1,2,0.466538,0.999294,0.6597,0.0,2,heavy
clear,66,1,2,0.634556,0.997959,0.8455,0.0,2,cheap
clear,68,0,2,0.475561,0.999715,0.3182,0.0,2,heavy
clear,70,4,2,-0.169405,0.999747,0.0,0.0,2,heavy
clear,77,0,2,0.278211,0.999788,0.0,0.0,2,heavy
clear,79,4,2,0.482841,0.006886,0.6597,0.0,1,heavy
clear,83,2,2,0.411213,0.999513,0.4939,0.0,2,heavy
clear,84,1,2,0.230681,0.999723,0.3034,0.0,2,heavy
clear,86,0,2,0.424419,0.999753,0.3626,0.0,2,heavy
clear,87,4,2,0.706874,0.999743,0.3804,0.0,2,cheap
clear,88,3,2,0.233988,0.999712,0.0,0.0,2,heavy
clear,89,1,2,0.531532,0.998745,0.2732,0.0,2,heavy
clear,90,2,2,0.587324,0.999723,0.7579,0.0,2,heavy
clear,91,4,2,0.052676,0.999275,0.0,0.0,2,heavy
clear,92,4,2,0.30567,0.999709,0.4404,1.0,2,heavy
clear,93,0,2,0.411594,0.999711,0.4404,1.0,2,heavy
clear,94,3,2,0.289956,0.999735,0.6124,1.0,2,heavy
clear,95,0,2,0.508747,0.999688,0.4404,1.0,2,heavy
clear,96,4,2,0.635129,0.999714,0.3182,0.0,2,cheap
clear,97,0,2,0.510233,0.999716,0.2732,0.0,2,heavy
clear,98,3,2,0.140714,0.999712,0.0,0.0,2,heavy
clear,99,4,2,0.681722,0.999765,0.7227,0.0,2,cheap
clear,100,4,2,0.8284,0.999702,0.7506,1.0,2,cheap
clear,101,2,2,0.59449,0.999752,0.2732,0.0,2,heavy
clear,102,2,2,0.691061,0.999723,0.2732,0.0,2,cheap
clear,103,2,2,0.200902,0.999725,0.0,0.0,2,heavy
clear,104,2,2,0.577089,0.999704,0.3818,1.0,2,heavy
clear,105,0,2,0.619861,0.999735,0.4404,1.0,2,cheap
clear,106,1,2,0.363182,0.999733,0.0,0.0,2,heavy
clear,107,0,2,0.87062,0.999694,0.4404,1.0,2,cheap
clear,108,3,2,0.418552,0.999728,0.2732,0.0,2,heavy
clear,109,3,2,0.505723,0.999759,0.0,0.0,2,heavy
clear,111,2,2,0.188877,0.999755,0.0,0.0,2,heavy
clear,112,3,2,0.379087,0.999779,0.2732,0.0,2,heavy
clear,113,3,2,0.652085,0.999778,0.0772,0.0,2,cheap
clear,114,1,2,0.623694,0.999722,0.0,0.0,2,cheap
clear,115,3,2,0.836536,0.999767,0.4404,1.0,2,cheap
clear,116,2,2,0.714506,0.999654,0.6124,1.0,2,cheap
clear,117,2,2,0.400832,0.999734,0.6124,1.0,2,heavy
clear,118,3,2,0.742754,0.99966,0.4404,1.0,2,cheap
clear,119,2,2,0.789184,0.999697,0.4404,1.0,2,cheap
clear,120,3,2,0.850901,0.999685,0.4404,1.0,2,cheap
clear,121,0,2,0.561996,0.999699,0.3182,0.0,2,heavy
clear,122,3,2,0.018925,0.99975,0.0,0.0,2,heavy
clear,123,3,2,0.889227,0.999742,0.5994,0.0,2,cheap
clear,124,0,2,0.499191,0.999754,0.0,0.0,2,heavy
clear,125,4,2,0.218969,0.999736,0.0,0.0,2,heavy
clear,126,1,2,0.113709,0.999668,0.0,0.0,2,heavy
clear,127,0,2,0.07539,0.999694,0.1027,0.0,2,heavy
clear,128,0,2,0.78033,0.99969,0.4404,1.0,2,cheap
clear,129,3,2,0.416361,0.99976,0.3182,0.0,2,heavy
clear,130,4,2,0.412327,0.999672,0.5719,0.0,2,heavy
clear,131,0,2,0.785637,0.999736,0.6369,0.0,2,cheap
clear,132,0,2,0.432125,0.999729,0.3353,0.0,2,heavy
clear,133,2,2,0.054257,0.999733,0.0,0.0,2,heavy
clear,134,1,2,0.852103,0.999693,0.4404,1.0,2,cheap
clear,135,1,2,0.293547,0.99954,0.0,0.0,2,heavy
clear,136,0,2,0.694581,0.999422,0.5574,0.0,2,cheap
clear,137,4,2,0.471794,0.999788,0.3182,0.0,2,heavy
clear,138,4,2,0.757669,0.99972,0.4404,1.0,2,cheap
clear,140,4,2,0.477543,0.999773,0.34,0.0,2,heavy
clear,141,4,2,0.696579,0.999721,0.3182,0.0,2,cheap
clear,142,3,2,0.407868,0.999708,0.4404,1.0,2,heavy
clear,143,3,2,0.468159,0.999683,0.6124,1.0,2,heavy
clear,144,2,2,0.218065,0.999699,0.0,0.0,2,heavy
clear,145,1,2,0.683864,0.9997,0.3818,1.0,2,cheap
clear,146,2,2,0.464999,0.999738,0.0,0.0,2,heavy
clear,147,1,2,0.079114,0.999713,0.0,0.0,2,heavy
clear,148,4,2,0.836788,0.999755,0.7096,0.0,2,cheap
clear,149,4,2,-0.134671,0.999571,0.0,0.0,2,heavy
clear,150,1,2,0.06327,0.999702,0.0,0.0,2,heavy
clear,151,2,2,0.570164,0.999751,0.3182,0.0,2,heavy
clear,152,4,2,0.760315,0.999692,0.34,0.0,2,cheap
clear,153,4,2,0.184457,0.999099,0.0,0.0,2,heavy
clear,154,2,2,0.839745,0.999738,0.5657,0.0,2,cheap
clear,155,3,2,0.574114,0.999753,0.3182,0.0,2,heavy
clear,156,3,2,0.697617,0.999697,0.4404,1.0,2,cheap
clear,157,1,2,0.367044,0.999747,0.0,0.0,2,heavy
clear,158,2,2,0.617984,0.999754,0.6597,1.0,2,cheap
clear,160,0,2,0.53091,0.999792,0.5574,0.0,2,heavy
clear,161,2,2,0.780739,0.999728,0.7506,1.0,2,cheap
clear,162,0,2,0.794323,0.999728,0.7506,1.0,2,cheap
clear,163,0,2,0.827326,0.999729,0.7506,1.0,2,cheap
clear,164,2,2,0.844143,0.999727,0.7506,1.0,2,cheap
clear,165,1,2,0.84552,0.999706,0.7506,1.0,2,cheap
clear,166,4,2,0.864406,0.999718,0.7506,1.0,2,cheap
clear,167,0,2,0.83554,0.999726,0.7506,1.0,2,cheap
clear,168,4,2,0.864406,0.999726,0.7506,1.0,2,cheap
clear,169,2,2,0.838447,0.999726,0.7506,1.0,2,cheap
clear,170,3,2,0.864357,0.999725,0.7506,1.0,2,cheap
clear,171,0,2,0.81984,0.999733,0.7506,1.0,2,cheap
clear,172,1,2,0.79959,0.999713,0.7506,1.0,2,cheap
clear,173,2,2,0.870153,0.999709,0.7506,1.0,2,cheap
clear,174,2,2,0.786111,0.999689,0.7506,1.0,2,cheap
clear,175,3,2,0.870707,0.999711,0.7506,1.0,2,cheap
clear,176,0,2,0.536306,0.999737,0.0,0.0,2,heavy
clear,177,0,2,0.519547,0.999768,0.2732,0.0,2,heavy
clear,178,0,2,0.656034,0.999678,0.4404,1.0,2,cheap
clear,179,1,2,0.255178,0.999747,0.0,0.0,2,heavy
clear,180,1,2,0.624468,0.999703,0.296,0.0,2,cheap
clear,181,0,2,0.506982,0.999669,0.296,0.0,2,heavy
clear,182,1,2,0.624468,0.999689,0.296,0.0,2,cheap
clear,183,3,2,0.618616,0.999702,0.296,0.0,2,cheap
clear,184,2,2,0.802432,0.999744,0.0,0.0,2,cheap
clear,185,3,2,0.751571,0.999752,0.0,0.0,2,cheap
clear,187,4,2,-0.287938,0.99975,0.0,0.0,2,heavy
clear,188,2,2,0.778834,0.999736,0.0,0.0,2,cheap
clear,189,3,2,-0.129455,0.999706,0.0,0.0,2,heavy
clear,190,3,2,0.578709,0.999728,0.4404,1.0,2,heavy
clear,191,2,2,0.451784,0.999741,0.0,0.0,2,heavy
clear,192,1,2,0.385847,0.999677,0.7269,1.0,2,heavy
clear,193,3,2,0.513371,0.999693,0.4404,1.0,2,heavy
clear,194,2,2,0.584024,0.999692,0.4404,1.0,2,heavy
clear,195,3,2,0.670028,0.999786,0.4588,0.0,2,cheap
clear,196,2,2,0.73481,0.999697,0.5574,1.0,2,cheap
clear,197,4,2,0.398971,0.999704,0.4404,1.0,2,heavy
clear,198,1,2,0.733031,0.999715,0.4404,1.0,2,cheap
clear,199,4,2,0.600179,0.999754,0.4767,0.0,2,cheap
clear,200,1,2,0.557601,0.999741,0.4404,1.0,2,heavy
clear,201,4,2,0.647535,0.999695,0.6908,1.0,2,cheap
clear,202,3,2,0.746416,0.999724,0.4404,1.0,2,cheap
clear,203,3,2,0.290121,0.999791,0.3182,0.0,2,heavy
clear,204,4,2,0.820017,0.999733,0.4404,1.0,2,cheap
clear,205,2,2,0.628007,0.999749,0.3182,0.0,2,cheap
clear,206,3,2,0.149259,0.99977,0.0,0.0,2,heavy
clear,207,4,2,0.624425,0.999762,0.3818,1.0,2,cheap
clear,208,3,2,0.233177,0.999737,0.296,0.0,2,heavy
clear,209,1,2,0.566423,0.999684,0.3818,1.0,2,heavy
clear,211,1,2,0.761807,0.999764,0.0,0.0,2,cheap
clear,212,1,2,0.216563,0.999705,0.0772,0.0,2,heavy
clear,213,4,2,0.685667,0.999734,0.6249,0.0,2,cheap
clear,214,0,2,0.507122,0.999768,0.6249,0.0,2,heavy
clear,215,1,2,0.645676,0.99971,0.4404,1.0,2,cheap
clear,216,3,2,0.792672,0.99974,0.4404,1.0,2,cheap
clear,217,0,2,0.844325,0.999738,0.4404,1.0,2,cheap
clear,218,1,2,0.833446,0.999758,0.4404,1.0,2,cheap
clear,219,4,2,0.854619,0.999768,0.5719,1.0,2,cheap
clear,220,0,2,0.896479,0.999779,0.5719,1.0,2,cheap
clear,222,1,2,0.342212,0.999743,0.296,0.0,2,heavy
clear,224,0,2,0.512072,0.999701,0.3182,0.0,2,heavy
clear,225,2,2,0.12255,0.999723,0.0,0.0,2,heavy
clear,226,3,2,0.725442,0.999748,0.0,0.0,2,cheap
clear,227,3,2,0.641974,0.999701,0.5574,1.0,2,cheap
clear,228,1,2,0.770886,0.999686,0.5574,1.0,2,cheap
clear,229,2,2,0.641934,0.9997,0.4404,1.0,2,cheap
clear,230,3,2,0.874585,0.99971,0.5574,1.0,2,cheap
clear,231,0,2,0.890299,0.999697,0.4404,1.0,2,cheap
clear,232,3,2,0.698555,0.999736,0.3182,0.0,2,cheap
clear,234,4,2,0.276243,0.999716,0.0,0.0,2,heavy
clear,235,3,2,0.828636,0.99966,0.6249,0.0,2,cheap
clear,236,2,2,0.901379,0.999699,0.4588,0.0,2,cheap
clear,237,2,2,0.907124,0.999724,0.4588,0.0,2,cheap
clear,238,1,2,0.65971,0.999753,0.0,0.0,2,cheap
clear,239,0,2,0.536691,0.999712,0.0,0.0,2,heavy
clear,240,0,2,0.422629,0.999674,0.0,0.0,2,heavy
clear,241,1,2,0.41087,0.99972,0.4404,1.0,2,heavy
clear,242,0,2,0.682108,0.999728,0.4404,1.0,2,cheap
clear,243,1,2,0.851533,0.999724,0.4404,1.0,2,cheap
clear,244,0,2,0.792875,0.999664,0.4404,1.0,2,cheap
clear,245,4,2,0.79504,0.999667,0.4404,1.0,2,cheap
clear,246,4,2,0.77755,0.999663,0.4404,1.0,2,cheap
clear,247,4,2,0.77755,0.999657,0.4404,1.0,2,cheap
clear,248,0,2,0.807556,0.999668,0.4404,1.0,2,cheap
clear,249,4,2,0.77755,0.999665,0.4404,1.0,2,cheap
clear,250,4,2,0.835967,0.999705,0.4404,1.0,2,cheap
clear,251,4,2,0.835967,0.999704,0.4404,1.0,2,cheap
clear,252,4,2,0.77755,0.999658,0.4404,1.0,2,cheap
clear,253,0,2,0.796137,0.999712,0.4404,1.0,2,cheap
clear,254,0,2,0.225048,0.999564,0.4404,1.0,2,heavy
clear,255,0,2,0.418644,0.999647,0.4404,1.0,2,heavy
clear,256,1,2,0.748892,0.999694,0.4404,1.0,2,cheap
clear,257,2,2,0.82853,0.999684,0.4404,1.0,2,cheap
clear,258,1,2,0.864164,0.999647,0.4404,1.0,2,cheap
clear,259,2,2,0.908782,0.999765,0.6369,0.0,2,cheap
clear,260,2,2,0.549623,0.999699,0.0,0.0,2,heavy
clear,261,1,2,0.704053,0.999697,0.6124,1.0,2,cheap
clear,262,4,2,0.461479,0.999774,0.0,0.0,2,heavy
clear,263,4,2,0.355787,0.999701,0.0,0.0,2,heavy
clear,264,0,2,0.643471,0.999747,0.0,0.0,2,cheap
clear,265,2,2,0.888009,0.999695,0.4404,1.0,2,cheap
clear,266,0,2,0.891453,0.999669,0.4404,1.0,2,cheap
clear,267,3,2,0.87294,0.999656,0.4404,1.0,2,cheap
clear,268,4,2,0.787537,0.999681,0.4404,1.0,2,cheap
clear,269,2,2,0.670535,0.999709,0.6124,1.0,2,cheap
clear,270,2,2,0.299581,0.999747,0.4588,1.0,2,heavy
clear,271,2,2,0.789708,0.999729,0.4404,1.0,2,cheap
clear,272,3,2,0.823924,0.999744,0.4404,1.0,2,cheap
clear,273,1,2,0.839784,0.999741,0.4404,1.0,2,cheap
clear,274,1,2,0.379839,0.999717,0.0,0.0,2,heavy
clear,275,3,2,0.415717,0.999702,0.0,0.0,2,heavy
clear,276,4,2,0.535957,0.999771,0.0,0.0,2,heavy
clear,277,4,2,0.620632,0.999759,0.0,0.0,2,cheap
clear,278,0,2,0.84154,0.999754,0.5267,0.0,2,cheap
clear,279,3,2,0.419613,0.999684,0.6369,0.0,2,heavy
clear,280,4,2,0.426199,0.999715,0.0,0.0,2,heavy
clear,281,0,2,0.764382,0.999712,0.4404,1.0,2,cheap
clear,282,4,2,0.09292,0.999759,-0.128,0.0,2,heavy
clear,283,4,2,0.635112,0.999712,0.3818,1.0,2,cheap
clear,284,1,2,0.626243,0.999782,0.3182,0.0,2,cheap
clear,285,1,2,0.51385,0.999755,0.5574,0.0,2,heavy
clear,286,2,2,0.772211,0.999774,0.3182,0.0,2,cheap
clear,287,4,2,0.31772,0.99974,0.0,0.0,2,heavy
clear,288,0,2,0.842878,0.999741,0.3182,0.0,2,cheap
clear,289,3,2,-0.201616,0.999765,0.0258,0.0,2,heavy
clear,290,4,2,0.112141,0.999781,0.0,0.0,2,heavy
clear,291,1,2,0.547703,0.999717,0.0,0.0,2,heavy
clear,292,3,2,0.469384,0.999757,0.2732,0.0,2,heavy
clear,293,3,2,0.771197,0.999717,0.5719,0.0,2,cheap
clear,294,4,2,0.346156,0.999777,0.296,0.0,2,heavy
clear,296,1,2,0.700896,0.999761,0.6597,0.0,2,cheap
clear,297,4,2,0.480963,0.999663,0.4404,1.0,2,heavy
clear,298,3,2,0.201347,0.999764,0.3182,0.0,2,heavy
clear,299,4,2,0.344906,0.999709,0.6124,1.0,2,heavy
clear,300,3,2,0.540646,0.999723,0.0,0.0,2,heavy
clear,301,0,2,0.628758,0.99971,0.0,0.0,2,cheap
clear,302,0,2,0.557514,0.999705,0.3182,0.0,2,heavy
clear,303,2,2,0.502687,0.999738,0.5423,0.0,2,heavy
clear,304,3,2,0.271477,0.99976,0.1531,0.0,2,heavy
clear,305,4,2,0.199121,0.999773,0.128,0.0,2,heavy
clear,306,2,2,0.194464,0.999764,0.1779,0.0,2,heavy
clear,307,1,2,0.163103,0.999699,0.0,0.0,2,heavy
clear,308,0,2,0.670513,0.999648,0.0,0.0,2,cheap
clear,310,3,2,0.693893,0.999777,0.3182,0.0,2,cheap
clear,311,4,2,0.677867,0.999762,0.3182,0.0,2,cheap
clear,312,2,2,0.784323,0.999796,0.3182,0.0,2,cheap
clear,313,1,2,0.310455,0.999795,0.0,0.0,2,heavy
clear,314,1,2,0.314215,0.999794,0.0,0.0,2,heavy
clear,315,3,2,0.747416,0.999783,0.2732,0.0,2,cheap
clear,316,0,2,0.61873,0.999747,0.3818,1.0,2,cheap
clear,317,4,2,0.518189,0.999751,0.4588,0.0,2,heavy
clear,318,4,2,0.728255,0.999735,0.4404,1.0,2,cheap
clear,320,2,2,0.362894,0.99976,0.0,0.0,2,heavy
clear,321,2,2,0.609868,0.999748,0.4019,0.0,2,cheap
clear,322,1,2,0.799597,0.999664,0.0,0.0,2,cheap
clear,323,4,2,0.252708,0.999689,0.0,0.0,2,heavy
clear,324,1,2,0.684525,0.999101,0.7227,0.0,2,cheap
clear,325,0,2,0.662084,0.99965,0.5423,0.0,2,cheap
clear,326,3,2,0.686491,0.999665,0.296,0.0,2,cheap
clear,327,3,2,0.174656,0.999626,0.0,0.0,2,heavy
clear,328,2,2,0.724928,0.999743,0.0,0.0,2,cheap
clear,329,0,2,0.623815,0.999726,0.0,0.0,2,cheap
clear,330,4,2,0.63208,0.999724,0.0,0.0,2,cheap
clear,331,3,2,0.463562,0.999707,0.4404,1.0,2,heavy
clear,332,4,2,0.449651,0.999711,0.4404,1.0,2,heavy
clear,333,4,2,0.662782,0.99974,0.4404,1.0,2,cheap
clear,334,0,2,0.714452,0.999732,0.0,0.0,2,cheap
clear,335,2,2,0.514357,0.999749,0.4939,0.0,2,heavy
clear,336,0,2,0.75966,0.999747,0.4939,0.0,2,cheap
clear,337,4,2,0.181832,0.999779,0.0,0.0,2,heavy
clear,338,1,2,0.308095,0.999785,0.1531,0.0,2,heavy
clear,339,0,2,0.371178,0.999726,0.0,0.0,2,heavy
clear,340,2,2,0.539497,0.999724,0.2732,0.0,2,heavy
clear,341,1,2,-0.119379,0.999771,0.0,0.0,2,heavy
clear,342,4,2,0.503272,0.999723,0.4404,1.0,2,heavy
clear,343,1,2,0.762567,0.999735,0.0,0.0,2,cheap
clear,344,2,2,-0.026882,0.999744,0.0,0.0,2,heavy
clear,345,4,2,0.542738,0.999555,0.1779,0.0,2,heavy
clear,346,3,2,0.680312,0.999727,0.3182,0.0,2,cheap
clear,347,3,2,0.07177,0.999607,0.0,0.0,2,heavy
clear,348,3,2,0.108391,0.999762,-0.1531,0.0,2,heavy
clear,349,4,2,0.886921,0.999772,0.296,0.0,2,cheap
clear,350,4,2,0.545715,0.999774,0.3818,0.0,2,heavy
clear,351,0,2,0.463256,0.999707,0.3182,0.0,2,heavy
clear,352,1,2,0.322757,0.99974,0.1027,0.0,2,heavy
clear,353,0,2,0.753224,0.999778,0.5423,0.0,2,cheap
clear,355,3,2,0.452426,0.99964,0.6124,1.0,2,heavy
clear,356,4,2,0.122381,0.999739,0.4404,1.0,2,heavy
clear,357,2,2,0.765826,0.999655,0.4404,1.0,2,cheap
clear,358,3,2,0.910806,0.999673,0.4404,1.0,2,cheap
clear,359,1,2,0.500161,0.999781,0.3182,0.0,2,heavy
clear,360,3,2,0.551806,0.999774,0.6124,1.0,2,heavy
clear,361,0,2,0.883109,0.999695,0.6249,1.0,2,cheap
clear,362,3,2,0.401146,0.999712,0.0,0.0,2,heavy
clear,363,1,2,0.268341,0.999731,0.0,0.0,2,heavy
clear,364,1,2,0.326281,0.999712,0.0,0.0,2,heavy
clear,365,1,2,0.515661,0.999777,0.0,0.0,2,heavy
clear,366,2,2,0.361314,0.999761,0.0,0.0,2,heavy
clear,367,3,2,0.773073,0.999772,0.3818,1.0,2,cheap
clear,368,2,2,0.509487,0.992366,0.5423,0.0,2,heavy
clear,369,1,2,0.185271,0.999704,0.4404,1.0,2,heavy
clear,370,1,2,0.744679,0.999732,0.6705,1.0,2,cheap
clear,371,3,2,0.13987,0.999722,0.0,0.0,2,heavy
clear,372,4,2,0.262223,0.999746,0.0,0.0,2,heavy
clear,373,2,2,0.652286,0.999794,0.5423,0.0,2,cheap
clear,374,0,2,0.216497,0.99967,0.0,0.0,2,heavy
clear,375,4,2,0.731444,0.999749,0.3182,0.0,2,cheap
clear,376,1,2,0.246577,0.999768,0.3182,0.0,2,heavy
clear,377,3,2,0.56573,0.99972,0.296,0.0,2,heavy
clear,378,0,2,0.588966,0.99974,0.0,0.0,2,heavy
clear,379,3,2,0.435528,0.999764,0.3818,0.0,2,heavy
clear,380,1,2,0.699021,0.999696,0.4404,1.0,2,cheap
clear,381,1,2,0.58439,0.999679,0.4939,1.0,2,heavy
clear,382,3,2,0.117066,0.999596,0.3818,1.0,2,heavy
clear,383,2,2,0.689258,0.999723,0.6124,1.0,2,cheap
clear,384,4,2,0.689815,0.999732,0.6124,1.0,2,cheap
clear,385,2,2,0.269609,0.999734,0.0,0.0,2,heavy
clear,386,0,2,0.507994,0.999779,0.5423,0.0,2,heavy
clear,387,0,2,0.663756,0.999781,0.4215,0.0,2,cheap
clear,388,3,2,0.730657,0.999744,0.0,0.0,2,cheap
clear,389,1,2,-0.194614,0.999773,0.0,0.0,2,heavy
clear,390,0,2,0.138549,0.999725,0.0,0.0,2,heavy
clear,391,0,2,0.444597,0.999783,0.2732,1.0,2,heavy
clear,398,0,2,0.793294,0.99974,0.5574,0.0,2,cheap
clear,402,0,2,0.440249,0.999717,0.4939,0.0,2,heavy
clear,404,3,2,0.26244,0.999782,0.0,1.0,2,heavy
clear,408,3,2,0.675324,0.999787,0.3182,0.0,2,cheap
clear,409,2,2,0.583698,0.999721,0.5574,0.0,2,heavy
clear,415,1,0,0.476558,0.000131,0.4019,0.0,1,heavy
clear,421,1,0,0.152567,0.669922,0.0,0.0,2,heavy
clear,423,1,0,0.152567,0.663979,0.0,0.0,2,heavy
clear,425,2,2,0.756616,0.99976,0.4939,0.0,2,cheap
clear,426,4,2,0.558006,0.333706,0.6597,0.0,2,heavy
clear,428,4,2,0.573594,0.999741,0.4939,0.0,2,heavy
clear,429,3,2,0.464194,0.999793,0.4939,0.0,2,heavy
clear,433,4,2,0.64916,0.389395,0.2732,1.0,2,cheap
clear,435,1,2,0.540223,0.999511,0.3182,0.0,2,heavy
clear,438,1,2,0.192676,0.998849,0.0,0.0,2,heavy
clear,441,1,2,0.44386,0.999754,0.0,0.0,2,heavy
clear,442,4,2,0.707717,0.999733,0.5994,0.0,2,cheap
clear,446,1,2,0.738861,0.999754,0.4939,0.0,2,cheap
clear,450,4,2,0.669643,0.999735,0.4939,0.0,2,cheap
clear,451,1,2,0.484356,0.99973,0.2732,0.0,2,heavy
clear,455,0,2,-0.138702,0.936299,0.0,0.0,2,heavy
clear,457,2,2,-0.126068,0.99962,0.0,0.0,2,heavy
clear,458,0,2,-0.055455,0.999532,0.0,0.0,2,heavy
clear,461,3,2,0.469146,0.999437,0.4939,0.0,2,heavy
clear,462,3,2,-0.26171,0.999752,-0.6166,-1.0,2,heavy
clear,463,0,2,0.738551,0.999715,0.4939,0.0,2,cheap
clear,466,1,2,0.113304,0.999652,0.0,0.0,2,heavy
clear,467,1,2,0.20824,0.999471,0.0,0.0,2,heavy
clear,473,0,2,0.04725,0.999778,0.296,0.0,2,heavy
clear,477,2,2,0.277217,0.999772,0.0,0.0,2,heavy
clear,484,1,2,0.152567,0.895278,0.0,0.0,2,heavy
clear,485,2,2,0.338816,0.998751,0.2732,0.0,2,heavy
clear,486,0,2,0.688854,0.999711,0.296,0.0,2,cheap
clear,487,0,2,0.352757,0.99973,0.0,0.0,2,heavy
clear,489,4,2,0.366935,0.999756,0.0,0.0,2,heavy
clear,492,3,2,0.103491,0.999754,0.0,0.0,2,heavy
clear,495,1,2,0.126093,0.999751,0.0,0.0,2,heavy
clear,497,0,2,0.442281,0.999762,0.3818,0.0,2,heavy
clear,498,0,2,0.336031,0.999685,0.3744,0.0,2,heavy
clear,500,1,0,-0.050837,-0.999309,0.0772,0.0,0,heavy
clear,505,2,2,0.518693,0.999627,0.6597,0.0,2,heavy
clear,510,2,2,0.53075,0.99965,0.3182,0.0,2,heavy
clear,517,0,2,0.485432,0.999712,0.5106,-1.0,2,heavy
clear,518,1,2,0.411108,0.999771,0.3182,0.0,2,heavy
clear,519,4,2,0.031456,0.999775,0.0,0.0,2,heavy
clear,520,2,2,0.756363,0.999763,0.6369,1.0,2,cheap
clear,526,1,2,0.500965,0.999689,0.5423,0.0,2,heavy
clear,527,4,2,0.588349,0.999742,0.5423,0.0,2,heavy
clear,528,3,2,0.049191,0.999738,0.0,0.0,2,heavy
clear,535,0,2,0.662592,0.999784,0.5859,0.0,2,cheap
clear,538,0,2,0.429633,0.999618,0.296,0.0,2,heavy
clear,539,0,0,-0.138671,-0.999392,-0.4215,0.0,0,heavy
clear,541,2,2,0.82853,0.999665,0.4404,1.0,2,cheap
clear,542,0,0,0.046307,-0.997888,0.0,0.0,0,heavy
clear,543,3,0,-0.616872,-0.999478,0.0,-1.0,0,cheap
clear,544,4,0,-0.938253,-0.999432,-0.3612,1.0,0,cheap
clear,545,4,2,0.508624,0.999723,0.7783,0.0,2,heavy
clear,546,1,2,0.657122,0.999691,0.5574,0.0,2,cheap
clear,547,4,2,0.866727,0.999752,0.8316,0.0,2,cheap
clear,548,4,2,0.877169,0.999721,0.7351,1.0,2,cheap
clear,549,1,2,0.712228,0.999747,0.296,0.0,2,cheap
clear,550,1,2,0.768233,0.999744,0.296,0.0,2,cheap
clear,551,2,2,0.772541,0.999774,0.7184,0.0,2,cheap
clear,552,0,2,0.163853,0.99972,0.0,0.0,2,heavy
clear,553,3,2,0.181905,0.999774,0.0,1.0,2,heavy
clear,554,1,2,0.452256,0.999664,0.4404,0.0,2,heavy
clear,555,3,2,0.267108,0.999751,0.2732,0.0,2,heavy
clear,556,4,2,0.722742,0.999762,0.7506,0.0,2,cheap
clear,557,1,2,0.954585,0.999757,0.8225,1.0,2,cheap
clear,558,1,2,0.697838,0.999716,0.5574,0.0,2,cheap
clear,559,1,2,0.778607,0.999691,0.4404,1.0,2,cheap
clear,560,3,2,0.506737,0.999756,0.3182,0.0,2,heavy
clear,561,4,2,0.592019,0.999734,0.7003,1.0,2,heavy
clear,562,1,2,0.697983,0.999771,0.4939,0.0,2,cheap
clear,563,1,2,0.768444,0.999763,0.4939,0.0,2,cheap
clear,564,1,2,0.825758,0.999738,0.7351,1.0,2,cheap
clear,565,4,2,0.849858,0.999737,0.5106,1.0,2,cheap
clear,566,2,2,0.581014,0.999712,0.3818,1.0,2,heavy
clear,567,4,2,0.666605,0.999806,0.6908,0.0,2,cheap
clear,568,3,2,0.664172,0.99977,0.4404,0.0,2,cheap
clear,575,4,2,0.497809,0.999736,0.6908,0.0,2,heavy
clear,577,2,2,0.473527,0.999727,0.0,0.0,2,heavy
clear,580,0,2,0.790818,0.99972,0.0,0.0,2,cheap
clear,581,0,2,0.277247,0.999758,0.0,0.0,2,heavy
clear,583,2,2,0.350405,0.999788,0.0,0.0,2,heavy
clear,584,3,2,0.903244,0.99972,0.7684,0.0,2,cheap
clear,585,3,2,0.541989,0.998235,0.34,1.0,2,heavy
clear,586,1,2,0.658842,0.99977,0.6124,0.0,2,cheap
clear,587,3,2,0.601953,0.999719,0.0,0.0,2,cheap
clear,588,2,2,0.174685,0.999743,0.2263,0.0,2,heavy
clear,589,3,2,0.663349,0.999759,0.5719,0.0,2,cheap
clear,590,2,2,0.742289,0.999779,0.6597,0.0,2,cheap
clear,591,4,2,0.879621,0.999757,0.7184,0.0,2,cheap
clear,592,3,2,0.779106,0.999725,0.6249,0.0,2,cheap
clear,594,3,2,0.346869,0.99976,0.296,0.0,2,heavy
clear,595,0,2,0.602183,0.999672,0.3182,0.0,2,cheap
clear,596,0,2,0.378368,0.999739,0.0,0.0,2,heavy
clear,597,0,2,0.594643,0.999694,0.6124,1.0,2,heavy
clear,598,4,2,0.777055,0.999707,0.3818,1.0,2,cheap
clear,599,3,2,0.708688,0.999529,0.6597,0.0,2,cheap
clear,600,2,2,0.837827,0.99979,0.6369,0.0,2,cheap
clear,601,0,2,0.693603,0.99977,0.743,0.0,2,cheap
clear,602,0,2,0.811281,0.999774,0.5267,0.0,2,cheap
clear,603,0,2,0.588766,0.99976,0.8271,0.0,2,heavy
clear,604,4,2,0.736958,0.999789,0.7845,1.0,2,cheap
clear,605,1,2,0.376624,0.999705,0.296,-1.0,2,heavy
clear,606,4,2,0.876698,0.999732,0.5719,0.0,2,cheap
clear,607,2,2,0.960533,0.999766,0.7184,0.0,2,cheap
clear,608,4,2,0.538828,0.999737,0.296,0.0,2,heavy
clear,609,3,2,0.583316,0.999771,0.4939,0.0,2,heavy
clear,610,2,2,0.862704,0.999727,0.4939,0.0,2,cheap
clear,611,0,2,0.540518,0.999725,0.5719,0.0,2,heavy
clear,612,2,2,0.939341,0.999608,0.7096,0.0,2,cheap
clear,613,0,2,-0.016238,0.99965,0.0,0.0,2,heavy
clear,614,0,2,0.766533,0.99979,0.296,0.0,2,cheap
clear,617,2,2,0.76851,0.00025,0.8316,0.0,2,cheap
clear,618,2,2,0.546751,0.999755,0.0,0.0,2,heavy
clear,620,2,2,0.71004,0.999757,0.8225,1.0,2,cheap
clear,625,3,2,0.586029,0.999581,0.5574,0.0,2,heavy
clear,626,3,2,0.16295,0.99977,0.0,0.0,2,heavy
clear,627,0,2,0.436068,0.06787,0.4588,0.0,1,heavy
clear,630,2,2,0.66369,0.999755,0.0,0.0,2,cheap
clear,631,4,2,0.467934,0.999782,0.4939,0.0,2,heavy
clear,632,4,2,0.307241,0.999736,0.4215,0.0,2,heavy
clear,634,3,2,0.396174,0.999701,0.5859,0.0,2,heavy
clear,636,1,2,0.667594,0.997903,0.296,0.0,2,cheap
clear,638,4,2,-0.584627,0.999435,-0.2732,0.0,2,heavy
clear,639,4,2,0.279128,0.999332,0.1779,0.0,2,heavy
clear,640,2,2,0.053949,0.999751,-0.3182,-1.0,2,heavy
clear,641,2,2,0.169619,0.999729,-0.3182,-1.0,2,heavy
clear,642,0,2,-0.357171,0.999687,-0.3182,-1.0,2,heavy
clear,643,0,2,-0.349321,0.999702,-0.3182,-1.0,2,heavy
clear,644,1,2,-0.157546,0.999641,-0.3182,-1.0,2,heavy
clear,645,4,2,-0.230624,0.999664,-0.3182,-1.0,2,heavy
clear,646,1,2,-0.638976,0.999537,-0.3182,-1.0,0,cheap
clear,647,1,2,0.220914,0.999734,-0.3182,-1.0,2,heavy
clear,648,3,2,0.322767,0.999732,-0.3182,-1.0,2,heavy
clear,649,4,2,0.282999,0.999742,-0.3182,-1.0,2,heavy
clear,650,3,2,-0.509394,0.999648,-0.3182,-1.0,2,heavy
clear,651,2,2,-0.075542,0.99829,0.0,0.0,2,heavy
clear,652,3,2,0.097949,0.99972,-0.3182,-1.0,2,heavy
clear,653,2,2,0.053261,0.999701,-0.3182,-1.0,2,heavy
clear,654,4,2,-0.394538,0.999755,-0.3182,-1.0,2,heavy
clear,655,0,2,0.334517,0.999736,-0.3182,-1.0,2,heavy
clear,656,1,2,0.079692,0.999727,-0.3182,-1.0,2,heavy
clear,657,0,2,-0.562659,0.999671,-0.3182,-1.0,2,heavy
clear,658,3,2,-0.242785,0.999734,-0.3182,-1.0,2,heavy
clear,659,2,2,0.314375,0.999739,-0.0258,-1.0,2,heavy
clear,660,0,2,-0.724934,0.999323,0.0,0.0,0,cheap
clear,661,3,2,-0.668616,0.999561,-0.5574,-1.0,0,cheap
clear,662,0,2,0.121259,0.999679,0.0,0.0,2,heavy
clear,663,2,2,-0.115027,0.988877,0.0258,0.0,2,heavy
clear,664,1,2,-0.525496,0.999687,-0.296,0.0,2,heavy
clear,666,0,2,-0.115765,0.999338,0.0,0.0,2,heavy
clear,668,2,2,0.227785,0.999451,0.0,0.0,2,heavy
clear,669,1,0,-0.618879,-0.998577,0.1531,0.0,0,cheap
clear,670,1,0,-0.892353,-0.998309,-0.3182,-1.0,0,cheap
clear,671,3,0,-0.837641,-0.998912,0.0,0.0,0,cheap
clear,672,1,0,-0.540515,-0.998991,0.1531,0.0,0,heavy
clear,673,4,0,-0.253282,-0.999126,0.1531,0.0,0,heavy
clear,674,0,0,-0.209682,-0.998752,0.1531,0.0,0,heavy
clear,675,2,0,0.126849,-0.989545,0.3182,0.0,0,heavy
clear,676,2,0,-0.44923,-0.999414,0.1531,0.0,0,heavy
clear,677,0,0,-0.821612,-0.999519,0.4404,1.0,0,cheap
clear,678,4,0,-0.40959,-0.999295,0.1531,0.0,0,heavy
clear,679,2,0,-0.566049,-0.998858,0.1531,0.0,0,heavy
clear,680,0,0,-0.645638,-0.999141,0.4404,1.0,0,cheap
clear,681,0,0,-0.527316,-0.998531,0.4404,1.0,0,heavy
clear,682,4,0,-0.770853,-0.997866,0.4404,1.0,0,cheap
clear,683,0,0,-0.72566,-0.99929,0.4404,1.0,0,cheap
clear,684,3,0,-0.77381,-0.999322,0.4404,1.0,0,cheap
clear,686,4,2,0.058604,0.999697,0.0,0.0,2,heavy
clear,687,3,2,-0.124984,0.999724,-0.25,0.0,2,heavy
clear,688,2,2,0.1122,0.999613,0.0,0.0,2,heavy
clear,689,3,2,0.33425,0.999677,0.4404,1.0,2,heavy
clear,690,2,2,0.264132,0.99968,0.4404,1.0,2,heavy
clear,691,2,2,0.711097,0.999757,0.4404,1.0,2,cheap
clear,692,2,2,0.620158,0.999626,0.4404,1.0,2,cheap
clear,693,4,0,0.455657,0.998843,0.0,0.0,2,heavy
clear,696,4,0,-0.727299,-0.995256,-0.3182,-1.0,0,cheap
clear,697,3,0,-0.489202,-0.999179,-0.1531,-1.0,0,heavy
clear,698,1,0,-0.796555,-0.168371,-0.3182,-1.0,0,cheap
clear,699,2,0,0.0465,-0.998304,0.0,0.0,0,heavy
clear,700,0,0,-0.774949,-0.998044,-0.3804,-1.0,0,cheap
clear,701,3,2,0.88634,0.999749,0.7096,1.0,2,cheap
clear,702,4,2,0.352177,0.999679,0.2732,1.0,2,heavy
clear,703,1,2,0.86096,0.999749,0.7096,1.0,2,cheap
clear,704,3,2,0.683709,0.999739,0.6908,0.0,2,cheap
clear,705,3,2,0.848246,0.99972,0.7717,0.0,2,cheap
clear,706,0,2,0.838627,0.999702,0.743,0.333333,2,cheap
clear,709,2,2,-0.030593,0.40543,0.296,0.0,2,heavy
clear,710,2,2,-0.137721,0.999333,-0.1531,0.0,2,heavy
clear,711,4,2,0.397763,0.999742,0.25,0.0,2,heavy
clear,712,2,0,0.341414,-0.997683,-0.1779,0.0,0,heavy
clear,713,1,2,-0.060847,6.6e-05,-0.3612,0.0,1,heavy
clear,714,2,2,-0.468363,0.99967,-0.4019,-1.0,2,heavy
clear,715,1,2,0.009383,0.999631,-0.0258,-1.0,2,heavy
clear,716,2,2,0.46196,0.999593,-0.0258,-1.0,2,heavy
clear,717,0,2,0.523287,0.999675,0.1531,0.0,2,heavy
clear,718,1,2,0.737273,0.999659,0.1531,0.0,2,cheap
clear,719,2,2,-0.690406,0.999672,-0.3182,-1.0,0,cheap
clear,720,3,2,-0.451177,0.999731,-0.3182,-1.0,2,heavy
clear,721,1,2,0.009383,0.999623,-0.0258,-1.0,2,heavy
clear,722,0,2,0.57544,0.999651,0.1531,0.0,2,heavy
clear,723,0,2,0.67893,0.999695,0.1531,0.0,2,cheap
clear,724,3,2,0.613014,0.999687,0.3818,0.0,2,cheap
clear,725,4,2,0.392479,0.999769,0.8122,0.0,2,heavy
clear,727,1,2,0.491862,0.999744,0.2732,0.0,2,heavy
clear,728,0,2,-0.492062,0.999696,-0.0258,0.0,2,heavy
clear,729,4,2,-0.189003,0.999753,-0.128,0.0,2,heavy
clear,730,3,2,0.663384,0.999788,0.3182,0.0,2,cheap
clear,731,3,0,-0.657368,-0.982418,-0.5267,0.0,0,cheap
clear,732,2,0,0.474284,-0.999103,0.5859,0.0,0,heavy
clear,733,1,0,-0.27168,-0.999237,-0.4754,1.0,0,heavy
clear,734,0,0,-0.377813,0.99937,-0.3612,-1.0,2,heavy
clear,735,3,0,0.043216,-0.998814,0.0772,-1.0,0,heavy
clear,736,4,0,-0.555656,-0.993756,-0.8564,0.0,0,heavy
clear,737,0,2,-0.072939,0.999736,0.4404,1.0,2,heavy
clear,738,4,2,0.79473,0.999756,0.7579,1.0,2,cheap
clear,739,0,2,0.747201,0.999783,0.6808,0.0,2,cheap
clear,740,3,2,-0.053724,0.999675,0.0,0.0,2,heavy
clear,741,0,2,0.587634,0.999769,0.3182,0.0,2,heavy
clear,742,0,2,0.473151,0.999742,0.0,0.0,2,heavy
clear,744,3,2,0.40268,0.595484,0.5423,0.0,2,heavy
clear,745,0,2,0.772103,0.999703,0.743,0.0,2,cheap
clear,746,1,2,-0.003271,0.998458,0.0,0.0,2,heavy
clear,747,0,2,0.804099,0.999779,0.6597,0.0,2,cheap
clear,748,1,2,0.636329,0.999737,0.5859,0.0,2,cheap
clear,749,0,2,0.123735,0.000171,0.2023,0.0,1,heavy
clear,750,1,2,0.60346,0.999765,0.4939,0.0,2,cheap
clear,751,2,2,0.745925,0.999727,0.6486,0.0,2,cheap
clear,752,0,2,0.331532,0.999699,0.4404,0.0,2,heavy
clear,753,4,2,0.508865,0.999706,0.4754,0.0,2,heavy
clear,754,4,2,0.772404,0.999663,0.6597,0.0,2,cheap
clear,755,0,2,0.362296,0.999774,0.3612,1.0,2,heavy
clear,756,1,2,0.294981,0.99977,0.0,0.0,2,heavy
clear,757,1,2,-0.032699,0.999734,0.0772,0.0,2,heavy
clear,758,4,2,0.671618,0.999732,0.5267,0.0,2,cheap
clear,759,2,2,-0.011278,0.999043,0.0258,0.0,2,heavy
clear,760,2,2,0.592067,0.999379,0.4215,0.0,2,heavy
clear,761,2,2,0.621403,0.999746,0.7096,0.0,2,cheap
clear,762,2,2,0.128662,0.999515,0.0,1.0,2,heavy
clear,763,4,2,0.826112,0.999755,0.7003,0.0,2,cheap
clear,764,2,2,0.633492,0.999752,0.5719,0.0,2,cheap
clear,766,1,2,0.39028,0.999771,0.0,0.0,2,heavy
clear,767,3,2,0.207673,0.999774,0.296,0.0,2,heavy
clear,768,2,2,0.937934,0.999755,0.4019,0.0,2,cheap
clear,769,3,2,0.767568,0.999776,0.3612,0.0,2,cheap
clear,770,1,2,0.208967,0.999719,0.0,0.0,2,heavy
clear,771,4,2,0.722617,0.999751,0.5574,1.0,2,cheap
clear,772,3,2,0.48302,0.999729,0.6808,1.0,2,heavy
clear,773,1,2,0.519353,0.999753,0.5106,1.0,2,heavy
clear,774,2,2,0.690773,0.99966,0.7184,1.0,2,cheap
clear,775,2,2,0.662943,0.999777,0.6908,1.0,2,cheap
clear,776,1,2,-0.435534,0.999706,0.0,0.0,2,heavy
clear,777,1,2,0.69101,0.99974,0.4404,0.0,2,cheap
clear,778,4,2,0.548388,0.999764,0.3612,1.0,2,heavy
clear,779,4,2,0.191888,0.999605,0.0,1.0,2,heavy
clear,780,2,2,0.317991,0.060262,0.6908,0.0,1,heavy
clear,781,0,2,0.765439,0.99977,0.5574,1.0,2,cheap
clear,782,1,2,0.31067,0.999681,0.2023,0.0,2,heavy
clear,783,0,2,0.528277,0.999721,0.4404,0.0,2,heavy
clear,784,0,2,0.67141,0.999725,0.7096,1.0,2,cheap
clear,785,1,2,0.007016,0.999794,-0.128,0.0,2,heavy
clear,786,1,2,0.356459,0.711696,0.3818,0.0,2,heavy
clear,788,2,2,0.113496,-4.2e-05,0.0,0.0,1,heavy
clear,790,1,2,0.242547,0.999637,0.2023,0.0,2,heavy
clear,791,4,2,0.401284,0.999746,0.4404,0.0,2,heavy
clear,792,4,2,0.724708,0.999745,0.5574,1.0,2,cheap
clear,793,3,2,0.439855,0.999738,0.3182,0.0,2,heavy
clear,794,4,2,0.610216,0.98951,0.4939,0.0,2,cheap
clear,795,3,2,0.489051,0.999769,0.3182,0.0,2,heavy
clear,796,2,2,0.605683,0.999773,0.7506,0.0,2,cheap
clear,797,2,2,0.462317,0.999692,0.7506,0.0,2,heavy
clear,798,0,2,0.605799,0.999779,0.4767,0.0,2,cheap
clear,799,3,2,0.70079,0.999434,0.743,0.0,2,cheap
clear,800,3,2,0.068818,0.999604,0.0,0.0,2,heavy
clear,801,3,2,0.755027,0.999742,0.6597,0.0,2,cheap
clear,802,3,2,0.050664,0.999689,0.3182,0.0,2,heavy
clear,803,1,2,0.54078,0.999722,0.4019,0.0,2,heavy
clear,804,2,2,0.724154,0.999754,0.4019,0.0,2,cheap
clear,805,3,2,-0.15582,0.997525,0.2263,0.0,2,heavy
clear,806,2,2,0.357034,0.999753,0.2732,0.0,2,heavy
clear,807,4,2,0.784437,0.999739,0.4019,0.0,2,cheap
clear,808,3,2,0.832734,0.999727,0.6705,0.0,2,cheap
clear,809,3,2,0.713387,0.999732,0.4019,0.0,2,cheap
clear,810,3,2,0.827042,0.999745,0.4019,0.0,2,cheap
clear,811,4,2,0.518456,0.999779,0.4019,0.0,2,heavy
clear,812,0,2,0.817722,0.999724,0.5574,1.0,2,cheap
clear,813,1,2,0.644238,0.999749,0.4767,0.0,2,cheap
clear,814,4,2,0.471828,0.999699,0.6369,0.0,2,heavy
clear,815,2,2,0.195539,0.999707,0.2732,0.0,2,heavy
clear,816,4,2,0.231327,0.999574,0.1779,0.0,2,heavy
clear,817,1,2,0.689622,0.99976,0.5859,0.0,2,cheap
clear,818,2,2,0.501339,0.999766,0.5859,0.0,2,heavy
clear,819,0,2,-0.206283,0.996114,0.0,0.0,2,heavy
clear,820,2,2,0.777715,0.999764,0.4019,0.0,2,cheap
clear,821,2,2,0.290513,0.999611,0.4404,1.0,2,heavy
clear,823,0,2,0.810529,0.999759,0.6808,1.0,2,cheap
clear,824,0,2,0.553862,0.999737,0.8221,0.0,2,heavy
clear,825,2,2,-0.056684,-2.6e-05,0.0,0.0,1,heavy
clear,826,3,2,0.425952,0.999754,0.5994,0.0,2,heavy
clear,827,4,2,0.54502,0.999721,0.5574,1.0,2,heavy
clear,828,3,2,0.459147,0.999709,0.2732,0.0,2,heavy
clear,829,3,2,0.608613,0.999751,0.4019,0.0,2,cheap
clear,830,0,2,0.446975,0.999579,0.7184,0.0,2,heavy
clear,831,0,2,0.787592,0.999752,0.4767,0.0,2,cheap
clear,832,1,2,0.165925,0.999727,0.128,0.0,2,heavy
clear,833,1,2,0.667867,0.999509,0.3182,1.0,2,cheap
clear,834,1,2,0.667365,0.99962,0.3182,1.0,2,cheap
clear,835,0,2,0.633871,0.999742,0.4019,0.0,2,cheap
clear,836,2,2,0.549687,0.999776,0.4588,0.0,2,heavy
clear,837,4,2,0.783697,0.999729,0.5719,0.0,2,cheap
clear,838,3,2,0.322247,0.999734,0.0,0.0,2,heavy
clear,839,3,2,0.835218,0.999738,0.5719,0.0,2,cheap
clear,840,2,2,0.425066,0.985062,0.5106,1.0,2,heavy
clear,841,0,2,0.577646,0.999758,0.2023,0.0,2,heavy
clear,842,3,2,0.002338,0.999752,0.0,0.0,2,heavy
clear,843,2,2,0.734314,0.999607,0.6705,0.0,2,cheap
clear,844,2,2,0.252523,0.001038,0.368,0.0,1,heavy
clear,845,2,2,0.166851,0.966964,0.0,0.0,2,heavy
clear,846,3,2,0.205223,0.056839,0.3818,0.0,1,heavy
clear,847,1,2,0.277894,0.999758,0.0,1.0,2,heavy
clear,848,0,2,0.284183,0.998963,0.4215,0.0,2,heavy
clear,849,4,2,0.186732,0.999753,0.0,1.0,2,heavy
clear,850,2,2,-0.180524,0.999737,0.0,0.0,2,heavy
clear,851,2,2,0.717962,0.999762,0.4215,0.0,2,cheap
clear,852,3,2,0.472564,0.999674,0.4767,0.0,2,heavy
clear,853,4,2,0.143752,0.999463,0.0,0.0,2,heavy
clear,854,3,2,0.264297,0.029326,0.624,0.0,1,heavy
clear,856,1,2,0.254531,0.999617,0.0,0.0,2,heavy
clear,857,1,2,-0.101059,0.999717,0.0,0.0,2,heavy
clear,858,2,2,0.038853,0.999685,0.0,0.0,2,heavy
clear,859,4,2,0.704822,0.999728,0.7351,0.0,2,cheap
clear,860,0,2,0.605297,0.999755,0.4019,0.0,2,cheap
clear,861,1,2,0.47295,0.999678,0.4404,1.0,2,heavy
clear,862,4,2,0.860453,0.999741,0.8481,0.0,2,cheap
clear,863,3,2,0.682129,0.999776,0.4019,0.0,2,cheap
clear,864,2,2,0.034486,0.999656,0.0,0.0,2,heavy
clear,867,2,2,-0.098809,0.999744,0.0,0.0,2,heavy
clear,868,2,2,0.721966,0.981973,0.5106,1.0,2,cheap
clear,870,0,2,0.789725,0.999747,0.5719,1.0,2,cheap
clear,871,0,2,0.477342,0.993427,0.5267,1.0,2,heavy
clear,872,4,2,0.2664,0.999721,0.4404,1.0,2,heavy
clear,873,0,2,0.454312,0.997636,0.6249,0.0,2,heavy
clear,874,4,2,0.692555,0.99975,0.5574,0.0,2,cheap
clear,875,3,2,0.465228,0.999701,0.4404,1.0,2,heavy
clear,876,0,2,-0.06216,-0.750105,0.2732,0.0,0,heavy
clear,877,4,2,0.500517,0.99972,0.2263,0.0,2,heavy
clear,878,1,2,0.100829,0.944299,0.0,0.0,2,heavy
clear,879,3,2,0.804113,0.999649,0.4767,0.0,2,cheap
clear,880,3,2,0.672146,0.999737,0.4019,0.0,2,cheap
clear,881,0,2,0.360444,0.999671,0.296,1.0,2,heavy
clear,882,2,2,0.054125,0.999679,0.0,0.0,2,heavy
clear,883,2,2,0.455819,0.99975,0.3384,0.0,2,heavy
clear,884,4,2,0.405684,0.999759,0.2732,0.0,2,heavy
clear,885,0,2,-0.012884,0.999703,0.0,0.0,2,heavy
clear,887,1,2,0.515139,0.999713,0.296,1.0,2,heavy
clear,888,0,2,0.111094,0.999707,0.296,0.0,2,heavy
clear,889,4,2,0.813198,0.999757,0.6597,1.0,2,cheap
clear,890,2,2,0.650602,0.999737,0.5574,1.0,2,cheap
clear,891,0,2,0.110966,0.999746,0.3612,0.0,2,heavy
clear,892,1,2,0.824475,0.999756,0.4019,0.0,2,cheap
clear,893,1,2,0.599646,0.999704,0.34,1.0,2,heavy
clear,894,4,2,0.260633,0.999775,0.0,0.0,2,heavy
clear,895,3,2,0.484242,0.999781,0.2732,0.0,2,heavy
clear,896,2,2,0.399133,0.999624,0.2732,0.0,2,heavy
clear,897,3,2,0.33846,0.999356,0.3818,0.0,2,heavy
clear,898,4,2,-0.470888,0.999409,-0.34,0.0,2,heavy
clear,899,4,2,0.088296,0.753135,0.0,0.0,2,heavy
clear,900,2,2,0.200769,0.999549,0.0,0.0,2,heavy
clear,901,1,2,-0.301129,0.999754,0.0,0.0,2,heavy
clear,902,3,2,-0.029341,0.999765,0.0,0.0,2,heavy
clear,903,3,2,0.71367,0.999165,0.5106,1.0,2,cheap
clear,904,4,2,0.641994,0.999738,0.5574,1.0,2,cheap
clear,905,2,2,0.249513,0.000948,0.0,0.0,1,heavy
clear,906,2,2,0.500789,0.999774,0.5574,0.0,2,heavy
clear,908,4,2,0.49548,0.999735,0.5994,1.0,2,heavy
clear,909,1,2,0.577337,0.999736,0.6908,0.0,2,heavy
clear,910,2,2,0.633643,0.999761,0.5267,0.0,2,cheap
clear,911,4,2,0.018032,0.999695,0.0,0.0,2,heavy
clear,912,1,2,0.587062,0.999705,0.7506,0.0,2,heavy
clear,913,0,2,0.095025,0.912511,0.0,0.0,2,heavy
clear,914,3,2,0.575116,0.999764,0.4767,0.0,2,heavy
clear,916,2,2,0.362492,0.998804,0.7184,0.0,2,heavy
clear,917,3,2,0.123421,0.999549,0.0,0.0,2,heavy
clear,918,3,2,0.801364,0.999748,0.4939,0.0,2,cheap
clear,919,2,2,0.412509,0.999781,0.5719,0.0,2,heavy
clear,920,1,2,0.671642,0.999595,0.5859,0.0,2,cheap
clear,921,0,2,0.545913,0.99966,0.3182,0.0,2,heavy
clear,922,2,2,0.082753,0.999674,0.0,0.0,2,heavy
clear,923,3,2,0.516262,0.999761,0.5709,0.0,2,heavy
clear,924,2,2,0.68862,0.999758,0.34,0.0,2,cheap
clear,925,3,2,0.68128,0.999743,0.3818,1.0,2,cheap
clear,926,4,2,0.553825,0.999765,0.4215,1.0,2,heavy
clear,927,1,2,-0.0734,0.999778,0.0772,0.0,2,heavy
clear,928,2,2,0.626171,0.999764,0.4404,0.0,2,cheap
clear,929,2,2,0.512567,0.999781,0.3182,0.0,2,heavy
clear,930,4,2,0.841404,0.999778,0.6369,0.0,2,cheap
clear,931,3,2,0.307574,0.999694,0.1779,0.0,2,heavy
clear,932,0,2,0.745472,0.999554,0.659,1.0,2,cheap
clear,933,0,2,0.764875,0.999748,0.7351,0.0,2,cheap
clear,934,3,2,0.563047,0.99971,0.4767,0.0,2,heavy
clear,935,4,2,0.732043,0.999764,0.7003,0.0,2,cheap
clear,936,1,2,0.827859,0.999766,0.5423,0.0,2,cheap
clear,937,4,2,0.631723,0.99976,0.3182,0.0,2,cheap
clear,938,0,2,0.891462,0.999737,0.4019,0.0,2,cheap
clear,939,4,2,0.734212,0.999755,0.4019,0.0,2,cheap
clear,940,0,2,0.374519,0.914838,0.4019,0.0,2,heavy
clear,941,2,2,0.122971,0.895719,0.128,0.0,2,heavy
clear,942,1,2,0.770069,0.999756,0.4019,0.0,2,cheap
clear,943,0,2,0.570444,0.999727,0.5719,0.0,2,heavy
clear,944,3,2,0.234093,0.999167,0.3612,0.0,2,heavy
clear,945,0,2,0.134922,0.999669,0.296,0.0,2,heavy
clear,946,2,2,0.73679,0.999755,0.4767,0.0,2,cheap
clear,947,3,2,0.626642,0.999732,0.6124,0.0,2,cheap
clear,948,4,2,0.657909,0.999569,0.5859,1.0,2,cheap
clear,949,0,2,0.190813,0.999719,0.0,0.0,2,heavy
clear,950,4,2,0.824488,0.999724,0.5719,0.0,2,cheap
clear,951,0,2,0.237149,0.999066,0.3182,0.0,2,heavy
clear,952,0,2,0.728435,0.999728,0.5719,0.0,2,cheap
clear,954,1,2,0.527685,0.999726,0.4404,0.0,2,heavy
clear,955,1,2,0.35528,0.999704,0.4939,0.0,2,heavy
clear,956,4,2,0.68892,0.999786,0.5859,0.0,2,cheap
clear,957,0,2,0.450203,0.999729,0.5423,0.0,2,heavy
clear,958,2,2,0.873796,0.999705,0.7351,1.0,2,cheap
clear,959,2,2,0.684087,0.999708,0.7184,1.0,2,cheap
clear,960,1,2,0.7652,0.999677,0.7184,1.0,2,cheap
clear,961,4,2,0.743607,0.999666,0.7184,1.0,2,cheap
clear,962,3,2,0.729974,0.999705,0.7184,1.0,2,cheap
clear,963,4,2,0.489639,0.999742,0.5106,0.0,2,heavy
clear,964,2,2,0.634595,0.999746,0.7003,1.0,2,cheap
clear,965,3,2,0.651701,0.999724,0.4767,0.0,2,cheap
clear,966,1,2,0.821578,0.999759,0.4019,0.0,2,cheap
clear,967,1,2,-0.417908,0.99974,-0.4588,0.0,2,heavy
clear,968,0,2,0.133926,0.999731,0.0,0.0,2,heavy
clear,969,4,2,0.80015,0.999643,0.7096,1.0,2,cheap
clear,970,2,2,0.42667,0.99969,0.3818,0.0,2,heavy
clear,971,0,2,0.366498,0.999778,0.25,0.0,2,heavy
clear,972,4,2,0.565266,0.999636,0.7178,0.0,2,heavy
clear,973,0,2,0.135503,0.999617,0.0,1.0,2,heavy
clear,974,1,2,0.215329,0.999626,0.0,0.0,2,heavy
clear,975,4,2,0.343015,0.999735,0.5719,0.0,2,heavy
clear,976,2,2,0.547462,0.999745,0.3612,1.0,2,heavy
clear,977,2,2,-0.27566,0.999728,0.0,0.0,2,heavy
clear,979,2,2,0.80619,0.999718,0.4767,0.0,2,cheap
clear,980,1,2,0.625723,0.999779,0.3612,0.0,2,cheap
clear,981,0,2,0.593701,0.999748,0.4019,0.0,2,heavy
clear,982,1,2,0.419101,0.999736,0.4588,0.0,2,heavy
clear,983,4,2,0.424757,0.999731,0.4588,0.0,2,heavy
clear,984,1,2,0.456083,0.99976,0.5267,1.0,2,heavy
clear,985,3,2,0.349091,0.999764,0.4767,0.0,2,heavy
clear,986,4,2,0.40674,0.999747,0.7096,0.0,2,heavy
clear,987,4,2,0.092679,0.999663,0.0,0.0,2,heavy
clear,988,1,2,0.832671,0.999754,0.7096,1.0,2,cheap
clear,989,0,2,0.176857,0.999741,0.0,0.0,2,heavy
clear,990,3,2,0.56732,0.979899,0.4019,0.0,2,heavy
clear,991,2,2,0.102776,0.033313,0.0,0.0,1,heavy
clear,992,2,2,0.66755,0.999768,0.3612,0.0,2,cheap
clear,994,2,2,0.588971,0.999739,0.4019,0.0,2,heavy
clear,995,2,2,0.76565,0.999659,0.597,0.0,2,cheap
clear,996,0,2,0.082044,0.999462,0.1901,-1.0,2,heavy
clear,997,0,2,-0.220735,0.999739,-0.0772,0.0,2,heavy
clear,999,4,2,0.415403,0.999667,0.128,0.0,2,heavy
clear,1013,1,2,0.155381,9.1e-05,0.0,0.0,1,heavy
clear,1028,0,2,0.47277,0.999712,0.4404,0.0,2,heavy
clear,1037,1,2,0.766187,0.999718,0.802,0.0,2,cheap
clear,1040,1,2,0.504596,0.999771,0.5994,0.0,2,heavy
clear,1050,0,2,0.483612,0.964959,0.4754,-1.0,2,heavy
clear,1051,4,2,0.163864,0.999679,0.0,0.0,2,heavy
clear,1057,0,2,0.644704,0.999768,0.875,1.0,2,cheap
clear,1067,3,2,0.559377,0.999793,0.765,1.0,2,heavy
clear,1070,1,2,0.015412,0.999663,0.0,0.0,2,heavy
clear,1075,0,2,0.157682,0.999748,0.0,0.0,2,heavy
clear,1077,0,2,0.423535,0.999736,0.4767,0.0,2,heavy
clear,1078,4,2,0.154169,0.999449,0.0,0.0,2,heavy
clear,1105,3,2,0.22558,0.999791,0.25,0.0,2,heavy
clear,1109,4,2,0.586818,5.1e-05,0.5994,0.0,1,heavy
clear,1114,0,2,0.509892,0.999607,0.5859,0.0,2,heavy
clear,1120,2,2,0.742806,0.999753,0.4019,0.0,2,cheap
clear,1123,2,2,0.205812,0.999716,0.0,0.0,2,heavy
clear,1127,4,2,0.569299,0.993214,0.5719,0.0,2,heavy
clear,1128,3,2,0.316062,0.988442,0.2023,0.0,2,heavy
clear,1129,3,2,0.110867,0.999763,0.0,0.0,2,heavy
clear,1130,1,2,0.400874,0.999621,0.6369,0.0,2,heavy
clear,1135,1,2,0.130896,0.999729,0.0,0.0,2,heavy
clear,1137,0,2,0.081833,0.999301,0.0,0.0,2,heavy
clear,1140,2,2,0.083558,0.999269,0.0,0.0,2,heavy
clear,1141,4,2,0.174292,0.999744,0.0,0.0,2,heavy
clear,1145,0,2,0.700218,0.999769,0.4215,0.0,2,cheap
clear,1146,1,2,0.523897,0.999736,0.6597,0.0,2,heavy
clear,1148,4,0,-0.191209,-0.999375,0.2263,0.0,0,heavy
clear,1150,4,0,-0.481848,0.000205,-0.2263,0.0,1,heavy
clear,1157,0,0,-0.702981,-0.999518,0.0,0.0,0,cheap
clear,1171,3,2,0.255483,0.999713,0.4404,1.0,2,heavy
clear,1172,2,2,0.375822,0.996861,0.6369,0.0,2,heavy
clear,1179,3,0,-0.574633,-0.997546,0.0,0.0,0,heavy
clear,1184,1,2,0.228917,0.999678,0.0,0.0,2,heavy
clear,1185,3,2,0.180624,0.99962,0.3818,0.0,2,heavy
clear,1187,1,2,0.286904,0.999669,0.0,0.0,2,heavy
clear,1194,2,2,0.364436,0.999544,0.7096,0.0,2,heavy
clear,1205,4,2,0.569681,0.999657,0.3612,0.0,2,heavy
clear,1214,0,2,0.127757,-0.001624,0.5859,0.0,1,heavy
clear,1220,1,2,0.126419,0.999661,0.1779,0.0,2,heavy
clear,1222,1,2,0.341084,0.999711,0.0,0.0,2,heavy
clear,1228,4,2,0.556543,0.999659,0.4939,0.0,2,heavy
clear,1234,4,2,0.545134,0.999766,0.5719,0.0,2,heavy
clear,1238,1,2,0.471817,0.999495,0.5423,0.0,2,heavy
clear,1245,0,2,0.301711,0.999713,0.3167,0.0,2,heavy
clear,1253,2,2,0.204162,0.999768,0.0,0.0,2,heavy
clear,1261,4,2,0.51257,0.999693,0.4939,0.0,2,heavy
clear,1270,4,2,0.758264,0.999446,0.7845,0.0,2,cheap
clear,1282,0,2,0.557204,0.999626,0.3818,1.0,2,heavy
clear,1287,4,2,0.373246,0.00079,0.2732,0.0,1,heavy
clear,1289,0,2,0.270977,0.999695,0.4588,0.0,2,heavy
clear,1294,2,2,-0.05519,0.999783,0.0,0.0,2,heavy
clear,1300,2,2,0.257952,0.999579,0.0,0.0,2,heavy
clear,1301,4,2,0.263171,0.999144,0.4404,0.0,2,heavy
clear,1302,0,2,0.226776,0.99918,0.4019,0.0,2,heavy
clear,1307,4,2,0.53018,0.999256,0.5106,1.0,2,heavy
clear,1309,3,2,0.457353,0.999557,0.6808,0.0,2,heavy
clear,1315,0,2,0.289785,0.999614,0.0,0.0,2,heavy
clear,1316,2,2,0.353797,0.999769,0.7184,0.0,2,heavy
clear,1322,0,2,0.373782,0.999713,0.0,0.0,2,heavy
clear,1323,4,2,0.129514,0.99966,0.0,0.0,2,heavy
clear,1329,1,2,0.452587,0.999752,0.2023,0.0,2,heavy
clear,1333,3,2,0.154574,0.999645,0.5994,0.0,2,heavy
clear,1346,3,2,0.195284,0.999712,0.0,0.0,2,heavy
clear,1366,2,2,0.379463,0.994696,0.4939,0.0,2,heavy
clear,1369,3,2,0.530799,0.999229,0.7906,0.0,2,heavy
clear,1375,4,2,0.088489,0.995714,0.0,0.0,2,heavy
clear,1409,3,2,0.773825,0.999748,0.7003,0.0,2,cheap
clear,1426,1,2,0.046966,0.99975,0.0,0.0,2,heavy
clear,1427,3,2,0.099377,0.999716,0.1779,0.0,2,heavy
clear,1434,1,2,0.393304,0.522124,0.6369,0.0,2,heavy
clear,1442,3,2,0.436999,0.999741,0.0,0.0,2,heavy
clear,1447,2,2,0.15814,0.006351,0.0,1.0,1,heavy
clear,1448,4,2,0.175734,0.669225,0.0,0.0,2,heavy
clear,1454,1,2,0.332874,0.997476,0.6908,0.0,2,heavy
clear,1465,0,2,0.50658,0.999748,0.6369,0.0,2,heavy
clear,1469,0,2,0.513508,0.999672,0.6908,0.0,2,heavy
clear,1477,2,2,0.21999,0.999687,0.0,0.0,2,heavy
clear,1479,2,2,0.317734,0.200055,0.6249,0.0,1,heavy
clear,1482,3,2,0.583059,0.999744,0.6115,0.0,2,heavy
clear,1484,2,2,0.443103,0.999451,0.2023,0.0,2,heavy
clear,1491,3,2,-0.006423,3e-06,0.0,0.0,1,heavy
clear,1493,1,2,0.441093,0.997548,0.5719,0.0,2,heavy
clear,1496,0,2,0.243886,0.999104,0.4019,0.0,2,heavy
clear,1502,0,2,0.502966,0.99964,0.6486,0.0,2,heavy
clear,1512,1,2,0.404253,0.9997,0.3167,0.0,2,heavy
clear,1524,1,2,0.767395,0.999783,0.7783,0.0,2,cheap
clear,1525,0,0,-0.182597,-0.999204,0.0,0.0,0,heavy
clear,1531,2,2,0.325581,0.0002,0.5423,0.0,1,heavy
clear,1540,4,2,0.435749,0.999318,0.2023,0.0,2,heavy
clear,1546,0,2,0.912267,0.999779,0.743,1.0,2,cheap
clear,1554,1,2,0.0046,0.999763,0.0,1.0,2,heavy
clear,1567,1,2,0.420472,0.994479,0.7003,0.0,2,heavy
clear,1570,1,0,-0.133765,-0.9985,0.4939,0.0,0,heavy
clear,1571,1,2,0.424996,0.999779,0.4754,0.0,2,heavy
clear,1588,0,2,0.627723,0.999787,0.5719,0.0,2,cheap
clear,1602,0,2,0.025873,0.999648,0.0,0.0,2,heavy
clear,1604,1,2,0.058538,0.99972,0.0,0.0,2,heavy
clear,1608,3,2,0.456565,0.999784,0.3182,0.0,2,heavy
clear,1618,1,2,-0.103548,0.999596,-0.0516,0.0,2,heavy
clear,1628,3,2,0.372586,0.999749,0.4588,0.0,2,heavy
clear,1638,2,2,0.372188,0.999472,0.5256,0.0,2,heavy
clear,1648,1,2,0.281264,0.999781,0.5106,1.0,2,heavy
clear,1654,1,2,0.404114,0.999772,0.25,0.0,2,heavy
clear,1658,3,2,0.097644,0.999732,0.4215,0.0,2,heavy
clear,1666,1,2,0.153217,-5.4e-05,0.3612,0.0,1,heavy
clear,1670,0,2,0.866775,0.999658,0.7096,0.0,2,cheap
clear,1685,2,2,0.804559,0.999708,0.7845,1.0,2,cheap
clear,1686,1,2,0.844495,0.9997,0.5574,1.0,2,cheap
clear,1687,1,2,0.609936,0.999703,0.5574,1.0,2,cheap
clear,1690,0,2,0.135506,0.999728,0.0,0.0,2,heavy
clear,1691,3,2,0.738684,0.999406,0.8737,0.0,2,cheap
clear,1698,2,2,0.183045,0.999748,0.0,0.0,2,heavy
clear,1700,1,2,0.566577,0.999696,0.6124,0.0,2,heavy
clear,1703,4,2,-0.150901,0.999287,0.0,0.0,2,heavy
clear,1705,3,0,-0.950847,-0.999569,0.0,0.0,0,cheap
clear,1706,3,0,-0.309533,-0.996837,-0.3182,-1.0,0,heavy
clear,1707,4,0,0.700547,-0.999426,0.6166,1.0,2,cheap
clear,1708,1,0,-0.29552,-0.999537,0.0,0.0,0,heavy
clear,1709,3,0,0.47306,-0.997813,0.34,1.0,0,heavy
clear,1710,4,0,0.318765,-0.966534,0.2732,0.0,0,heavy
clear,1711,2,0,-0.532058,-0.999336,-0.296,0.0,0,heavy
clear,1712,1,2,0.562601,0.999494,0.2263,0.0,2,heavy
clear,1713,2,0,-0.71341,-0.998457,0.0,0.0,0,cheap
clear,1714,0,0,0.578552,-0.999272,0.743,0.0,0,heavy
clear,1715,1,2,0.721232,0.999652,0.743,0.0,2,cheap
clear,1716,0,2,0.902091,0.999751,0.8074,0.0,2,cheap
clear,1717,1,2,0.478448,0.999752,0.765,0.0,2,heavy
clear,1718,0,2,0.766037,0.999551,0.7506,0.0,2,cheap
clear,1720,3,2,0.338856,0.999791,0.8658,0.0,2,heavy
clear,1721,1,2,0.550291,0.999757,0.7003,0.0,2,heavy
clear,1722,2,2,0.90161,0.999689,0.8271,1.0,2,cheap
clear,1723,2,2,0.79298,0.999721,0.8225,1.0,2,cheap
clear,1724,4,2,0.799568,0.999763,0.6808,0.0,2,cheap
clear,1725,3,2,0.743616,0.999753,0.7579,1.0,2,cheap
clear,1726,4,2,0.825964,0.999732,0.5994,0.0,2,cheap
clear,1727,2,2,0.566215,0.999749,0.8357,0.0,2,heavy
clear,1728,3,2,0.519483,0.999786,0.3818,0.0,2,heavy
clear,1729,2,2,0.218505,0.999781,0.0,0.0,2,heavy
clear,1730,1,2,0.650525,0.999604,0.4754,0.0,2,cheap
clear,1731,3,2,0.231215,0.999758,0.5994,0.0,2,heavy
clear,1732,2,2,0.161441,0.999733,0.3612,0.0,2,heavy
clear,1733,3,2,0.508342,0.999745,0.5423,0.0,2,heavy
clear,1734,3,2,0.202259,0.999667,0.0,0.0,2,heavy
clear,1735,0,2,0.431565,0.999689,0.5267,1.0,2,heavy
clear,1736,3,2,0.75146,0.999719,0.5423,0.0,2,cheap
clear,1737,2,2,0.337212,0.999703,0.0,1.0,2,heavy
clear,1738,3,2,0.919766,0.999739,0.762,0.0,2,cheap
clear,1739,1,2,0.557403,0.998427,0.7351,0.0,2,heavy
clear,1740,3,2,0.555235,0.999747,0.5106,0.0,2,heavy
clear,1741,4,2,0.62165,0.999707,0.7003,0.0,2,cheap
clear,1742,0,2,0.673816,0.999718,0.4404,0.0,2,cheap
clear,1743,4,2,0.70472,0.996625,0.836,0.0,2,cheap
clear,1744,1,2,0.785428,0.999766,0.7178,0.0,2,cheap
clear,1745,1,2,0.27883,0.999629,0.0,0.0,2,heavy
clear,1747,3,2,0.068566,0.205888,0.0,1.0,1,heavy
clear,1748,0,2,0.094665,0.999732,0.0,0.0,2,heavy
clear,1749,4,2,0.768638,0.999772,0.5994,1.0,2,cheap
clear,1750,1,2,0.648483,0.99978,0.4767,0.0,2,cheap
clear,1751,0,2,0.793598,0.999722,0.8126,0.0,2,cheap
clear,1752,0,2,0.820093,0.999725,0.6808,0.0,2,cheap
clear,1753,0,2,0.312334,0.999691,0.0,1.0,2,heavy
clear,1755,1,2,0.75258,0.999699,0.5719,0.0,2,cheap
clear,1756,1,2,0.86762,0.999715,0.6808,0.0,2,cheap
clear,1757,1,2,0.321567,0.999812,0.5574,1.0,2,heavy
clear,1758,2,2,0.898548,0.999739,0.6808,0.0,2,cheap
clear,1759,3,2,0.382443,0.999749,0.5859,0.0,2,heavy
clear,1761,4,2,0.5859,0.999744,0.4939,0.0,2,heavy
clear,1762,0,2,0.765374,0.999644,0.6908,0.0,2,cheap
clear,1763,4,2,0.039045,0.999742,0.0,0.0,2,heavy
clear,1765,3,2,0.67317,0.999583,0.6318,0.0,2,cheap
clear,1766,1,2,0.563099,0.782643,0.3818,0.0,2,heavy
clear,1767,1,2,0.037036,0.99974,0.0,0.0,2,heavy
clear,1768,1,2,0.545256,0.999671,0.7845,0.0,2,heavy
clear,1769,3,2,0.662838,0.999701,0.4588,0.0,2,cheap
clear,1771,4,2,0.732663,0.999793,0.7351,1.0,2,cheap
clear,1773,2,2,0.707994,0.999795,0.6249,0.0,2,cheap
clear,1774,0,2,0.868662,0.999749,0.5719,1.0,2,cheap
clear,1775,0,2,0.652268,0.999758,0.4019,0.0,2,cheap
clear,1776,1,2,0.731424,0.99968,0.5719,0.0,2,cheap
clear,1777,2,2,0.66746,0.999749,0.4019,0.0,2,cheap
clear,1778,4,2,0.535872,0.999634,0.7906,1.0,2,heavy
clear,1779,0,2,0.774954,0.999733,0.7506,0.0,2,cheap
clear,1780,3,2,0.76456,0.999705,0.5719,0.0,2,cheap
clear,1781,3,2,0.895725,0.999734,0.5719,1.0,2,cheap
clear,1782,4,2,0.516031,0.999731,0.6124,0.0,2,heavy
clear,1783,1,2,0.86965,0.999744,0.8625,1.0,2,cheap
clear,1784,0,2,0.619618,0.999737,0.3612,1.0,2,cheap
clear,1785,3,2,0.641537,0.295609,0.7184,0.0,2,cheap
clear,1786,2,2,0.270954,0.999717,0.296,0.0,2,heavy
clear,1787,0,2,0.862728,0.999747,0.6808,0.0,2,cheap
clear,1788,1,2,0.67718,0.999747,0.6705,0.0,2,cheap
clear,1789,1,2,0.507336,0.999754,0.4019,0.0,2,heavy
clear,1790,2,2,0.706535,0.999489,0.6318,0.0,2,cheap
clear,1791,2,2,0.548549,0.999694,0.3818,0.0,2,heavy
clear,1792,3,2,0.667646,0.999698,0.6115,0.0,2,cheap
clear,1793,3,2,0.808093,0.999668,0.6908,1.0,2,cheap
clear,1797,1,2,0.719729,0.99979,0.8316,0.0,2,cheap
clear,1798,0,2,0.544397,0.999385,0.6808,0.0,2,heavy
clear,1799,2,2,0.738995,0.999738,0.8316,0.0,2,cheap
clear,1800,1,0,0.487528,-0.990621,0.4767,0.0,0,heavy
clear,1804,0,2,0.731485,0.998847,0.6486,0.0,2,cheap
clear,1811,1,2,0.41681,0.659434,0.5574,0.0,2,heavy
clear,1813,3,2,0.690786,0.999729,0.5267,1.0,2,cheap
clear,1816,1,2,0.356917,0.99977,0.5267,0.0,2,heavy
clear,1823,2,2,0.556659,0.999744,0.6124,0.0,2,heavy
clear,1825,0,2,0.404159,0.999607,0.7089,0.0,2,heavy
clear,1826,2,2,0.829717,0.999728,0.743,0.0,2,cheap
clear,1832,3,2,0.777689,0.999743,0.7096,0.0,2,cheap
clear,1835,3,2,0.057273,0.000378,0.0,0.0,1,heavy
clear,1841,2,2,0.775647,0.999773,0.8316,0.0,2,cheap
clear,1842,0,2,0.151496,0.999598,0.0,0.0,2,heavy
clear,1847,2,2,0.639762,0.999757,0.836,0.0,2,cheap
clear,1849,3,2,0.742565,0.999746,0.5719,0.0,2,cheap
clear,1851,4,2,0.630459,0.999335,0.8074,0.0,2,cheap
clear,1852,3,2,0.657058,0.999721,0.5574,0.0,2,cheap
clear,1854,2,2,0.260699,0.999552,0.0,0.0,2,heavy
clear,1860,4,2,0.698146,0.999768,0.4404,1.0,2,cheap
clear,1864,4,2,0.544977,0.999655,0.5563,0.0,2,heavy
clear,1867,4,2,0.010023,0.000179,0.0,0.0,1,heavy
clear,1875,0,2,0.252859,0.999733,0.743,0.0,2,heavy
clear,1876,3,2,0.703971,0.999725,0.8481,0.0,2,cheap
clear,1878,3,2,0.549066,0.999706,0.4005,0.0,2,heavy
clear,1881,0,2,0.470298,0.999514,0.34,0.0,2,heavy
clear,1882,0,2,0.454241,0.999789,0.3818,0.0,2,heavy
clear,1883,2,2,0.830256,0.999759,0.7316,0.0,2,cheap
clear,1887,1,2,0.804312,0.999684,0.7906,0.0,2,cheap
clear,1888,0,2,0.735676,0.999169,0.7096,0.0,2,cheap
clear,1894,3,2,0.121108,6.1e-05,0.3167,0.0,1,heavy
clear,1905,2,2,0.644178,0.999719,0.8779,0.0,2,cheap
clear,1914,3,2,0.714183,0.999715,0.6908,0.0,2,cheap
clear,1915,3,2,0.334323,0.999753,0.6369,0.0,2,heavy
clear,1916,4,2,0.777915,0.999772,0.4939,0.0,2,cheap
clear,1919,0,2,0.448537,0.99976,0.7579,0.0,2,heavy
clear,1921,0,0,0.539246,0.021441,0.3612,0.0,1,heavy
clear,1926,2,2,0.373352,0.999696,0.3818,0.0,2,heavy
clear,1935,0,2,0.797563,0.99949,0.5106,1.0,2,cheap
clear,1936,3,2,0.740944,0.999337,0.6705,0.0,2,cheap
clear,1937,3,0,0.217299,-0.912952,0.296,0.0,0,heavy
clear,1938,2,0,-0.537035,-0.999458,-0.296,0.0,0,heavy
clear,1939,1,2,0.064863,0.999722,0.0,0.0,2,heavy
clear,1940,0,2,0.858413,0.999553,0.6997,1.0,2,cheap
clear,1941,0,2,0.856843,0.999748,0.8658,1.0,2,cheap
clear,1943,2,2,-0.047988,0.999071,0.0,0.0,2,heavy
clear,1944,4,2,0.895142,0.999727,0.4939,0.0,2,cheap
clear,1945,3,2,-0.405411,0.999726,-0.1779,0.0,2,heavy
clear,1946,0,2,0.490608,0.999757,0.3818,0.0,2,heavy
clear,1947,2,2,0.520211,0.996662,0.5267,1.0,2,heavy
clear,1948,3,2,0.366355,0.999673,0.6124,0.0,2,heavy
clear,1949,4,2,0.346832,0.999759,0.6597,0.0,2,heavy
clear,1950,2,2,0.609905,0.999744,0.5574,1.0,2,cheap
clear,1951,4,2,-0.771361,0.999756,-0.6124,0.0,0,cheap
clear,1952,2,2,0.665212,0.999785,0.4767,1.0,2,cheap
clear,1953,1,2,0.731477,0.999769,0.4939,0.0,2,cheap
clear,1954,2,2,0.313407,0.995142,0.5994,0.0,2,heavy
clear,1960,2,2,-0.109427,0.998671,-0.4215,0.0,2,heavy
clear,1962,4,2,-0.695082,0.999574,-0.296,0.0,0,cheap
clear,1965,3,0,0.195327,0.00031,0.0772,0.0,1,heavy
clear,1969,4,0,-0.221546,-0.999176,0.3182,0.0,0,heavy
clear,1972,2,2,-0.117738,0.999751,-0.1531,0.0,2,heavy
clear,1975,0,0,-0.422377,-0.995166,-0.4019,0.0,0,heavy
clear,1977,0,0,-0.303862,-0.999568,-0.4215,0.0,0,heavy
clear,1982,2,2,0.037801,0.999752,0.0516,0.0,2,heavy
clear,1986,4,0,-0.663487,-0.999452,-0.4767,-1.0,0,cheap
clear,1988,1,2,0.2124,0.999723,0.0,0.0,2,heavy
clear,1989,1,0,-0.893605,-0.999359,-0.5423,-1.0,0,cheap
clear,1990,0,0,-0.387644,-0.998978,-0.5267,0.0,0,heavy
clear,1991,2,0,-0.230315,-0.999244,0.0,-1.0,0,heavy
clear,1992,4,2,-0.785161,0.99976,-0.4767,0.0,0,cheap
clear,1993,1,2,0.364111,0.999412,0.2023,-1.0,2,heavy
clear,1994,2,2,-0.018322,-0.632901,0.0,0.0,0,heavy
clear,1995,2,2,-0.041399,0.999559,0.4404,1.0,2,heavy
clear,1997,0,0,-0.47532,-0.999539,0.34,0.0,0,heavy
clear,1998,2,0,-0.28061,-0.998117,-0.2732,0.0,0,heavy
clear,1999,0,2,0.474145,0.999768,0.3182,0.0,2,heavy
clear,2000,2,2,0.138859,0.997986,0.0,0.0,2,heavy
clear,2001,2,2,0.003814,0.999762,0.0,0.0,2,heavy
clear,2002,4,2,0.234486,0.999759,0.1779,0.0,2,heavy
clear,2003,0,2,0.401608,0.999718,0.2023,0.0,2,heavy
clear,2004,1,2,0.34036,0.150122,0.128,0.0,1,heavy
clear,2006,4,2,-0.132575,0.995093,0.0,0.0,2,heavy
clear,2008,2,2,0.349402,0.999651,0.4404,1.0,2,heavy
clear,2010,2,2,0.161499,0.999649,0.0,0.0,2,heavy
clear,2012,3,2,0.317524,0.99974,0.0,0.0,2,heavy
clear,2013,4,2,0.789074,0.999712,0.743,0.0,2,cheap
clear,2015,4,2,0.755589,0.999754,0.3182,0.0,2,cheap
clear,2018,3,2,0.186614,0.659877,0.0,0.0,2,heavy
clear,2019,0,2,-0.266707,0.999334,0.1531,0.0,2,heavy
clear,2020,4,2,0.725028,0.999784,0.4019,0.0,2,cheap
clear,2022,0,2,0.00928,0.999777,0.1779,0.0,2,heavy
clear,2023,1,2,0.280495,0.999733,0.0,0.0,2,heavy
clear,2026,4,2,0.072456,0.999649,0.0,0.0,2,heavy
clear,2027,0,2,-0.735613,0.99801,-0.5574,-1.0,0,cheap
clear,2029,0,2,0.655277,0.999743,0.3182,0.0,2,cheap
clear,2034,2,2,-0.09776,-0.403689,0.0,0.0,0,heavy
clear,2036,0,2,0.105793,0.891621,-0.0258,0.0,2,heavy
clear,2039,2,2,0.189984,0.999653,0.128,0.0,2,heavy
clear,2049,3,2,0.683574,0.999794,0.7096,1.0,2,cheap
clear,2050,1,2,-0.597936,0.999444,-0.0258,-1.0,2,heavy
clear,2051,1,2,0.547165,0.999771,0.3182,0.0,2,heavy
clear,2052,0,2,0.115205,0.999693,0.0,0.0,2,heavy
clear,2053,4,2,-0.269832,0.996678,0.0,0.0,2,heavy
clear,2055,3,2,0.425958,0.999628,0.4404,0.0,2,heavy
clear,2058,3,2,0.046399,0.999729,0.0,0.0,2,heavy
clear,2059,4,2,0.32823,0.999605,0.0,0.0,2,heavy
clear,2060,3,2,0.558162,0.00019,0.2732,0.0,1,heavy
clear,2061,0,2,0.158631,0.99976,0.296,0.0,2,heavy
clear,2062,2,2,0.031535,0.001101,0.0,0.0,1,heavy
clear,2064,0,2,0.218474,0.998166,0.0,0.0,2,heavy
clear,2065,2,2,0.286015,0.99977,0.4767,0.0,2,heavy
clear,2067,3,2,0.551631,0.999734,0.4939,0.0,2,heavy
clear,2068,3,2,-0.189101,0.99774,0.0,0.0,2,heavy
clear,2069,0,2,0.170638,0.999732,0.0,0.0,2,heavy
clear,2071,3,2,0.546541,0.999742,0.2023,0.0,2,heavy
clear,2072,3,2,0.152131,0.999723,0.0,0.0,2,heavy
clear,2073,1,2,0.085923,0.999759,0.0,0.0,2,heavy
clear,2075,3,2,0.46032,0.999711,0.296,0.0,2,heavy
clear,2076,4,2,0.387815,0.995752,0.3818,1.0,2,heavy
clear,2078,1,2,0.199872,0.999741,0.2732,0.0,2,heavy
clear,2082,3,2,0.541836,0.999744,0.3182,0.0,2,heavy
clear,2083,4,2,0.460336,0.999525,0.3612,0.0,2,heavy
clear,2085,2,2,0.429889,0.999692,0.2023,0.0,2,heavy
clear,2087,2,2,0.456064,0.99971,0.0,0.0,2,heavy
clear,2088,2,2,0.874099,0.999764,0.3818,1.0,2,cheap
clear,2091,0,2,-0.441477,0.934012,-0.0258,-1.0,2,heavy
clear,2092,4,2,0.426502,0.010573,0.3612,0.0,1,heavy
clear,2094,0,2,0.476259,0.999749,0.0,0.0,2,heavy
clear,2095,1,2,0.278578,0.999741,0.0,0.0,2,heavy
clear,2099,4,2,0.432302,0.999756,0.0,0.0,2,heavy
clear,2100,2,2,0.692453,0.999577,0.4939,0.0,2,cheap
clear,2101,1,2,0.130903,0.000143,0.0,-1.0,1,heavy
clear,2104,1,2,0.354401,0.999756,0.2732,0.0,2,heavy
clear,2106,3,2,-0.438594,0.999549,0.1531,0.0,2,heavy
clear,2107,0,2,0.666244,0.999682,0.4404,0.0,2,cheap
clear,2109,1,2,0.37684,0.996734,0.4404,1.0,2,heavy
clear,2110,2,2,0.318215,0.011292,0.3818,0.0,1,heavy
clear,2113,4,2,0.036685,0.004788,0.0,0.0,1,heavy
clear,2119,1,2,0.117124,0.999696,0.0,0.0,2,heavy
clear,2121,2,2,0.149976,0.999666,0.0,0.0,2,heavy
clear,2126,1,2,-0.005801,0.999695,0.0,0.0,2,heavy
clear,2127,1,2,-0.110151,0.999571,0.1531,0.0,2,heavy
clear,2128,2,2,0.051541,0.999718,0.0772,0.0,2,heavy
clear,2129,0,2,-0.343533,0.999588,0.1531,0.0,2,heavy
clear,2130,1,2,0.192104,0.999742,0.0516,0.0,2,heavy
clear,2131,3,2,0.337568,0.999227,0.0,0.0,2,heavy
clear,2132,0,2,0.192826,0.999453,0.2732,-1.0,2,heavy
clear,2133,1,2,0.297859,0.999541,0.2732,-1.0,2,heavy
clear,2136,1,2,0.737887,0.999295,0.3818,1.0,2,cheap
clear,2137,0,2,0.167214,0.999745,0.0,0.0,2,heavy
clear,2138,2,2,0.5104,0.999772,0.3182,0.0,2,heavy
clear,2139,2,2,0.062991,0.000184,0.2732,0.0,1,heavy
clear,2140,4,2,0.063626,0.999475,0.0,-1.0,2,heavy
clear,2141,0,2,0.275801,0.999637,0.4019,0.0,2,heavy
clear,2142,2,2,0.495279,0.999773,0.2023,1.0,2,heavy
clear,2144,0,2,0.19854,0.996242,0.0,0.0,2,heavy
clear,2145,2,2,0.325679,0.999304,0.0,-1.0,2,heavy
clear,2146,3,2,0.294958,0.999686,0.5859,0.0,2,heavy
clear,2147,1,2,0.2348,0.99977,0.0,0.0,2,heavy
clear,2149,3,2,-0.099768,0.999781,-0.34,0.0,2,heavy
clear,2150,3,2,0.82423,0.999753,0.2732,0.0,2,cheap
clear,2151,4,2,0.092418,0.999661,0.0,0.0,2,heavy
clear,2152,1,2,0.136234,0.999516,0.0,0.0,2,heavy
clear,2153,1,2,0.282334,0.998798,0.4588,0.0,2,heavy
clear,2157,0,2,0.19087,-0.277,0.4404,1.0,1,heavy
clear,2161,1,2,0.375166,0.9998,0.0,0.0,2,heavy
clear,2165,3,2,0.237806,0.998128,0.2732,0.0,2,heavy
clear,2170,0,2,-0.869245,0.999038,-0.5574,-1.0,0,cheap
clear,2173,1,2,0.114854,0.998227,0.1531,0.0,2,heavy
clear,2174,4,2,-0.880164,0.995239,-0.5574,-1.0,0,cheap
clear,2175,0,2,-0.171162,0.999143,0.1531,0.0,2,heavy
clear,2176,1,2,0.160823,0.999023,0.1531,0.0,2,heavy
clear,2177,4,2,0.192059,0.999774,0.5267,0.0,2,heavy
clear,2179,1,2,0.384646,0.999254,0.3182,0.0,2,heavy
clear,2181,3,2,0.429203,0.999581,0.0,0.0,2,heavy
clear,2182,2,2,0.593176,0.999724,0.2732,0.0,2,heavy
clear,2184,2,2,0.780898,0.992586,0.3182,0.0,2,cheap
clear,2185,1,2,0.107054,0.999731,0.0,0.0,2,heavy
clear,2187,4,2,0.515073,0.999395,0.5106,0.0,2,heavy
clear,2190,1,2,0.314547,0.989039,0.3818,0.0,2,heavy
clear,2191,4,2,0.11415,0.999324,0.0,1.0,2,heavy
clear,2192,4,2,0.542529,0.999778,0.4215,0.0,2,heavy
clear,2193,4,2,0.131481,0.999231,0.0,0.0,2,heavy
clear,2194,2,2,0.893882,0.999786,0.8442,0.0,2,cheap
clear,2196,0,2,0.569484,0.999766,0.6597,0.0,2,heavy
clear,2197,1,2,0.266886,0.997589,0.296,0.0,2,heavy
clear,2198,0,2,0.461441,0.99957,0.1779,0.0,2,heavy
clear,2199,2,2,0.413063,0.99961,0.0,0.0,2,heavy
clear,2202,2,2,-0.059688,0.998906,0.0,0.0,2,heavy
clear,2203,4,2,-0.010853,0.999731,0.0,0.0,2,heavy
clear,2204,3,2,0.069714,0.999761,0.0,-1.0,2,heavy
clear,2209,2,2,-0.128871,0.999772,0.0,0.0,2,heavy
clear,2211,3,2,0.143403,0.999689,0.2732,0.0,2,heavy
clear,2212,0,2,-0.72269,0.998901,-0.5574,-1.0,0,cheap
clear,2217,4,2,0.298306,0.999507,0.2732,-1.0,2,heavy
clear,2219,1,2,-0.074271,0.999652,0.0,0.0,2,heavy
clear,2220,4,2,0.589386,0.999664,0.3818,1.0,2,heavy
clear,2221,1,2,0.077303,0.99976,0.0,0.0,2,heavy
clear,2225,1,2,0.388012,0.999546,0.4939,0.0,2,heavy
clear,2232,2,2,0.259357,0.999732,0.3182,0.0,2,heavy
clear,2234,3,2,0.501313,0.999712,0.128,0.0,2,heavy
clear,2235,1,2,0.171504,-2.9e-05,0.0,0.0,1,heavy
clear,2236,1,2,-0.544117,0.999625,-0.2732,-1.0,2,heavy
clear,2237,2,2,0.261375,0.997831,0.0,0.0,2,heavy
clear,2239,2,2,-0.333628,0.99974,-0.128,0.0,2,heavy
clear,2240,0,2,0.227991,0.999777,0.3612,0.0,2,heavy
clear,2241,2,2,0.513323,0.999715,0.5267,1.0,2,heavy
clear,2243,1,2,0.692052,0.99973,0.3182,0.0,2,cheap
clear,2245,0,2,0.147629,0.999712,0.0,0.0,2,heavy
clear,2246,0,2,0.558327,0.999575,0.0,0.0,2,heavy
clear,2247,2,2,0.273775,0.999637,0.0,0.0,2,heavy
clear,2248,4,2,0.85014,0.999791,0.6249,0.0,2,cheap
clear,2250,2,2,0.256054,0.339139,0.4939,0.0,2,heavy
clear,2252,4,2,0.160403,0.999781,0.0,0.0,2,heavy
clear,2255,2,2,0.162718,0.999753,0.0772,0.0,2,heavy
clear,2256,0,2,0.458423,0.999659,0.0,0.0,2,heavy
clear,2258,1,2,0.531401,0.999792,0.1027,0.0,2,heavy
clear,2260,2,2,0.368222,0.999726,0.34,1.0,2,heavy
clear,2261,0,2,0.102702,0.684839,0.1779,0.0,2,heavy
clear,2262,0,2,0.381442,0.999792,0.0,0.0,2,heavy
clear,2263,3,2,0.6235,0.004521,0.3818,1.0,2,cheap
clear,2264,2,2,0.368257,0.999789,0.2732,0.0,2,heavy
clear,2265,1,2,-0.174677,0.99952,0.1531,0.0,2,heavy
clear,2266,0,2,0.10789,0.999511,0.1531,0.0,2,heavy
clear,2267,1,2,0.738134,0.999531,0.4404,1.0,2,cheap
clear,2268,3,2,0.610822,0.9996,0.4404,1.0,2,cheap
clear,2269,0,2,0.789922,0.999732,0.8442,0.0,2,cheap
clear,2270,2,2,0.471941,0.99971,0.4588,0.0,2,heavy
clear,2271,4,2,0.489371,0.999574,0.3612,0.0,2,heavy
clear,2272,1,2,0.495406,0.999739,0.3818,1.0,2,heavy
clear,2273,2,2,-0.471802,0.999439,-0.3182,-1.0,2,heavy
clear,2274,4,2,-0.006076,0.999687,0.1531,0.0,2,heavy
clear,2276,1,2,-0.213219,0.999214,0.1531,0.0,2,heavy
clear,2277,3,2,0.591961,0.998417,0.6222,0.0,2,heavy
clear,2278,4,2,-0.417248,0.998497,0.1531,0.0,2,heavy
clear,2279,2,2,0.106218,0.999244,0.1531,0.0,2,heavy
clear,2280,4,2,-0.224542,0.998354,0.1531,0.0,2,heavy
clear,2282,3,2,0.465718,0.999536,0.6705,1.0,2,heavy
clear,2283,2,2,0.147945,0.999234,0.1531,0.0,2,heavy
clear,2284,0,2,0.215199,0.999698,0.0,0.0,2,heavy
clear,2285,0,2,0.340625,0.999808,0.4019,0.0,2,heavy
clear,2286,0,2,0.008291,0.999417,0.1531,0.0,2,heavy
clear,2287,4,2,0.500645,0.999367,0.4404,0.0,2,heavy
clear,2288,4,2,0.21705,0.999672,0.6808,0.0,2,heavy
clear,2289,1,2,0.043656,0.564736,0.4404,1.0,2,heavy
clear,2290,3,2,0.762371,0.999759,0.3182,0.0,2,cheap
clear,2292,3,2,-0.347042,0.915739,0.4404,1.0,2,heavy
clear,2293,1,2,0.464307,0.999778,0.7003,0.0,2,heavy
clear,2294,4,2,0.599908,0.999738,0.4939,0.0,2,heavy
clear,2295,4,2,0.210051,0.982006,0.4404,1.0,2,heavy
clear,2296,4,2,-0.214972,0.847741,0.4404,1.0,2,heavy
clear,2297,1,2,0.235725,0.999175,0.0,0.0,2,heavy
clear,2298,3,2,0.540982,0.999745,0.3182,0.0,2,heavy
clear,2299,3,2,-0.715935,0.998719,0.1531,0.0,0,cheap
clear,2300,1,2,-0.397069,0.931527,0.0,0.0,2,heavy
clear,2301,4,2,0.590991,0.999788,0.3182,0.0,2,heavy
clear,2302,4,2,0.539597,0.003441,0.6705,0.0,1,heavy
clear,2303,4,2,0.625241,0.999724,0.0258,0.0,2,cheap
clear,2304,2,2,0.791834,0.999762,0.3182,0.0,2,cheap
clear,2305,4,2,0.1272,0.999448,0.4404,1.0,2,heavy
clear,2306,3,2,0.244153,0.999397,0.0,0.0,2,heavy
clear,2308,4,2,-0.228373,0.997735,0.0,0.0,2,heavy
clear,2309,1,2,0.394296,0.98275,0.5719,0.0,2,heavy
clear,2310,2,2,0.517348,0.660396,0.7184,0.0,2,heavy
clear,2313,3,2,0.191461,0.999584,0.5719,0.0,2,heavy
clear,2314,4,2,0.13134,0.999765,0.0,0.0,2,heavy
clear,2316,4,2,0.432397,0.999747,0.4588,0.0,2,heavy
clear,2317,1,2,0.894932,0.99978,0.7717,1.0,2,cheap
clear,2318,2,2,0.264319,0.999648,0.4404,1.0,2,heavy
clear,2320,0,2,0.701835,0.999761,0.6705,0.0,2,cheap
clear,2321,4,2,0.163796,0.999548,0.1027,0.0,2,heavy
clear,2341,0,0,-0.670823,-0.996961,0.0,0.0,0,cheap
clear,2344,3,2,0.324286,0.999443,0.296,0.0,2,heavy
clear,2357,4,2,0.13214,0.99974,0.1027,0.0,2,heavy
clear,2372,0,2,0.143838,0.999765,0.0,0.0,2,heavy
clear,2374,1,0,-0.382772,-0.99951,0.0,0.0,0,heavy
clear,2377,3,0,-0.373606,-0.999477,0.0,0.0,0,heavy
clear,2380,2,0,0.365032,-0.99899,0.3612,0.0,0,heavy
clear,2410,4,0,-0.195759,-0.991078,0.0,0.0,0,heavy
clear,2420,0,0,-0.383089,-0.999478,0.0,0.0,0,heavy
clear,2454,3,2,0.270322,0.999764,0.1027,0.0,2,heavy
clear,2456,1,2,0.310284,0.998877,0.34,1.0,2,heavy
clear,2462,3,2,0.373642,0.891999,0.1779,0.0,2,heavy
clear,2469,4,2,0.42397,-4.9e-05,0.3818,1.0,1,heavy
clear,2494,4,2,0.16388,0.999677,0.0,0.0,2,heavy
clear,2514,2,2,0.625406,0.999704,0.6369,0.0,2,cheap
clear,2533,2,0,-0.090271,-0.866848,0.0,0.0,0,heavy
clear,2534,3,2,-0.010703,0.99976,0.0,0.0,2,heavy
clear,2605,1,2,0.195962,0.999225,0.0,0.0,2,heavy
clear,2644,3,0,-0.524635,-0.99944,0.0,0.0,0,heavy
clear,2646,4,0,-0.728663,-0.999396,0.0,0.0,0,cheap
clear,2731,0,0,-0.448255,-0.999022,-0.1531,0.0,0,heavy
clear,2743,3,0,-0.003386,-0.999063,0.0,0.0,0,heavy
clear,2752,4,0,0.221579,-0.999522,0.4019,0.0,0,heavy
clear,2755,2,0,-0.710383,-0.999507,0.0,0.0,0,cheap
clear,2756,2,0,-0.842074,-0.999343,0.0,0.0,0,cheap
clear,2768,3,0,-0.168433,-0.998789,0.0,0.0,0,heavy
clear,2797,3,0,0.079673,-0.996814,0.0762,0.0,0,heavy
clear,2803,2,2,0.10772,0.99977,0.0,-1.0,2,heavy
clear,2809,1,0,-0.678663,-0.999112,0.0,0.0,0,cheap
clear,2810,0,0,-0.771778,-0.999431,0.0,0.0,0,cheap
clear,2811,4,0,-0.510565,-0.82709,0.0,0.0,0,heavy
clear,2812,3,0,-0.609775,-0.999167,0.0,0.0,0,cheap
clear,2855,1,2,0.188649,0.999414,0.0,0.0,2,heavy
clear,2861,1,2,0.73282,0.999745,0.8126,0.0,2,cheap
clear,2871,4,2,0.041839,0.999186,0.1779,0.0,2,heavy
clear,2872,0,0,-0.660612,-0.999513,0.0,0.0,0,cheap
clear,2884,4,2,-0.053708,0.999582,0.0,0.0,2,heavy
clear,2920,4,2,0.291081,0.000586,0.765,0.0,1,heavy
clear,2924,0,2,0.061822,0.999467,0.1779,0.0,2,heavy
clear,2928,0,0,0.172094,-0.999491,0.0,0.0,0,heavy
clear,2932,0,2,0.261838,0.999789,0.1027,0.0,2,heavy
clear,2934,0,2,0.375913,0.999759,0.3612,1.0,2,heavy
clear,2951,2,0,-0.542562,-0.999456,0.0,0.0,0,heavy
clear,2954,3,2,0.362009,0.029238,0.3182,0.0,1,heavy
clear,2976,3,2,0.054128,0.9997,0.0258,0.0,2,heavy
clear,2982,4,2,0.83988,0.999759,0.6124,1.0,2,cheap
clear,2987,3,2,0.09131,0.999653,0.0,0.0,2,heavy
clear,2992,0,2,-0.251434,-0.000148,0.0,0.0,1,heavy
clear,2997,1,2,0.758972,0.999673,0.4767,0.0,2,cheap
clear,3000,1,2,0.054288,0.999598,0.0,0.0,2,heavy
clear,3014,2,2,0.232731,0.794974,0.1779,0.0,2,heavy
clear,3015,2,2,0.09745,0.996893,0.0,0.0,2,heavy
clear,3017,0,2,0.313369,0.814585,0.2732,1.0,2,heavy
clear,3024,0,2,0.46536,0.996619,0.3182,0.0,2,heavy
clear,3029,0,0,-0.763108,-0.999077,0.0,0.0,0,cheap
clear,3033,4,2,0.501878,0.999382,0.34,0.0,2,heavy
clear,3039,1,0,0.381847,-0.462061,0.4019,0.0,0,heavy
clear,3046,4,2,0.16094,0.999761,0.0,0.0,2,heavy
clear,3067,3,2,0.380371,0.999625,0.4939,0.0,2,heavy
clear,3068,4,2,0.062597,0.999812,0.3182,0.0,2,heavy
clear,3118,2,2,-0.136464,0.998583,0.0,0.0,2,heavy
clear,3122,1,2,0.496426,0.000264,0.3818,1.0,1,heavy
clear,3129,0,2,0.428848,0.99925,0.0,0.0,2,heavy
clear,3132,2,2,0.439303,0.999704,0.6597,0.0,2,heavy
clear,3134,2,0,-0.075185,-0.999458,0.0,0.0,0,heavy
clear,3147,2,2,0.051371,0.999418,0.0,0.0,2,heavy
clear,3148,1,0,-0.551912,0.00018,0.0,0.0,1,heavy
clear,3224,4,0,-0.214265,-0.998171,0.0,0.0,0,heavy
clear,3225,4,0,-0.334393,-0.997967,0.2732,0.0,0,heavy
clear,3230,2,0,-0.119347,-0.999476,0.34,0.0,0,heavy
clear,3242,2,2,-0.286261,0.99962,-0.2732,-1.0,2,heavy
clear,3289,4,0,-0.226193,-0.999395,0.0,0.0,0,heavy
clear,3301,3,0,-0.360754,-0.999352,0.0772,0.0,0,heavy
clear,3317,1,0,-0.391872,-0.999553,0.0,0.0,0,heavy
clear,3340,2,0,-0.164384,-0.999443,0.0,0.0,0,heavy
clear,3407,4,2,0.663778,0.999789,0.3182,0.0,2,cheap
clear,3491,3,0,-0.288431,-0.997606,0.0,0.0,0,heavy
clear,3492,3,2,0.683708,0.999744,0.7184,0.0,2,cheap
clear,3495,3,2,-0.080723,0.998973,0.4404,1.0,2,heavy
clear,3498,1,0,-0.268159,-0.999454,0.0,0.0,0,heavy
clear,3502,1,2,-0.07133,0.999602,0.0772,0.0,2,heavy
clear,3534,0,0,-0.370283,-0.999364,-0.296,0.0,0,heavy
clear,3537,1,2,0.247626,0.99952,0.5423,0.0,2,heavy
clear,3543,4,0,-0.567608,-0.999366,0.0772,0.0,0,heavy
clear,3557,3,2,0.854841,0.999724,0.3182,0.0,2,cheap
clear,3590,0,0,-0.116046,-0.999431,0.0,0.0,0,heavy
clear,3614,4,2,0.364391,0.998836,0.0,0.0,2,heavy
clear,3622,1,0,-0.089841,-0.997931,0.0,0.0,0,heavy
clear,3625,0,2,0.70639,0.999733,0.3818,1.0,2,cheap
clear,3630,1,2,0.351774,0.999748,0.0,0.0,2,heavy
clear,3633,0,0,-0.413123,-0.996888,0.0772,0.0,0,heavy
clear,3638,4,2,0.612401,0.999086,0.3182,0.0,2,cheap
clear,3659,3,0,-0.175064,-0.999287,0.0,0.0,0,heavy
clear,3663,4,2,0.371705,0.999753,0.2023,0.0,2,heavy
clear,3665,3,2,0.328999,0.999779,0.0,0.0,2,heavy
clear,3717,0,0,-0.830783,-0.998693,-0.296,0.0,0,cheap
clear,3742,4,2,0.712911,0.999798,0.3182,0.0,2,cheap
clear,3750,3,2,0.092245,0.999693,0.0,0.0,2,heavy
clear,3762,3,2,0.62648,0.999787,0.3182,0.0,2,cheap
clear,3790,3,0,-0.239914,-0.995745,0.1779,0.0,0,heavy
clear,3808,4,2,0.380656,0.999736,0.5994,0.0,2,heavy
clear,3835,1,0,-0.538637,-0.999277,0.0,0.0,0,heavy
clear,3870,1,2,0.554098,0.999779,0.5106,0.0,2,heavy
clear,3890,3,2,-0.072322,0.99978,0.0,0.0,2,heavy
clear,3906,2,0,-0.421242,-0.999467,0.0,0.0,0,heavy
clear,3914,3,2,0.287278,0.999742,0.4939,0.0,2,heavy
clear,3918,0,0,-0.205702,-0.99937,0.0,0.0,0,heavy
clear,3944,0,0,-0.088068,-0.999587,0.0,0.0,0,heavy
clear,3987,4,0,0.011545,-0.99952,0.0,0.0,0,heavy
clear,3988,2,2,0.08556,0.999759,0.0,0.0,2,heavy
clear,3989,3,0,0.165465,-0.999179,0.1531,0.0,0,heavy
clear,3990,2,0,-0.46917,-0.999357,0.0,-1.0,0,heavy
clear,3992,0,0,-0.391855,-0.999205,-0.3182,-1.0,0,heavy
clear,3993,2,0,-0.665544,-0.991908,0.1531,0.0,0,cheap
clear,3994,1,0,-0.239305,-0.997313,-0.1531,-1.0,0,heavy
clear,3995,3,0,-0.475508,-0.998181,0.0,0.0,0,heavy
clear,3996,4,0,0.159586,-0.998741,0.2103,-1.0,0,heavy
clear,3997,1,0,-0.166856,-0.997716,-0.0258,-1.0,0,heavy
clear,3999,0,0,-0.055295,-0.891643,0.0,0.0,0,heavy
clear,4000,0,0,-0.465277,-0.947759,-0.3182,-1.0,0,heavy
clear,4002,3,0,-0.710179,-0.998707,0.0,0.0,0,cheap
clear,4003,1,0,-0.802212,-0.999377,0.128,0.0,0,cheap
clear,4004,1,0,-0.685546,-0.998812,0.1531,0.0,0,cheap
clear,4005,0,0,-0.330356,-0.999078,-0.2741,0.0,0,heavy
clear,4006,3,0,-0.77516,-0.999243,-0.3818,0.0,0,cheap
clear,4008,1,0,-0.027096,-0.999534,0.4019,-1.0,0,heavy
clear,4010,1,0,-0.321934,0.97746,0.0,0.0,2,heavy
clear,4011,2,0,0.355816,-0.979703,0.296,0.0,0,heavy
clear,4012,4,0,-0.36012,-0.970722,-0.0258,-1.0,0,heavy
clear,4013,0,0,-0.380882,-0.976851,-0.0258,-1.0,0,heavy
clear,4014,1,0,-0.447552,-0.993061,-0.0258,-1.0,0,heavy
clear,4015,1,0,-0.28561,-0.998545,-0.0258,-1.0,0,heavy
clear,4016,1,0,-0.188834,0.519786,0.0,0.0,2,heavy
clear,4017,0,0,-0.134714,-0.998771,0.296,0.0,0,heavy
clear,4019,0,0,-0.795162,-0.998739,-0.296,0.0,0,cheap
clear,4020,1,0,-0.854772,-0.997742,0.128,0.0,0,cheap
clear,4022,0,0,-0.479652,-0.998458,0.128,0.0,0,heavy
clear,4024,4,0,-0.672301,-0.99886,0.1531,0.0,0,cheap
clear,4025,2,0,0.341657,-0.651867,0.0,0.0,0,heavy
clear,4026,3,0,-0.428906,-0.99957,0.0,0.0,0,heavy
clear,4027,2,0,-0.593051,-0.174335,0.1531,0.0,1,heavy
clear,4028,1,0,-0.38681,-0.667913,0.1531,0.0,0,heavy
clear,4029,2,0,-0.726401,-0.997112,-0.3182,-1.0,0,cheap
clear,4031,3,0,-0.093658,-0.999429,0.128,1.0,0,heavy
clear,4032,4,0,-0.950264,-0.995764,0.1531,0.0,0,cheap
clear,4033,1,0,-0.590386,-0.987875,0.1531,0.0,0,heavy
clear,4034,3,0,-0.786445,-0.998537,0.1531,0.0,0,cheap
clear,4035,3,0,-0.732945,-0.997858,0.1531,0.0,0,cheap
clear,4036,2,0,-0.890118,-0.999189,0.1531,0.0,0,cheap
clear,4037,0,0,-0.844542,-0.999246,0.1531,0.0,0,cheap
clear,4038,3,0,-0.728098,-0.999183,0.1531,0.0,0,cheap
clear,4039,3,0,-0.844138,0.972561,-0.5574,-1.0,0,cheap
clear,4040,2,0,0.021435,-0.879743,0.4404,1.0,0,heavy
clear,4041,2,0,-0.779071,0.997897,-0.5574,-1.0,0,cheap
clear,4042,4,0,-0.731069,-0.998425,0.1531,0.0,0,cheap
clear,4043,0,0,-0.811764,0.995704,-0.5574,-1.0,0,cheap
clear,4044,2,0,0.286515,-0.968975,0.4404,1.0,0,heavy
clear,4045,2,0,-0.657875,-0.998492,0.1531,0.0,0,cheap
clear,4046,3,2,0.028283,0.999626,0.0,0.0,2,heavy
clear,4047,2,0,-0.041309,-0.998749,0.0,0.0,0,heavy
clear,4048,0,0,-0.573265,-0.999101,-0.296,0.0,0,heavy
clear,4049,3,0,-0.4166,-0.005885,-0.3182,-1.0,1,heavy
clear,4050,2,0,-0.273342,-0.998041,0.1531,0.0,0,heavy
clear,4051,1,0,0.393045,-0.430948,0.5719,0.0,0,heavy
clear,4053,2,0,-0.289816,-0.998233,0.128,0.0,0,heavy
clear,4054,4,0,-0.768978,-0.999274,0.128,0.0,0,cheap
clear,4055,3,0,-0.396323,-0.999373,0.128,0.0,0,heavy
clear,4056,0,0,-0.034131,-0.999162,0.0,0.0,0,heavy
clear,4057,1,0,-0.603641,-0.997638,0.1531,0.0,0,cheap
clear,4058,0,0,-0.416624,-0.998634,0.128,0.0,0,heavy
clear,4059,2,0,0.186479,-0.999293,0.4404,0.0,0,heavy
clear,4060,4,0,-0.171731,-0.99924,0.4404,1.0,0,heavy
clear,4061,0,0,-0.690382,-0.994501,-0.3182,-1.0,0,cheap
clear,4062,3,0,-0.576049,0.995507,-0.0258,-1.0,2,heavy
clear,4063,2,0,0.002231,-0.999223,0.1531,0.0,0,heavy
clear,4064,2,0,-0.682634,-0.998291,0.1531,0.0,0,cheap
clear,4065,2,0,-0.868323,-0.916476,0.1531,0.0,0,cheap
clear,4066,1,0,0.138996,-0.73612,0.4404,1.0,0,heavy
clear,4067,1,0,-0.008819,-0.983409,0.4404,1.0,0,heavy
clear,4068,1,0,-0.498946,-0.990243,0.1531,0.0,0,heavy
clear,4069,2,0,0.161502,-0.982652,0.0,0.0,0,heavy
clear,4070,3,0,-0.020599,-0.997762,0.1531,0.0,0,heavy
clear,4071,4,0,-0.830096,-0.999503,0.128,0.0,0,cheap
clear,4072,3,0,-0.816823,-0.999417,0.128,0.0,0,cheap
clear,4073,3,0,-0.838534,-0.999264,0.1531,0.0,0,cheap
clear,4074,1,0,-0.136489,0.226126,0.0,0.0,1,heavy
clear,4075,3,0,-0.329058,-0.999538,-0.5423,0.0,0,heavy
clear,4076,4,0,0.476072,-0.998834,0.6124,0.0,0,heavy
clear,4077,0,0,-0.269699,-0.998879,-0.1531,0.0,0,heavy
clear,4078,1,0,-0.571897,-0.99911,-0.2023,0.0,0,heavy
clear,4079,4,2,0.785099,0.999694,0.8126,1.0,2,cheap
clear,4080,0,2,0.882316,0.999763,0.5106,0.0,2,cheap
clear,4081,4,2,-0.409071,0.996928,-0.4215,-1.0,2,heavy
clear,4082,3,2,0.639442,0.999763,0.2516,0.0,2,cheap
clear,4083,3,2,0.037284,0.999608,-0.128,0.0,2,heavy
clear,4085,3,2,0.243141,0.999682,0.4404,1.0,2,heavy
clear,4086,1,2,0.355182,0.999742,0.3182,0.0,2,heavy
clear,4088,0,2,0.292807,0.999785,0.5984,0.0,2,heavy
clear,4089,3,2,0.070083,0.999638,0.6124,1.0,2,heavy
clear,4091,1,2,0.401384,0.999641,0.1779,0.0,2,heavy
clear,4092,4,2,-0.835086,0.998975,-0.5719,0.0,0,cheap
clear,4093,3,2,-0.612675,0.999396,-0.5719,0.0,0,cheap
clear,4094,0,2,-0.601645,0.999444,-0.5719,0.0,0,cheap
clear,4095,2,2,-0.026642,0.999731,0.0,0.0,2,heavy
clear,4096,3,2,0.367552,0.999745,0.4767,0.0,2,heavy
clear,4097,4,2,0.077686,0.999732,0.0,0.0,2,heavy
clear,4098,1,2,-0.515804,0.999668,-0.5719,0.0,2,heavy
clear,4099,3,2,-0.583053,0.948763,-0.5719,0.0,2,heavy
clear,4100,0,2,-0.371488,0.999667,-0.2732,0.0,2,heavy
clear,4101,1,2,-0.285328,0.99957,-0.2732,-1.0,2,heavy
clear,4102,0,2,-0.324264,0.999443,-0.0516,0.0,2,heavy
clear,4106,0,0,-0.705759,-0.999126,-0.2732,-1.0,0,cheap
clear,4108,1,0,-0.604851,-0.998027,-0.5106,0.0,0,cheap
clear,4115,1,0,0.638436,-0.999386,0.6369,0.0,2,cheap
clear,4117,1,0,-0.449868,-0.998137,-0.5719,0.0,0,heavy
clear,4122,0,0,-0.004848,-0.998854,-0.0516,0.0,0,heavy
clear,4125,1,0,-0.126475,-0.001495,-0.2263,0.0,1,heavy
clear,4126,4,0,-0.191117,-0.999391,0.0,0.0,0,heavy
clear,4129,3,0,-0.294023,-0.999148,-0.34,0.0,0,heavy
clear,4131,3,0,-0.561929,-0.999436,-0.2732,-1.0,0,heavy
clear,4136,3,0,-0.582934,0.999415,-0.3612,0.0,2,heavy
clear,4151,4,0,0.029699,-0.99703,0.0,0.0,0,heavy
clear,4152,0,0,-0.335374,-0.999494,0.0,-1.0,0,heavy
clear,4154,1,0,-0.315842,-0.998659,-0.128,0.0,0,heavy
clear,4157,0,0,-0.45237,-0.999359,-0.2732,-1.0,0,heavy
clear,4161,4,0,0.052822,-0.999522,0.1027,0.0,0,heavy
clear,4162,4,0,-0.714921,-0.999465,-0.2732,-1.0,0,cheap
clear,4163,2,0,0.136743,-0.998387,0.0,0.0,0,heavy
clear,4173,3,0,-0.523923,-0.998464,-0.4391,0.0,0,heavy
clear,4174,4,0,-0.10769,-0.998558,-0.5106,0.0,0,heavy
clear,4175,0,0,-0.442743,-0.999459,-0.2732,-1.0,0,heavy
clear,4177,3,0,-0.787049,-0.999467,0.0,0.0,0,cheap
clear,4179,4,0,-0.614595,-0.94829,0.0,0.0,0,cheap
clear,4180,4,0,-0.447639,-0.999384,0.0,0.0,0,heavy
clear,4185,1,0,-0.219464,-0.997687,-0.3182,0.0,0,heavy
clear,4186,0,0,-0.6264,-0.000288,-0.296,-1.0,0,cheap
clear,4187,0,0,-0.139027,-0.084914,-0.25,0.0,1,heavy
clear,4190,2,0,-0.643164,-0.999489,-0.2732,-1.0,0,cheap
clear,4191,1,0,-0.221339,0.000267,0.2263,0.0,1,heavy
clear,4192,4,0,-0.55538,-0.998989,0.0,0.0,0,heavy
clear,4196,1,0,0.1359,-0.99959,0.1531,0.0,0,heavy
clear,4199,1,0,-0.117312,-0.998523,-0.2263,0.0,0,heavy
clear,4200,3,0,-0.963219,-0.997202,-0.34,-1.0,0,cheap
clear,4204,0,0,0.1301,-0.997932,0.0,0.0,0,heavy
clear,4205,3,0,-0.40294,-0.999444,-0.296,-1.0,0,heavy
clear,4206,0,0,-0.264143,-0.924622,0.0,0.0,0,heavy
clear,4207,3,0,-0.124911,-0.999492,-0.5106,0.0,0,heavy
clear,4208,2,0,0.196736,-0.656128,0.3197,0.0,0,heavy
clear,4209,0,0,-0.444215,-2.7e-05,-0.6249,0.0,1,heavy
clear,4212,1,0,-0.027596,-0.999059,0.0,0.0,0,heavy
clear,4213,3,0,-0.847022,-0.999192,-0.4588,-1.0,0,cheap
clear,4215,4,0,-0.681999,-0.999427,-0.2732,-1.0,0,cheap
clear,4216,3,0,0.266869,-0.993581,0.4939,0.0,0,heavy
clear,4219,1,0,-0.375683,-0.243347,-0.4939,0.0,1,heavy
clear,4233,0,0,-0.916148,-0.999399,-0.296,-1.0,0,cheap
clear,4248,2,0,-0.580808,-0.999304,-0.5267,0.0,0,heavy
clear,4260,1,0,-0.305769,-0.999461,-0.296,-1.0,0,heavy
clear,4263,2,0,-0.853283,-0.999471,-0.5267,-1.0,0,cheap
clear,4269,2,0,-0.524377,-0.999525,-0.3182,0.0,0,heavy
clear,4271,3,0,-0.052855,-0.985293,-0.128,0.0,0,heavy
clear,4272,1,0,-0.478473,-0.999422,-0.3182,0.0,0,heavy
clear,4282,0,0,-0.151061,-0.999497,-0.3818,0.0,0,heavy
clear,4283,3,0,-0.33958,-0.002278,0.0,0.0,1,heavy
clear,4284,4,0,-0.344726,-0.998328,-0.5423,0.0,0,heavy
clear,4286,2,0,-0.437716,-0.999247,0.0,-1.0,0,heavy
clear,4289,0,0,-0.110744,-0.999257,0.0,0.0,0,heavy
clear,4290,3,0,0.350364,-0.981215,0.0,0.0,0,heavy
clear,4293,2,2,0.322807,0.999624,0.0772,0.0,2,heavy
clear,4297,1,0,-0.541526,-0.998772,-0.7906,0.0,0,heavy
clear,4299,1,0,-0.720726,-0.999469,0.0,0.0,0,cheap
clear,4303,0,0,-0.744387,-0.999545,-0.4767,-1.0,0,cheap
clear,4308,2,0,-0.281836,-0.999494,0.0,0.0,0,heavy
clear,4319,1,0,-0.347371,-0.998578,-0.296,0.0,0,heavy
clear,4320,0,0,-0.44741,-0.99887,-0.5106,0.0,0,heavy
clear,4321,3,0,-0.560141,-0.999481,-0.128,0.0,0,heavy
clear,4326,1,0,-0.624863,-0.789164,0.0,-1.0,0,cheap
clear,4327,2,0,-0.265418,-0.998909,0.0,0.0,0,heavy
clear,4328,3,0,-0.268479,-0.001914,0.0,-1.0,1,heavy
clear,4329,4,0,-0.108126,-0.9994,0.4939,-1.0,0,heavy
clear,4333,1,0,-0.877349,-0.984353,-0.7096,0.0,0,cheap
clear,4340,3,0,-0.016996,-0.999286,0.1531,0.0,0,heavy
clear,4343,4,0,-0.644294,-0.912887,0.0,0.0,0,cheap
clear,4354,4,0,-0.233355,-0.999151,0.0772,0.0,0,heavy
clear,4360,2,0,-0.328977,-0.999474,0.1513,0.0,0,heavy
clear,4364,4,0,-0.018663,-0.99934,-0.2732,-1.0,0,heavy
clear,4369,0,0,-0.267749,-0.991278,-0.4019,0.0,0,heavy
clear,4371,0,0,-0.299766,-0.99787,-0.6261,0.0,0,heavy
clear,4372,2,0,-0.186972,-0.997151,-0.34,0.0,0,heavy
clear,4373,2,0,-0.49525,-0.999227,0.2484,1.0,0,heavy
clear,4374,1,0,-0.908606,-0.998703,-0.4588,0.0,0,cheap
clear,4375,0,0,-0.005924,-0.998376,0.0,0.0,0,heavy
clear,4376,2,0,-0.160553,-0.995228,-0.4019,0.0,0,heavy
clear,4377,4,0,-0.710658,-0.999339,-0.4019,-1.0,0,cheap
clear,4378,4,0,-0.582968,-0.999357,0.0,0.0,0,heavy
clear,4379,2,0,-0.026794,-0.996246,0.0,0.0,0,heavy
clear,4380,4,0,-0.434367,-0.831333,0.4404,1.0,0,heavy
clear,4381,0,0,-0.529209,-0.954442,-0.0258,-1.0,0,heavy
clear,4382,3,0,-0.037477,-0.999259,0.0,0.0,0,heavy
clear,4383,1,0,-0.000773,-0.998676,0.0,0.0,0,heavy
clear,4384,3,0,-0.758937,-0.999505,-0.6808,-1.0,0,cheap
clear,4385,0,0,-0.367249,-0.999435,-0.4404,-1.0,0,heavy
clear,4386,3,0,-0.102578,-0.996787,0.0,0.0,0,heavy
clear,4387,4,0,-0.201754,-0.999411,0.0,0.0,0,heavy
clear,4388,1,0,-0.304647,-0.999465,-0.4019,0.0,0,heavy
clear,4389,1,0,-0.057274,-0.988806,0.1779,0.0,0,heavy
clear,4390,4,0,-0.814377,-0.998854,-0.2732,-1.0,0,cheap
clear,4391,3,0,-0.045829,-0.315483,0.0,0.0,1,heavy
clear,4392,3,0,0.01733,-0.998855,0.0,0.0,0,heavy
clear,4393,3,0,-0.305607,-0.999406,-0.128,0.0,0,heavy
clear,4394,4,0,-0.403885,-0.998645,-0.4215,-1.0,0,heavy
clear,4395,3,0,-0.648762,-0.999472,0.296,0.0,0,cheap
clear,4396,2,0,-0.345577,-0.9978,-0.128,0.0,0,heavy
clear,4397,0,0,-0.077798,-0.999275,0.3612,0.0,0,heavy
clear,4398,2,0,0.097577,-0.997711,0.3182,0.0,0,heavy
clear,4399,1,0,-0.785631,-0.999555,-0.5719,0.0,0,cheap
clear,4400,2,0,-0.40299,-0.999538,0.4404,1.0,0,heavy
clear,4401,3,0,-0.775601,0.987433,0.0,0.0,0,cheap
clear,4402,3,0,-0.430591,-0.999427,-0.2263,0.0,0,heavy
clear,4403,0,0,-0.261398,-0.999564,0.4404,1.0,0,heavy
clear,4404,0,0,-0.52476,-0.999541,0.4404,1.0,0,heavy
clear,4405,1,0,-0.858985,-0.999245,-0.4019,0.0,0,cheap
clear,4406,4,0,-0.170492,-0.999456,-0.25,0.0,0,heavy
clear,4407,0,0,-0.823722,-0.997427,-0.5719,0.0,0,cheap
clear,4408,4,0,-0.869023,-0.99475,-0.5719,0.0,0,cheap
clear,4409,3,0,-0.217529,-0.999557,0.0,0.0,0,heavy
clear,4410,3,0,-0.638378,-0.998769,-0.4404,-1.0,0,cheap
clear,4411,3,0,-0.471642,-0.998918,-0.4019,-1.0,0,heavy
clear,4413,4,0,-0.308387,-0.999079,0.0,0.0,0,heavy
clear,4414,4,0,0.20753,-0.998713,0.2023,0.0,0,heavy
clear,4416,2,0,-0.897581,-0.999455,0.4404,1.0,0,cheap
clear,4417,3,0,-0.87497,-0.999553,0.4404,1.0,0,cheap
clear,4418,0,0,-0.872294,-0.999515,0.4404,1.0,0,cheap
clear,4419,3,0,-0.836078,-0.999503,0.4404,1.0,0,cheap
clear,4420,4,0,-0.441511,-0.988372,0.4404,1.0,0,heavy
clear,4421,0,0,-0.690804,-0.999406,-0.8271,0.0,0,cheap
clear,4422,3,0,-0.640586,-0.999541,-0.5719,0.0,0,cheap
clear,4423,2,0,-0.675361,-0.997887,-0.5267,0.0,0,cheap
clear,4424,0,0,-0.583624,-0.999252,-0.4404,0.0,0,heavy
clear,4425,3,0,-0.155954,-0.999379,-0.4019,0.0,0,heavy
clear,4426,1,0,-0.535561,-0.999418,-0.5719,0.0,0,heavy
clear,4427,2,0,-0.90311,-0.999313,-0.296,0.0,0,cheap
clear,4428,0,0,-0.431958,-0.999439,-0.5423,0.0,0,heavy
clear,4429,2,0,-0.148914,-0.000524,-0.2732,0.0,1,heavy
clear,4430,1,0,-0.662914,-0.999574,0.0,0.0,0,cheap
clear,4431,2,0,-0.409561,-0.999014,-0.4588,0.0,0,heavy
clear,4432,2,0,-0.349865,-0.998232,-0.4767,0.0,0,heavy
clear,4433,0,0,-0.567293,-0.999409,-0.4404,0.0,0,heavy
clear,4434,0,0,-0.14864,-0.999536,0.4404,1.0,0,heavy
clear,4435,2,0,-0.469918,-0.98395,-0.4927,0.0,0,heavy
clear,4436,3,0,-0.403095,-0.999227,-0.5719,0.0,0,heavy
clear,4437,4,0,-0.052949,-0.998876,0.0772,0.0,0,heavy
clear,4438,0,0,-0.545182,-0.999411,-0.2732,-1.0,0,heavy
clear,4439,1,0,-0.092602,-0.999452,0.0,0.0,0,heavy
clear,4440,1,0,-0.728424,-0.999419,-0.5859,0.0,0,cheap
clear,4441,1,0,-0.22818,-0.990351,0.0,0.0,0,heavy
clear,4442,2,0,-0.717255,-0.999028,-0.3182,0.0,0,cheap
clear,4443,1,0,-0.619916,-0.97734,-0.5719,0.0,0,cheap
clear,4444,2,0,-0.764051,-0.999189,0.0,0.0,0,cheap
clear,4445,3,0,-0.206401,-0.99915,-0.4939,0.0,0,heavy
clear,4446,1,0,-0.130666,-0.999311,0.296,0.0,0,heavy
clear,4447,4,0,-0.556565,-0.971896,-0.3182,-1.0,0,heavy
clear,4448,4,0,-0.640026,-0.999225,-0.5719,0.0,0,cheap
clear,4449,1,0,-0.45565,-0.998657,-0.2732,-1.0,0,heavy
clear,4450,4,0,0.047723,-0.996871,0.0258,0.0,0,heavy
clear,4451,4,0,0.250387,-0.997773,0.4215,0.0,0,heavy
clear,4452,4,0,-0.234859,-0.999472,0.0,0.0,0,heavy
clear,4453,4,0,-0.696796,-0.999573,0.0,0.0,0,cheap
clear,4454,0,0,0.021148,-0.993026,0.0,0.0,0,heavy
clear,4455,4,2,0.814647,0.99971,0.8316,1.0,2,cheap
clear,4456,3,2,0.748027,0.997825,0.5267,0.0,2,cheap
clear,4457,2,2,0.541875,0.999774,0.7964,0.0,2,heavy
clear,4458,1,2,0.749434,0.999534,0.7351,1.0,2,cheap
clear,4459,4,2,0.931798,0.99968,0.9403,0.0,2,cheap
clear,4460,3,2,0.687506,0.999735,0.7096,0.0,2,cheap
clear,4461,1,2,0.648372,0.999743,0.5574,1.0,2,cheap
clear,4462,4,2,0.584375,0.999699,0.7579,0.0,2,heavy
clear,4463,2,2,0.884106,0.999703,0.9133,0.0,2,cheap
clear,4464,3,2,0.775589,0.99972,0.7964,0.0,2,cheap
clear,4465,2,2,0.221744,0.99971,0.0,1.0,2,heavy
clear,4467,3,2,0.234949,0.999645,0.1027,0.0,2,heavy
clear,4468,4,2,0.695061,0.999717,0.4404,0.0,2,cheap
clear,4469,3,2,0.755545,0.999741,0.8271,0.0,2,cheap
clear,4470,1,2,0.542134,0.999757,0.4939,0.0,2,heavy
clear,4472,4,2,0.879166,0.999781,0.936,0.0,2,cheap
clear,4473,1,2,0.549619,0.995587,0.872,0.0,2,heavy
clear,4478,0,2,0.715241,0.999719,0.946,0.0,2,cheap
clear,4481,0,2,0.544303,0.999752,0.7902,0.0,2,heavy
clear,4486,3,2,0.690602,0.970792,0.7579,0.0,2,cheap
clear,4489,1,2,0.826004,0.999659,0.7269,0.0,2,cheap
clear,4492,1,2,0.857755,0.999321,0.7184,0.0,2,cheap
clear,4493,4,2,0.723727,0.99972,0.7845,1.0,2,cheap
clear,4495,0,2,0.615129,0.999595,0.4404,0.0,2,cheap
clear,4496,1,2,0.272034,0.999715,0.3182,0.0,2,heavy
clear,4497,3,2,-0.179473,0.999695,-0.2247,-1.0,2,heavy
clear,4498,3,2,0.05722,0.999686,0.296,0.0,2,heavy
clear,4499,1,2,0.633874,0.289381,0.4404,0.0,2,cheap
clear,4500,4,2,0.514646,0.999767,0.4927,0.0,2,heavy
clear,4501,0,2,0.734897,0.999661,0.6403,1.0,2,cheap
clear,4502,0,2,0.025268,0.265953,0.2263,0.0,1,heavy
clear,4503,4,2,0.150535,0.05478,0.2263,0.0,1,heavy
clear,4504,4,2,0.209428,0.99943,-0.128,0.0,2,heavy
clear,4505,3,2,-0.214916,0.999775,-0.34,0.0,2,heavy
clear,4506,4,2,0.708718,0.999346,0.6486,0.0,2,cheap
clear,4509,1,2,-0.018724,0.999728,0.0,0.0,2,heavy
clear,4513,4,2,0.450773,0.999768,0.4939,0.0,2,heavy
clear,4514,4,0,0.053814,-0.999303,0.0,0.0,0,heavy
clear,4522,3,2,-0.24649,0.999759,-0.4404,0.0,2,heavy
clear,4524,1,0,0.15208,-0.998238,0.0,0.0,0,heavy
clear,4529,1,0,-0.04954,-0.999343,-0.2263,0.0,0,heavy
clear,4530,2,0,0.034572,-0.999508,0.1779,-1.0,0,heavy
clear,4531,0,0,-0.12155,-0.999506,-0.128,0.0,0,heavy
clear,4532,4,0,0.21252,-0.999158,0.4228,-1.0,0,heavy
clear,4533,2,0,-0.229354,-0.999357,-0.3612,0.0,0,heavy
clear,4534,2,2,0.221849,0.005568,0.128,0.0,1,heavy
clear,4535,2,0,-0.407498,-0.997991,0.0772,1.0,0,heavy
clear,4536,4,2,-0.574969,0.999513,-0.5423,0.0,2,heavy
clear,4538,4,0,-0.098907,-0.999373,0.2023,-1.0,0,heavy
clear,4541,4,2,-0.240355,0.999638,0.0,0.0,2,heavy
clear,4543,1,0,-0.472068,-0.956778,-0.6369,0.0,0,heavy
clear,4549,2,0,-0.42878,-0.999456,-0.296,-1.0,0,heavy
clear,4551,0,0,-0.675412,-0.999431,-0.296,-1.0,0,cheap
clear,4553,3,0,-0.691112,-0.997959,-0.4588,0.0,0,cheap
clear,4554,4,0,-0.843468,-0.998858,-0.4939,-1.0,0,cheap
clear,4555,0,0,-0.337999,-0.998326,-0.25,0.0,0,heavy
clear,4556,2,0,-0.723395,-0.998937,-0.3182,-1.0,0,cheap
clear,4557,2,0,0.332676,-0.999311,0.1779,0.0,0,heavy
clear,4558,1,0,-0.558435,-0.99909,-0.5994,0.0,0,heavy
clear,4559,1,0,-0.826757,-0.998956,-0.6808,0.0,0,cheap
clear,4560,1,0,-0.004691,-0.999452,-0.0258,0.0,0,heavy
clear,4561,3,0,-0.382473,-0.999248,-0.5719,0.0,0,heavy
clear,4562,4,0,-0.715618,-0.997316,-0.624,0.0,0,cheap
clear,4563,4,0,-0.795315,-0.999535,-0.7003,0.0,0,cheap
clear,4564,4,0,-0.433542,-0.999216,-0.128,0.0,0,heavy
clear,4565,1,0,-0.825897,0.759897,0.0,0.0,0,cheap
clear,4566,0,0,-0.87995,-0.999563,-0.4939,-1.0,0,cheap
clear,4567,3,0,0.116554,-0.99657,-0.1513,0.0,0,heavy
clear,4568,2,2,0.743025,0.999772,0.7003,0.0,2,cheap
clear,4569,0,2,-0.074171,0.999755,0.0951,0.0,2,heavy
clear,4573,0,0,-0.303276,-0.998271,-0.4019,-1.0,0,heavy
clear,4574,4,0,0.067167,-0.998604,-0.1531,0.0,0,heavy
clear,4575,2,2,0.580761,0.999776,0.4939,0.0,2,heavy
clear,4579,3,0,-0.677252,-0.999505,0.6124,1.0,0,cheap
clear,4580,0,0,-0.692494,-0.999519,0.6124,1.0,0,cheap
clear,4581,4,0,-0.672759,-0.999462,0.6124,1.0,0,cheap
clear,4584,1,0,-0.529095,-0.999403,0.6124,1.0,0,heavy
clear,4585,0,0,-0.533491,-0.999451,0.6124,1.0,0,heavy
clear,4586,2,0,0.055418,-0.999518,0.7906,1.0,0,heavy
clear,4587,2,0,-0.616431,-0.999416,0.6124,1.0,0,cheap
clear,4588,2,0,-0.616431,-0.999393,0.6124,1.0,0,cheap
clear,4589,4,0,-0.432927,-0.999463,0.6124,1.0,0,heavy
clear,4590,0,0,-0.467176,-0.999245,0.6124,1.0,0,heavy
clear,4591,1,0,-0.704529,-0.999462,-0.2732,0.0,0,cheap
clear,4592,0,2,-0.403976,0.99971,-0.3182,-1.0,2,heavy
clear,4593,3,0,-0.984171,-0.999471,0.1531,0.0,0,cheap
clear,4594,2,0,-0.979424,-0.999491,0.1531,0.0,0,cheap
clear,4595,4,0,-0.9698,-0.999508,0.1531,0.0,0,cheap
clear,4596,4,0,-0.955151,-0.999432,0.1531,0.0,0,cheap
clear,4597,1,0,-0.626087,-0.999468,0.1531,0.0,0,cheap
clear,4598,2,0,-0.936692,-0.999456,0.1531,0.0,0,cheap
clear,4600,2,0,-0.550032,-0.999498,-0.1027,1.0,0,heavy
clear,4602,4,2,-0.032942,0.019348,-0.25,0.0,1,heavy
clear,4607,2,0,0.20325,-0.950838,0.296,0.0,0,heavy
clear,4609,2,0,-0.889581,-0.999299,-0.296,0.0,0,cheap
clear,4610,1,0,-0.873501,-0.999364,-0.296,0.0,0,cheap
clear,4613,3,0,-0.167898,-0.99906,0.296,0.0,0,heavy
clear,4614,0,0,-0.550596,-0.999355,0.0,0.0,0,heavy
clear,4616,0,0,-0.32733,-0.999575,0.296,0.0,0,heavy
clear,4617,2,0,-0.885785,-0.9992,-0.296,0.0,0,cheap
clear,4619,3,0,-0.312209,-0.9995,0.296,0.0,0,heavy
clear,4621,4,0,0.07052,-0.99917,0.0772,0.0,0,heavy
clear,4622,1,0,-0.553851,-0.996726,-0.296,0.0,0,heavy
clear,4623,3,0,-0.78946,-0.999301,-0.296,0.0,0,cheap
clear,4624,0,0,-0.862386,-0.998249,-0.296,0.0,0,cheap
clear,4626,4,0,0.335138,-0.999209,0.3612,0.0,0,heavy
clear,4629,1,0,-0.770363,-0.999304,-0.296,0.0,0,cheap
clear,4630,2,0,-0.331007,-0.999549,0.0,-1.0,0,heavy
clear,4631,1,0,-0.537838,-0.999415,-0.128,0.0,0,heavy
clear,4632,4,0,-0.104143,-0.99934,0.0,0.0,0,heavy
clear,4633,0,0,-0.072443,-0.998798,0.0,0.0,0,heavy
clear,4634,3,0,-0.075318,-0.999532,0.2732,-1.0,0,heavy
clear,4635,1,0,-0.554687,-0.999422,0.4404,1.0,0,heavy
clear,4636,2,0,-0.679382,-0.999355,-0.1531,0.0,0,cheap
clear,4637,0,0,-0.808107,-0.998744,0.296,0.0,0,cheap
clear,4638,2,0,-0.212247,-0.999484,0.0,-1.0,0,heavy
clear,4639,0,0,-0.591731,-0.998739,-0.2846,0.0,0,heavy
clear,4640,4,0,0.163065,-0.995259,0.1779,0.0,0,heavy
clear,4641,4,0,-0.732239,-0.99952,0.4404,1.0,0,cheap
clear,4642,1,0,-0.760066,-0.999433,0.1779,1.0,0,cheap
clear,4643,3,0,-0.837661,-0.999475,0.4404,1.0,0,cheap
clear,4644,4,0,-0.485017,-0.999597,0.0,0.0,0,heavy
clear,4645,2,0,-0.614958,-0.999504,0.296,0.0,0,cheap
clear,4646,1,0,-0.767574,-0.999582,0.0,0.0,0,cheap
clear,4647,3,0,-0.090682,-0.999524,0.4404,1.0,0,heavy
clear,4648,0,0,-0.619809,-0.999429,0.4404,1.0,0,cheap
clear,4649,2,0,-0.746979,-0.999431,0.4404,1.0,0,cheap
clear,4650,4,0,-0.829082,-0.999436,0.0,0.0,0,cheap
clear,4651,1,0,-0.798983,-0.999485,0.0,0.0,0,cheap
clear,4652,2,0,-0.48631,-0.999532,0.0,0.0,0,heavy
clear,4653,4,0,-0.876558,-0.999062,0.0,0.0,0,cheap
clear,4654,2,0,-0.753044,-0.999497,0.0,0.0,0,cheap
clear,4655,3,0,-0.568985,-0.999536,0.0,0.0,0,heavy
clear,4656,4,0,-0.819495,-0.999437,0.0,0.0,0,cheap
clear,4657,2,0,-0.854727,-0.999473,0.0,0.0,0,cheap
clear,4658,4,0,-0.929457,-0.999506,0.0,0.0,0,cheap
clear,4659,3,0,-0.640795,-0.787388,0.0,0.0,0,cheap
clear,4660,0,0,-0.817032,-0.999553,0.0,0.0,0,cheap
clear,4661,3,0,-0.2143,-0.999033,0.0,0.0,0,heavy
clear,4662,3,0,-0.741966,-0.999528,0.0,0.0,0,cheap
clear,4663,3,0,-0.541812,-0.993898,0.296,0.0,0,heavy
clear,4664,0,0,-0.841632,-0.999529,0.4404,1.0,0,cheap
clear,4665,3,0,-0.327922,-0.999529,0.4404,1.0,0,heavy
clear,4666,4,0,-0.738436,-0.999511,0.4404,1.0,0,cheap
clear,4667,4,0,-0.675514,-0.999498,0.0,0.0,0,cheap
clear,4668,0,0,-0.355089,-0.999515,0.296,0.0,0,heavy
clear,4669,0,0,-0.712722,-0.999496,0.296,0.0,0,cheap
clear,4670,1,0,-0.86032,-0.99957,0.4404,1.0,0,cheap
clear,4671,2,0,-0.90455,-0.999285,0.296,0.0,0,cheap
clear,4672,1,0,-0.819226,-0.9992,0.296,0.0,0,cheap
clear,4673,2,0,-0.880801,-0.999152,0.296,0.0,0,cheap
clear,4674,4,0,-0.639663,-0.999623,0.0,0.0,0,cheap
clear,4675,2,0,0.632449,-0.999175,0.4404,1.0,2,cheap
clear,4676,3,0,-0.442395,-0.999479,0.5574,1.0,0,heavy
clear,4677,4,0,-0.596902,-0.999492,0.4404,1.0,0,heavy
clear,4678,3,0,-0.327767,-0.999488,0.5574,1.0,0,heavy
clear,4679,0,0,-0.70935,-0.999532,0.4404,1.0,0,cheap
clear,4680,0,0,-0.360681,-0.999555,0.4404,1.0,0,heavy
clear,4681,3,0,0.233106,-0.999493,0.4404,0.0,0,heavy
clear,4682,1,0,-0.694491,-0.999559,0.0,0.0,0,cheap
clear,4683,1,0,-0.194663,-0.998947,-0.2263,0.0,0,heavy
clear,4684,4,0,-0.267496,-0.999547,0.4404,1.0,0,heavy
clear,4685,1,0,-0.510342,-0.99953,0.4404,1.0,0,heavy
clear,4686,2,0,0.237315,-0.999539,0.5574,1.0,0,heavy
clear,4687,2,0,-0.116213,-0.999535,0.4404,1.0,0,heavy
clear,4688,3,0,0.415322,-0.999487,0.7269,1.0,0,heavy
clear,4689,2,0,0.660385,-0.9993,0.4404,1.0,2,cheap
clear,4690,3,0,-0.446404,-0.99902,0.296,0.0,0,heavy
clear,4691,0,0,-0.537888,-0.99955,0.4404,1.0,0,heavy
clear,4692,2,0,-0.249472,-0.999457,0.4404,1.0,0,heavy
clear,4693,0,0,-0.913,-0.99956,0.0,0.0,0,cheap
clear,4694,1,0,-0.911726,-0.99956,0.0,0.0,0,cheap
clear,4695,0,0,-0.814011,-0.999565,0.0,0.0,0,cheap
clear,4696,4,0,-0.665968,-0.999587,0.0,0.0,0,cheap
clear,4697,2,0,-0.45319,-0.999535,0.0,0.0,0,heavy
clear,4698,0,0,-0.931506,-0.999522,0.4404,1.0,0,cheap
clear,4699,4,0,-0.399904,-0.999534,0.4404,1.0,0,heavy
clear,4700,0,0,-0.899629,-0.999502,0.4404,1.0,0,cheap
clear,4701,0,0,-0.883683,-0.999461,0.4404,1.0,0,cheap
clear,4702,3,0,-0.91331,-0.999496,0.4404,1.0,0,cheap
clear,4703,2,0,-0.884665,-0.999481,0.4404,1.0,0,cheap
clear,4704,0,0,-0.457095,-0.999521,0.4404,1.0,0,heavy
clear,4705,3,0,-0.752005,-0.999491,0.4404,1.0,0,cheap
clear,4706,3,0,-0.776875,-0.999507,0.4404,1.0,0,cheap
clear,4707,1,0,-0.862272,-0.999529,0.4404,1.0,0,cheap
clear,4708,2,0,-0.294932,-0.999478,0.0,0.0,0,heavy
clear,4709,1,0,-0.697852,-0.998006,0.4404,1.0,0,cheap
clear,4710,1,0,-0.784101,-0.999513,0.4404,1.0,0,cheap
clear,4711,0,0,-0.806226,-0.999546,0.4404,1.0,0,cheap
clear,4712,4,0,-0.701071,-0.999534,0.0,0.0,0,cheap
clear,4713,1,0,-0.857569,-0.999441,-0.4404,0.0,0,cheap
clear,4714,2,0,-0.355335,-0.999436,0.0,-1.0,0,heavy
clear,4715,2,0,-0.762256,-0.978953,0.0,0.0,0,cheap
clear,4716,2,0,-0.702721,-0.999306,-0.296,0.0,0,cheap
clear,4717,3,0,-0.637346,-0.999381,0.0,-1.0,0,cheap
clear,4718,0,0,-0.508792,-0.999524,0.0,0.0,0,heavy
clear,4719,3,0,0.129424,-0.999515,0.5719,0.0,0,heavy
clear,4720,3,0,0.212337,-0.999534,0.5719,0.0,0,heavy
clear,4721,4,0,-0.658272,-0.999568,0.0,0.0,0,cheap
clear,4722,1,0,-0.811285,-0.99958,0.0,0.0,0,cheap
clear,4723,4,0,-0.562581,-0.999562,0.0,0.0,0,heavy
clear,4724,2,0,-0.85181,-0.999527,0.0,0.0,0,cheap
clear,4725,3,0,-0.77971,-0.999528,0.4404,1.0,0,cheap
clear,4726,0,0,-0.89782,-0.999334,0.0,0.0,0,cheap
clear,4727,2,0,-0.773603,-0.998125,0.0,0.0,0,cheap
clear,4728,4,0,-0.141366,-0.998982,0.0,0.0,0,heavy
clear,4729,0,0,-0.473353,-0.640399,0.0,0.0,0,heavy
clear,4730,4,0,-0.249779,-0.999363,-0.128,0.0,0,heavy
clear,4731,1,0,-0.265045,-0.999536,0.4404,1.0,0,heavy
clear,4732,3,0,-0.381779,-0.998909,-0.1531,0.0,0,heavy
clear,4733,4,0,0.046108,0.999753,0.296,0.0,2,heavy
clear,4734,1,0,-0.454905,-0.999447,0.4404,1.0,0,heavy
clear,4735,0,0,-0.522604,-0.999532,0.4404,1.0,0,heavy
clear,4736,1,0,-0.448771,-0.999573,0.0,0.0,0,heavy
clear,4737,1,0,-0.534369,-0.999249,0.0,-1.0,0,heavy
clear,4738,4,0,-0.626364,-0.999556,-0.2732,-1.0,0,cheap
clear,4739,0,0,-0.709149,-0.999501,0.0,0.0,0,cheap
clear,4740,4,0,-0.345296,-0.999285,0.296,0.0,0,heavy
clear,4741,2,0,-0.764996,-0.999573,-0.25,0.0,0,cheap
clear,4742,3,0,-0.128363,-0.999444,-0.128,0.0,0,heavy
clear,4743,0,0,-0.417978,-0.999283,0.0,0.0,0,heavy
clear,4744,2,0,-0.755196,-0.99959,0.0,0.0,0,cheap
clear,4745,2,0,-0.228555,-0.999303,0.0,0.0,0,heavy
clear,4746,2,0,-0.15051,-0.999522,0.296,0.0,0,heavy
clear,4747,1,0,-0.928048,-0.999519,0.4404,1.0,0,cheap
clear,4748,2,0,-0.922889,-0.999612,0.4404,1.0,0,cheap
clear,4749,0,0,-0.840557,-0.999454,0.4404,1.0,0,cheap
clear,4750,2,0,-0.742543,-0.999509,0.4404,1.0,0,cheap
clear,4751,2,0,-0.838608,-0.999511,0.4404,1.0,0,cheap
clear,4752,2,0,-0.838608,-0.999511,0.4404,1.0,0,cheap
clear,4753,0,0,-0.918252,-0.999546,0.4404,1.0,0,cheap
clear,4754,3,0,-0.829378,-0.99954,0.4404,1.0,0,cheap
clear,4755,1,0,-0.794145,-0.999531,0.4404,1.0,0,cheap
clear,4756,1,0,-0.930219,-0.999525,0.4404,1.0,0,cheap
clear,4757,1,0,-0.776586,-0.999521,0.4404,1.0,0,cheap
clear,4758,2,0,-0.891856,-0.999511,0.4404,1.0,0,cheap
clear,4759,4,0,-0.8838,-0.999521,0.4404,1.0,0,cheap
clear,4760,4,0,-0.706194,-0.999042,0.0,0.0,0,cheap
clear,4761,1,0,-0.013283,-0.997679,0.3818,1.0,0,heavy
clear,4762,3,0,-0.191062,-0.021137,0.0,0.0,1,heavy
clear,4763,3,0,-0.054877,-0.98967,0.0,0.0,0,heavy
clear,4764,3,0,-0.560712,-0.998859,-0.296,0.0,0,heavy
clear,4765,3,0,0.139508,-0.999572,0.4404,1.0,0,heavy
clear,4766,3,0,-0.002833,-0.997774,0.0,0.0,0,heavy
clear,4767,1,0,-0.788303,-0.999572,0.0,0.0,0,cheap
clear,4768,3,0,-0.744426,-0.999576,0.0,0.0,0,cheap
clear,4769,4,0,-0.166475,-0.999332,0.0,-1.0,0,heavy
clear,4770,3,0,-0.589831,-0.999543,0.0,0.0,0,heavy
clear,4771,2,0,-0.368549,-0.998131,0.0,0.0,0,heavy
clear,4772,3,0,-0.364343,-0.999552,-0.2732,-1.0,0,heavy
clear,4773,0,2,0.419542,0.999712,0.8271,1.0,2,heavy
clear,4774,4,2,0.670957,0.999758,0.5563,0.0,2,cheap
clear,4775,0,2,0.241732,0.999732,0.0258,0.0,2,heavy
clear,4780,2,2,0.305847,0.937666,0.2732,0.0,2,heavy
clear,4781,4,0,-0.470444,-0.998684,0.0772,0.0,0,heavy
clear,4782,1,0,-0.651148,-0.99903,-0.4019,0.0,0,cheap
clear,4783,3,0,0.772148,-0.999448,0.8197,0.0,2,cheap
clear,4784,1,0,-0.425476,-0.998706,0.0,0.0,0,heavy
clear,4785,2,0,0.358094,-0.995952,0.7845,0.0,0,heavy
clear,4786,0,2,0.182872,0.999701,0.0,0.0,2,heavy
clear,4787,3,2,0.702225,0.999605,0.5423,0.0,2,cheap
clear,4788,1,0,-0.402857,-0.997951,-0.3182,0.0,0,heavy
clear,4789,4,0,-0.245976,-0.999117,-0.0202,0.0,0,heavy
clear,4790,2,0,-0.358599,-0.999582,0.4588,0.0,0,heavy
clear,4791,4,0,-0.460347,-0.999543,0.4588,0.0,0,heavy
clear,4792,0,0,-0.641984,-0.999605,0.4588,0.0,0,cheap
clear,4793,4,0,0.284145,-0.999231,0.2263,0.0,0,heavy
clear,4795,1,0,-0.638942,-0.999489,-0.4588,1.0,0,cheap
clear,4796,2,0,-0.692462,-0.99941,-0.4767,0.0,0,cheap
clear,4797,4,0,-0.69426,-0.999549,-0.5574,-0.333333,0,cheap
clear,4798,0,0,-0.202779,-0.998861,0.5267,0.0,0,heavy
clear,4799,4,0,-0.490563,-0.999278,-0.4939,0.0,0,heavy
clear,4800,0,0,0.463052,-0.999567,0.7783,1.0,0,heavy
clear,4801,4,0,0.242336,-0.999551,0.6705,1.0,0,heavy
clear,4803,4,0,-0.317308,-0.999486,-0.128,0.333333,0,heavy
clear,4808,3,0,0.208995,-0.997683,0.4939,0.0,0,heavy
clear,4810,2,0,-0.299693,-0.999246,-0.4874,0.0,0,heavy
clear,4811,4,0,0.183433,-0.997511,0.3361,0.0,0,heavy
clear,4813,1,0,-0.101118,-0.999211,-0.0772,-1.0,0,heavy
clear,4814,1,0,-0.821612,-0.999059,0.0,0.0,0,cheap
clear,4815,4,0,-0.737869,-0.999569,0.4404,1.0,0,cheap
clear,4816,0,0,-0.801363,-0.999581,0.0258,1.0,0,cheap
clear,4817,2,0,0.330129,-0.999529,0.8126,0.0,0,heavy
clear,4818,2,0,-0.060362,-0.001163,0.0,0.0,1,heavy
clear,4821,3,0,-0.920962,-0.999479,-0.3818,0.0,0,cheap
clear,4822,0,2,0.049661,0.99969,0.0,0.0,2,heavy
clear,4824,3,0,-0.440161,-0.992738,0.469,-1.0,0,heavy
clear,4825,4,0,-0.314243,-0.997971,0.6436,-1.0,0,heavy
clear,4827,3,0,-0.662647,-0.999509,0.0,-1.0,0,cheap
clear,4828,3,0,-0.189819,-0.99955,0.0,0.0,0,heavy
clear,4829,4,0,-0.878203,-0.99837,-0.296,0.0,0,cheap
clear,4830,1,0,-0.651968,-0.999558,0.0,0.0,0,cheap
clear,4831,0,0,-0.488492,-0.999606,0.4404,1.0,0,heavy
clear,4832,1,0,-0.647791,-0.999525,0.4404,1.0,0,cheap
clear,4833,4,0,-0.886386,-0.999483,0.0,0.0,0,cheap
clear,4834,4,0,-0.173025,-0.999522,0.0,0.0,0,heavy
clear,4835,0,0,-0.871606,-0.999456,0.0,0.0,0,cheap
clear,4836,4,0,-0.251958,-0.999572,0.4404,0.0,0,heavy
clear,4837,1,0,-0.840022,-0.999332,0.0,0.0,0,cheap
clear,4838,2,0,-0.317448,-0.999455,0.4404,1.0,0,heavy
clear,4839,3,0,-0.917582,-0.999507,0.4404,1.0,0,cheap
clear,4840,4,0,0.391573,-0.999296,0.6597,-1.0,0,heavy
clear,4841,0,0,-0.832849,-0.99889,-0.7269,0.0,0,cheap
clear,4843,4,0,0.117337,-0.999517,0.743,1.0,0,heavy
clear,4844,2,0,-0.069821,-0.999525,0.4404,1.0,0,heavy
clear,4845,4,0,-0.913605,-0.998353,0.0,0.0,0,cheap
neutral,0,-1,1,-0.023937,-0.010924,-0.128,0.0,1,heavy
neutral,1,-1,1,-0.07403,3e-05,-0.296,0.0,1,heavy
neutral,58,-1,1,-0.183064,-3.7e-05,0.0,0.0,1,heavy
neutral,59,-1,1,-0.220284,0.999259,0.0,0.0,2,heavy
neutral,60,-1,1,0.532729,0.17574,0.3612,0.0,1,heavy
neutral,61,-1,1,0.504329,0.996439,0.3182,0.0,2,heavy
neutral,62,-1,1,0.754867,0.669729,0.7506,0.0,2,cheap
neutral,64,-1,1,0.275633,0.000209,0.296,0.0,1,heavy
neutral,67,-1,1,0.429187,0.000115,0.8779,0.0,1,heavy
neutral,69,-1,1,0.234575,1.8e-05,0.0,0.0,1,heavy
neutral,71,-1,1,0.455267,-0.000141,0.3818,1.0,1,heavy
neutral,72,-1,1,0.084086,7e-05,0.296,0.0,1,heavy
neutral,73,-1,1,-0.022194,-9.2e-05,0.7964,0.0,1,heavy
neutral,74,-1,1,0.845466,0.811041,0.743,0.0,2,cheap
neutral,75,-1,1,-0.317734,0.016893,0.2732,0.0,1,heavy
neutral,76,-1,1,-0.067226,-0.000106,0.0,0.0,1,heavy
neutral,78,-1,1,0.702675,0.006886,0.6597,0.0,2,cheap
neutral,80,-1,1,0.183004,-7.6e-05,0.5267,0.0,1,heavy
neutral,81,-1,1,0.191426,0.000131,0.0,0.0,1,heavy
neutral,82,-1,1,-4.3e-05,-0.000137,0.0,0.0,1,heavy
neutral,85,-1,1,-0.527241,-9.3e-05,-0.5267,0.0,1,heavy
neutral,110,-1,1,0.014374,-4.5e-05,0.0,0.0,1,heavy
neutral,139,-1,1,0.100274,0.00014,0.0,0.0,1,heavy
neutral,159,-1,1,0.027064,-0.000169,0.0,0.0,1,heavy
neutral,186,-1,1,-0.047805,-0.000258,0.0,0.0,1,heavy
neutral,210,-1,1,0.07199,4e-06,0.0,0.0,1,heavy
neutral,221,-1,1,0.124606,0.000259,0.0,0.0,1,heavy
neutral,223,-1,1,-0.002079,0.001453,0.0,0.0,1,heavy
neutral,233,-1,1,0.02997,-0.000544,0.0,0.0,1,heavy
neutral,295,-1,1,-0.557003,-2.7e-05,-0.6249,0.0,1,heavy
neutral,309,-1,1,0.354513,0.966457,0.0,0.0,2,heavy
neutral,319,-1,1,0.67342,0.022955,0.1779,0.0,2,cheap
neutral,354,-1,1,0.679247,0.999748,0.6808,0.0,2,cheap
neutral,392,-1,1,0.386884,0.997144,0.0,0.0,2,heavy
neutral,393,-1,1,0.365497,-8.6e-05,0.802,0.0,1,heavy
neutral,394,-1,1,0.362246,0.014953,0.2732,0.0,1,heavy
neutral,395,-1,1,-0.057302,0.002865,0.0,0.0,1,heavy
neutral,396,-1,1,0.468209,-1.2e-05,0.4215,0.0,1,heavy
neutral,397,-1,1,0.413615,0.000399,0.2263,0.0,1,heavy
neutral,399,-1,1,0.628873,0.90729,0.5719,0.0,2,cheap
neutral,400,-1,1,0.655506,0.006307,0.3182,0.0,2,cheap
neutral,401,-1,1,0.206927,0.946448,0.0,0.0,2,heavy
neutral,403,-1,1,0.70728,1e-06,0.4939,0.0,2,cheap
neutral,405,-1,1,0.126117,5.4e-05,0.34,0.0,1,heavy
neutral,406,-1,1,0.105411,0.000102,0.0,0.0,1,heavy
neutral,407,-1,1,0.742783,0.247511,0.802,1.0,2,cheap
neutral,410,-1,1,0.120642,-1e-06,0.0,0.0,1,heavy
neutral,411,-1,1,0.178323,4.8e-05,0.0,0.0,1,heavy
neutral,412,-1,1,0.570226,0.024032,0.3182,0.0,1,heavy
neutral,413,-1,1,0.189255,-1.6e-05,0.6436,0.0,1,heavy
neutral,414,-1,1,0.127303,-0.000111,0.4019,0.0,1,heavy
neutral,416,-1,1,-0.042256,0.000643,0.0,0.0,1,heavy
neutral,417,-1,1,0.166364,1e-06,0.34,0.0,1,heavy
neutral,418,-1,1,0.312996,0.001017,0.0,0.0,1,heavy
neutral,419,-1,1,0.245134,0.999776,0.0,0.0,2,heavy
neutral,420,-1,1,0.185733,0.280682,0.3612,0.0,1,heavy
neutral,422,-1,1,-0.353865,0.623974,0.0,0.0,2,heavy
neutral,424,-1,1,0.565821,0.999536,0.3182,0.0,2,heavy
neutral,427,-1,1,0.24499,-0.0001,0.0,0.0,1,heavy
neutral,430,-1,1,0.182644,0.000564,0.368,0.0,1,heavy
neutral,431,-1,1,0.007207,-7.9e-05,0.2732,0.0,1,heavy
neutral,432,-1,1,0.198133,-6e-05,0.0,0.0,1,heavy
neutral,434,-1,1,0.299942,-0.000194,0.7003,0.0,1,heavy
neutral,436,-1,1,0.136601,-0.000269,0.0,0.0,1,heavy
neutral,437,-1,1,-0.019373,-5.6e-05,0.0,0.0,1,heavy
neutral,439,-1,1,0.458161,0.984758,0.2732,0.0,2,heavy
neutral,440,-1,1,0.477234,0.000171,0.4404,0.0,1,heavy
neutral,443,-1,1,0.210585,0.000353,0.4466,0.0,1,heavy
neutral,444,-1,1,0.423822,1.6e-05,0.7003,0.0,1,heavy
neutral,445,-1,1,0.069084,3.3e-05,0.296,0.0,1,heavy
neutral,447,-1,1,0.061738,1e-06,0.0,0.0,1,heavy
neutral,448,-1,1,-0.09638,5.1e-05,0.0,0.0,1,heavy
neutral,449,-1,1,0.39826,0.000213,0.4939,0.0,1,heavy
neutral,452,-1,1,0.307922,0.000143,0.0,0.0,1,heavy
neutral,453,-1,1,0.095233,-7.8e-05,0.0,0.0,1,heavy
neutral,454,-1,1,0.162657,-1.8e-05,0.34,0.0,1,heavy
neutral,456,-1,1,0.387281,0.000329,0.4939,0.0,1,heavy
neutral,459,-1,1,0.667487,0.109151,0.5994,0.0,2,cheap
neutral,460,-1,1,0.343052,-0.000168,0.5994,0.0,1,heavy
neutral,464,-1,1,0.10099,-4.6e-05,0.0,0.0,1,heavy
neutral,465,-1,1,0.554942,0.003375,0.0,0.0,1,heavy
neutral,468,-1,1,-0.044151,-3.4e-05,0.0,0.0,1,heavy
neutral,469,-1,1,0.631718,0.999778,0.4588,0.0,2,cheap
neutral,470,-1,1,0.445175,0.025207,0.5423,0.0,1,heavy
neutral,471,-1,1,0.095199,0.032425,0.0,0.0,1,heavy
neutral,472,-1,1,0.302989,-1.2e-05,0.4215,0.0,1,heavy
neutral,474,-1,1,0.347268,-7.4e-05,0.6187,0.0,1,heavy
neutral,475,-1,1,-0.174309,0.000135,-0.34,0.0,1,heavy
neutral,476,-1,1,-0.012374,0.000122,0.0,0.0,1,heavy
neutral,478,-1,1,0.219195,4.4e-05,0.0,0.0,1,heavy
neutral,479,-1,1,0.08829,0.000202,0.0,0.0,1,heavy
neutral,480,-1,1,0.213526,-4.2e-05,0.0,0.0,1,heavy
neutral,481,-1,1,-0.313552,-0.999474,0.0,0.0,0,heavy
neutral,482,-1,1,0.312865,-7.8e-05,0.5423,0.0,1,heavy
neutral,483,-1,1,0.372054,-6.2e-05,0.5423,0.0,1,heavy
neutral,488,-1,1,0.508384,0.200014,0.0,0.0,1,heavy
neutral,490,-1,1,0.095501,6.2e-05,0.0,0.0,1,heavy
neutral,491,-1,1,0.317261,0.999542,0.3182,0.0,2,heavy
neutral,493,-1,1,0.075771,0.000221,0.0,0.0,1,heavy
neutral,494,-1,1,0.089269,0.035967,0.0,0.0,1,heavy
neutral,496,-1,1,0.393358,0.00015,0.4404,0.0,1,heavy
neutral,499,-1,1,0.040995,-2.3e-05,0.0,0.0,1,heavy
neutral,501,-1,1,0.059576,-0.000181,0.0,0.0,1,heavy
neutral,502,-1,1,0.087948,-0.000127,0.0,0.0,1,heavy
neutral,503,-1,1,0.475629,-0.000103,0.4939,0.0,1,heavy
neutral,504,-1,1,0.072661,0.000213,0.0,0.0,1,heavy
neutral,506,-1,1,0.621722,0.082692,0.5719,0.0,2,cheap
neutral,507,-1,1,-0.54728,0.974997,0.0,0.0,2,heavy
neutral,508,-1,1,0.037837,-6.8e-05,0.0,0.0,1,heavy
neutral,509,-1,1,-0.019322,-3.7e-05,0.0,0.0,1,heavy
neutral,511,-1,1,0.615278,-7e-06,0.4939,0.0,2,cheap
neutral,512,-1,1,0.046346,-8.4e-05,0.0,0.0,1,heavy
neutral,513,-1,1,0.462483,0.83407,0.5423,0.0,2,heavy
neutral,514,-1,1,0.445064,0.981776,0.5423,0.0,2,heavy
neutral,515,-1,1,0.314203,0.233895,0.5423,0.0,1,heavy
neutral,516,-1,1,0.360643,0.536194,0.5423,0.0,2,heavy
neutral,521,-1,1,0.099433,-4.9e-05,0.0,0.0,1,heavy
neutral,522,-1,1,0.290834,-3.3e-05,0.0,0.0,1,heavy
neutral,523,-1,1,0.369467,-4e-05,0.3818,1.0,1,heavy
neutral,524,-1,1,-0.033992,-6.7e-05,0.128,0.0,1,heavy
neutral,525,-1,1,0.144915,0.991468,0.1027,0.0,2,heavy
neutral,529,-1,1,-0.086288,-5.3e-05,0.0,0.0,1,heavy
neutral,530,-1,1,-0.086128,-0.000194,0.0,0.0,1,heavy
neutral,531,-1,1,-0.059667,0.379344,0.0,0.0,2,heavy
neutral,532,-1,1,0.827665,0.000371,0.4939,0.0,2,cheap
neutral,533,-1,1,0.564758,0.002793,0.6486,0.0,1,heavy
neutral,534,-1,1,0.356021,0.000411,0.0,0.0,1,heavy
neutral,536,-1,1,0.283805,0.962208,0.5106,0.0,2,heavy
neutral,537,-1,1,0.04928,-4.9e-05,0.0,0.0,1,heavy
neutral,540,-1,1,0.532647,-0.000104,0.3818,1.0,1,heavy
neutral,569,-1,1,0.093738,0.000342,0.1779,0.0,1,heavy
neutral,570,-1,1,0.185784,0.993692,0.875,0.0,2,heavy
neutral,571,-1,1,0.199843,0.006498,0.875,0.0,1,heavy
neutral,572,-1,1,0.252096,0.000507,0.0772,0.0,1,heavy
neutral,573,-1,1,0.455409,0.000622,0.4939,0.0,1,heavy
neutral,574,-1,1,0.171055,1.3e-05,0.6124,0.0,1,heavy
neutral,576,-1,1,-0.015,0.00855,0.0,0.0,1,heavy
neutral,578,-1,1,0.210581,8.8e-05,0.6633,0.0,1,heavy
neutral,579,-1,1,0.389501,0.997045,0.2263,0.0,2,heavy
neutral,582,-1,1,0.434094,0.139848,0.296,1.0,1,heavy
neutral,593,-1,1,0.725228,0.003983,0.6597,1.0,2,cheap
neutral,615,-1,1,0.312914,9.8e-05,0.4767,0.0,1,heavy
neutral,616,-1,1,0.17078,-7.4e-05,0.0,0.0,1,heavy
neutral,619,-1,1,0.181944,-4.5e-05,0.34,0.0,1,heavy
neutral,621,-1,1,0.254573,0.000946,0.0,0.0,1,heavy
neutral,622,-1,1,0.437169,-4.3e-05,0.743,0.0,1,heavy
neutral,623,-1,1,0.585741,-3.7e-05,0.3182,0.0,1,heavy
neutral,624,-1,1,0.518617,0.001443,0.5994,0.0,1,heavy
neutral,628,-1,1,0.27578,0.00015,0.6249,0.0,1,heavy
neutral,629,-1,1,0.627585,0.019028,0.4588,0.0,2,cheap
neutral,633,-1,1,0.015862,0.998771,0.0,0.0,2,heavy
neutral,635,-1,1,-0.007772,-1e-05,-0.2263,0.0,1,heavy
neutral,637,-1,1,0.157871,0.000168,0.0,0.0,1,heavy
neutral,665,-1,1,-0.451787,-0.000171,-0.4019,-1.0,1,heavy
neutral,667,-1,1,-0.619372,-7.7e-05,0.0,0.0,0,cheap
neutral,685,-1,1,0.019219,-4.8e-05,0.128,0.0,1,heavy
neutral,694,-1,1,0.197267,0.000257,0.0,0.0,1,heavy
neutral,695,-1,1,0.465937,0.669101,0.4588,1.0,2,heavy
neutral,707,-1,1,0.508476,-1.7e-05,0.4404,0.0,1,heavy
neutral,708,-1,1,0.359586,8.9e-05,0.6908,0.0,1,heavy
neutral,726,-1,1,0.160395,8e-06,0.3182,0.0,1,heavy
neutral,743,-1,1,0.538738,0.004957,0.4215,0.0,1,heavy
neutral,765,-1,1,0.13035,-6.2e-05,0.0,0.0,1,heavy
neutral,787,-1,1,0.27663,6.2e-05,0.3818,1.0,1,heavy
neutral,789,-1,1,0.37101,-4.2e-05,0.0,0.0,1,heavy
neutral,822,-1,1,0.604017,2.1e-05,0.4215,0.0,2,cheap
neutral,855,-1,1,0.359983,-2.7e-05,0.1779,0.0,1,heavy
neutral,865,-1,1,0.193417,-2.5e-05,0.25,0.0,1,heavy
neutral,866,-1,1,-0.206041,5.1e-05,0.0,0.0,1,heavy
neutral,869,-1,1,0.20675,0.000141,0.0,0.0,1,heavy
neutral,886,-1,1,0.476981,0.00055,0.5267,1.0,1,heavy
neutral,907,-1,1,0.381947,0.99928,0.7184,0.0,2,heavy
neutral,915,-1,1,0.646786,0.003624,0.6124,0.0,2,cheap
neutral,953,-1,1,0.446248,7.2e-05,0.4588,0.0,1,heavy
neutral,978,-1,1,0.233515,0.004342,0.5719,0.0,1,heavy
neutral,993,-1,1,0.201587,-5.2e-05,0.0,0.0,1,heavy
neutral,998,-1,1,-0.101609,0.000121,0.0,0.0,1,heavy
neutral,1000,-1,1,0.482598,0.00218,0.7865,0.0,1,heavy
neutral,1001,-1,1,-0.023651,4.1e-05,0.0,0.0,1,heavy
neutral,1002,-1,1,0.154105,-9.4e-05,0.128,0.0,1,heavy
neutral,1003,-1,1,0.180964,8e-05,0.5709,0.0,1,heavy
neutral,1004,-1,1,0.719038,0.999673,0.5106,1.0,2,cheap
neutral,1005,-1,1,0.587865,0.002164,0.6124,0.0,1,heavy
neutral,1006,-1,1,0.368354,0.344178,0.2263,0.0,2,heavy
neutral,1007,-1,1,0.095691,-7.2e-05,0.0,0.0,1,heavy
neutral,1008,-1,1,0.47663,0.000615,0.3612,0.0,1,heavy
neutral,1009,-1,1,0.097005,0.000296,0.0,0.0,1,heavy
neutral,1010,-1,1,0.581536,5.6e-05,0.8074,0.0,1,heavy
neutral,1011,-1,1,0.442975,7.6e-05,0.8591,0.0,1,heavy
neutral,1012,-1,1,-0.034567,-0.006859,0.1779,0.0,1,heavy
neutral,1014,-1,1,0.022728,-7e-06,0.0,0.0,1,heavy
neutral,1015,-1,1,0.4259,0.965043,0.4939,0.0,2,heavy
neutral,1016,-1,1,0.153264,0.000207,0.3818,0.0,1,heavy
neutral,1017,-1,1,0.09755,0.000414,0.3182,0.0,1,heavy
neutral,1018,-1,1,0.131375,-0.000296,0.0,0.0,1,heavy
neutral,1019,-1,1,0.39031,-8.2e-05,0.5423,0.0,1,heavy
neutral,1020,-1,1,0.505593,-0.000133,0.7506,0.0,1,heavy
neutral,1021,-1,1,0.385977,0.000196,0.8625,0.0,1,heavy
neutral,1022,-1,1,0.56264,-6.7e-05,0.5106,0.0,1,heavy
neutral,1023,-1,1,0.275695,0.003306,0.4588,0.0,1,heavy
neutral,1024,-1,1,0.04747,-8e-06,0.0,0.0,1,heavy
neutral,1025,-1,1,0.21531,0.000391,0.2732,0.0,1,heavy
neutral,1026,-1,1,-0.022938,1e-06,0.0,0.0,1,heavy
neutral,1027,-1,1,0.106882,0.007934,0.3182,0.0,1,heavy
neutral,1029,-1,1,0.245613,4.8e-05,0.5267,0.0,1,heavy
neutral,1030,-1,1,0.160787,-0.000112,0.4588,0.0,1,heavy
neutral,1031,-1,1,0.076974,-2.4e-05,0.2263,0.0,1,heavy
neutral,1032,-1,1,0.324993,-0.000125,0.296,0.0,1,heavy
neutral,1033,-1,1,0.261874,0.000108,0.3182,0.0,1,heavy
neutral,1034,-1,1,0.009781,9.7e-05,0.0,0.0,1,heavy
neutral,1035,-1,1,0.096186,-2.8e-05,0.0,0.0,1,heavy
neutral,1036,-1,1,-0.245231,-0.001313,0.0,0.0,1,heavy
neutral,1038,-1,1,0.070979,-0.000207,0.0,0.0,1,heavy
neutral,1039,-1,1,-0.141898,-7.6e-05,0.0,0.0,1,heavy
neutral,1041,-1,1,-0.13274,0.000159,0.0,0.0,1,heavy
neutral,1042,-1,1,0.272911,-0.000114,0.3818,0.0,1,heavy
neutral,1043,-1,1,0.128773,4.6e-05,0.2263,0.0,1,heavy
neutral,1044,-1,1,0.184902,0.001118,0.0,0.0,1,heavy
neutral,1045,-1,1,-0.134769,-8.5e-05,0.0,0.0,1,heavy
neutral,1046,-1,1,0.097141,-0.000231,0.25,0.0,1,heavy
neutral,1047,-1,1,0.521821,-5.1e-05,0.4767,0.0,1,heavy
neutral,1048,-1,1,0.528367,0.000203,0.3182,0.0,1,heavy
neutral,1049,-1,1,0.211513,0.999795,0.0,0.0,2,heavy
neutral,1052,-1,1,0.185079,6.8e-05,0.4939,0.0,1,heavy
neutral,1053,-1,1,0.095495,7.8e-05,0.0,0.0,1,heavy
neutral,1054,-1,1,0.24614,7e-06,0.5106,0.0,1,heavy
neutral,1055,-1,1,0.189031,0.062796,0.3182,0.0,1,heavy
neutral,1056,-1,1,0.140517,0.000101,0.3818,0.0,1,heavy
neutral,1058,-1,1,-0.055339,6.6e-05,0.0,0.0,1,heavy
neutral,1059,-1,1,0.402838,0.997537,0.6124,0.0,2,heavy
neutral,1060,-1,1,0.384416,-6.2e-05,0.6124,0.0,1,heavy
neutral,1061,-1,1,0.169259,-0.011058,0.2263,0.0,1,heavy
neutral,1062,-1,1,0.424305,0.000425,0.6249,0.0,1,heavy
neutral,1063,-1,1,0.061206,-0.000158,0.0,0.0,1,heavy
neutral,1064,-1,1,0.086794,0.999571,0.0,0.0,2,heavy
neutral,1065,-1,1,0.272505,-2.7e-05,0.1779,0.0,1,heavy
neutral,1066,-1,1,0.435333,2.1e-05,0.5423,0.0,1,heavy
neutral,1068,-1,1,0.059267,-0.000108,0.0,0.0,1,heavy
neutral,1069,-1,1,0.444929,0.158857,0.25,0.0,1,heavy
neutral,1071,-1,1,0.317742,-1e-05,0.4588,0.0,1,heavy
neutral,1072,-1,1,0.247064,-0.000135,0.6486,0.0,1,heavy
neutral,1073,-1,1,0.042022,-7.3e-05,0.0,0.0,1,heavy
neutral,1074,-1,1,0.445119,0.189639,0.6249,0.0,1,heavy
neutral,1076,-1,1,0.021951,0.000112,0.0,0.0,1,heavy
neutral,1079,-1,1,-0.075395,0.000426,0.0,0.0,1,heavy
neutral,1080,-1,1,0.113349,-7.7e-05,0.0,0.0,1,heavy
neutral,1081,-1,1,0.330402,0.000119,0.4215,0.0,1,heavy
neutral,1082,-1,1,0.205582,9e-05,0.3818,0.0,1,heavy
neutral,1083,-1,1,0.251048,-0.000244,0.296,0.0,1,heavy
neutral,1084,-1,1,0.207318,-8.9e-05,0.0,0.0,1,heavy
neutral,1085,-1,1,0.346526,-5.7e-05,0.765,0.0,1,heavy
neutral,1086,-1,1,0.130228,0.751444,0.0,0.0,2,heavy
neutral,1087,-1,1,0.492831,0.007487,0.3818,0.0,1,heavy
neutral,1088,-1,1,-0.02287,7.1e-05,0.0,0.0,1,heavy
neutral,1089,-1,1,0.126856,-9.4e-05,0.1779,0.0,1,heavy
neutral,1090,-1,1,0.143658,0.000327,0.25,0.0,1,heavy
neutral,1091,-1,1,0.437665,0.999582,0.4019,-1.0,2,heavy
neutral,1092,-1,1,-0.012884,1.1e-05,0.0,0.0,1,heavy
neutral,1093,-1,1,0.012247,0.000342,0.0,0.0,1,heavy
neutral,1094,-1,1,0.002003,-1.3e-05,0.0,0.0,1,heavy
neutral,1095,-1,1,-0.023514,-3.4e-05,0.0,0.0,1,heavy
neutral,1096,-1,1,-0.023514,-9.1e-05,0.0,0.0,1,heavy
neutral,1097,-1,1,-0.006385,-6.3e-05,0.0,0.0,1,heavy
neutral,1098,-1,1,0.116426,-5.7e-05,0.3182,0.0,1,heavy
neutral,1099,-1,1,0.078535,-5.7e-05,0.3182,0.0,1,heavy
neutral,1100,-1,1,0.225311,0.000221,0.4939,0.0,1,heavy
neutral,1101,-1,1,-0.018273,0.000108,0.1531,0.0,1,heavy
neutral,1102,-1,1,0.250666,7.1e-05,0.4019,0.0,1,heavy
neutral,1103,-1,1,0.016197,0.000152,0.3182,0.0,1,heavy
neutral,1104,-1,1,-0.004571,0.001552,0.0,0.0,1,heavy
neutral,1106,-1,1,0.202239,-2.9e-05,0.7717,0.0,1,heavy
neutral,1107,-1,1,0.012199,-7.2e-05,0.0,0.0,1,heavy
neutral,1108,-1,1,0.124867,0.028318,0.0,0.0,1,heavy
neutral,1110,-1,1,0.464393,0.00114,0.25,0.0,1,heavy
neutral,1111,-1,1,0.158978,0.000317,0.4767,0.0,1,heavy
neutral,1112,-1,1,0.100835,4e-05,0.34,0.0,1,heavy
neutral,1113,-1,1,0.083288,-8.4e-05,0.0,1.0,1,heavy
neutral,1115,-1,1,-0.015505,5e-06,0.0,0.0,1,heavy
neutral,1116,-1,1,0.414967,0.000118,0.5093,0.0,1,heavy
neutral,1117,-1,1,0.415618,6.2e-05,0.5719,0.0,1,heavy
neutral,1118,-1,1,0.338111,8.2e-05,0.3612,0.0,1,heavy
neutral,1119,-1,1,0.22474,-7.8e-05,0.4404,0.0,1,heavy
neutral,1121,-1,1,0.141525,0.000313,0.4588,0.0,1,heavy
neutral,1122,-1,1,0.188993,0.000289,0.5994,0.0,1,heavy
neutral,1124,-1,1,0.353507,1.7e-05,0.4767,0.0,1,heavy
neutral,1125,-1,1,0.056591,-0.000159,0.0,0.0,1,heavy
neutral,1126,-1,1,0.386878,2.6e-05,0.296,1.0,1,heavy
neutral,1131,-1,1,-0.020629,-0.004119,0.0,0.0,1,heavy
neutral,1132,-1,1,0.144969,-0.000314,0.4404,0.0,1,heavy
neutral,1133,-1,1,0.50248,7.4e-05,0.4404,0.0,1,heavy
neutral,1134,-1,1,0.302134,0.000183,0.4215,0.0,1,heavy
neutral,1136,-1,1,-0.006475,0.000179,0.0,0.0,1,heavy
neutral,1138,-1,1,0.04021,-0.000278,0.0,0.0,1,heavy
neutral,1139,-1,1,0.348277,-2.4e-05,0.4019,0.0,1,heavy
neutral,1142,-1,1,0.555147,0.999462,0.8126,0.0,2,heavy
neutral,1143,-1,1,0.043355,2e-06,0.296,-1.0,1,heavy
neutral,1144,-1,1,-0.027798,0.008281,0.0,0.0,1,heavy
neutral,1147,-1,1,0.022826,1.6e-05,0.0,0.0,1,heavy
neutral,1149,-1,1,0.085246,-0.000249,0.296,0.0,1,heavy
neutral,1151,-1,1,-0.089972,0.000134,-0.0772,0.0,1,heavy
neutral,1152,-1,1,-0.037648,-3.5e-05,0.0,0.0,1,heavy
neutral,1153,-1,1,-0.302981,-3.1e-05,0.0,0.0,1,heavy
neutral,1154,-1,1,0.566456,5e-06,0.3612,0.0,1,heavy
neutral,1155,-1,1,0.191929,-5.1e-05,0.2263,0.0,1,heavy
neutral,1156,-1,1,-0.218822,-0.000117,0.0,0.0,1,heavy
neutral,1158,-1,1,0.197177,-0.000108,0.0,0.0,1,heavy
neutral,1159,-1,1,0.125303,0.971942,0.0,0.0,2,heavy
neutral,1160,-1,1,0.32564,0.000651,0.7003,0.0,1,heavy
neutral,1161,-1,1,0.459146,0.976363,0.4939,0.0,2,heavy
neutral,1162,-1,1,0.3287,0.000135,0.4767,0.0,1,heavy
neutral,1163,-1,1,0.665917,-3e-06,0.8807,0.0,2,cheap
neutral,1164,-1,1,-0.008541,6.1e-05,0.0,0.0,1,heavy
neutral,1165,-1,1,0.049535,-9.4e-05,0.0,0.0,1,heavy
neutral,1166,-1,1,0.035741,-9.3e-05,0.0,0.0,1,heavy
neutral,1167,-1,1,0.0106,-7.9e-05,0.0,0.0,1,heavy
neutral,1168,-1,1,0.433586,0.00065,0.4019,0.0,1,heavy
neutral,1169,-1,1,0.169283,-0.000211,0.2023,0.0,1,heavy
neutral,1170,-1,1,-0.044074,-0.000658,0.0,0.0,1,heavy
neutral,1173,-1,1,0.260325,0.835748,0.3818,0.0,2,heavy
neutral,1174,-1,1,-0.14595,0.000129,0.0258,0.0,1,heavy
neutral,1175,-1,1,-0.002556,-0.000108,0.0,0.0,1,heavy
neutral,1176,-1,1,0.06204,0.991013,0.0,0.0,2,heavy
neutral,1177,-1,1,0.09826,-9.4e-05,0.2023,0.0,1,heavy
neutral,1178,-1,1,-0.087132,0.000208,0.0,0.0,1,heavy
neutral,1180,-1,1,0.348578,0.914848,0.0,0.0,2,heavy
neutral,1181,-1,1,0.175923,0.000558,0.0,0.0,1,heavy
neutral,1182,-1,1,0.479857,0.999598,0.5106,1.0,2,heavy
neutral,1183,-1,1,0.185666,6.7e-05,0.8126,0.0,1,heavy
neutral,1186,-1,1,0.568658,3.1e-05,0.4215,0.0,1,heavy
neutral,1188,-1,1,0.051682,-7.8e-05,0.0,0.0,1,heavy
neutral,1189,-1,1,0.48435,-0.000108,0.6249,0.0,1,heavy
neutral,1190,-1,1,0.236681,-7.2e-05,0.4588,0.0,1,heavy
neutral,1191,-1,1,0.374416,3.2e-05,0.4019,0.0,1,heavy
neutral,1192,-1,1,0.187663,-0.000139,0.2023,0.0,1,heavy
neutral,1193,-1,1,-0.030552,-0.000183,0.0,0.0,1,heavy
neutral,1195,-1,1,0.278941,-4.1e-05,0.4767,0.0,1,heavy
neutral,1196,-1,1,0.324968,0.045132,0.25,0.0,1,heavy
neutral,1197,-1,1,0.409995,0.000112,0.3774,0.0,1,heavy
neutral,1198,-1,1,-0.047577,1.2e-05,0.0,0.0,1,heavy
neutral,1199,-1,1,0.170005,-2e-05,0.3182,0.0,1,heavy
neutral,1200,-1,1,0.264334,-6e-05,0.4939,0.0,1,heavy
neutral,1201,-1,1,0.044097,0.00026,0.0,0.0,1,heavy
neutral,1202,-1,1,0.311953,-0.00012,0.4019,0.0,1,heavy
neutral,1203,-1,1,0.334985,0.004182,0.2023,0.0,1,heavy
neutral,1204,-1,1,0.285529,-9.6e-05,0.4767,0.0,1,heavy
neutral,1206,-1,1,0.538063,-1e-05,0.6597,0.0,1,heavy
neutral,1207,-1,1,0.025742,-3.7e-05,0.0,0.0,1,heavy
neutral,1208,-1,1,0.483754,-0.000132,0.743,0.0,1,heavy
neutral,1209,-1,1,0.33717,-0.000256,0.6369,0.0,1,heavy
neutral,1210,-1,1,0.359731,0.001384,0.6361,0.0,1,heavy
neutral,1211,-1,1,0.267494,8.9e-05,0.128,0.0,1,heavy
neutral,1212,-1,1,0.261906,0.001147,0.0,0.0,1,heavy
neutral,1213,-1,1,0.134564,2e-06,0.25,0.0,1,heavy
neutral,1215,-1,1,0.159274,0.000203,0.0,0.0,1,heavy
neutral,1216,-1,1,0.020256,1.4e-05,0.0,0.0,1,heavy
neutral,1217,-1,1,0.030099,-0.009234,0.2732,-1.0,1,heavy
neutral,1218,-1,1,0.483689,0.000602,0.5719,0.0,1,heavy
neutral,1219,-1,1,0.111096,2.7e-05,0.0,0.0,1,heavy
neutral,1221,-1,1,0.165527,0.000219,0.0,1.0,1,heavy
neutral,1223,-1,1,0.566129,0.18012,0.4019,0.0,1,heavy
neutral,1224,-1,1,0.01993,0.945886,0.0,0.0,2,heavy
neutral,1225,-1,1,0.168486,-3.1e-05,0.7579,0.0,1,heavy
neutral,1226,-1,1,0.002013,-5.2e-05,0.0,0.0,1,heavy
neutral,1227,-1,1,0.393054,0.049678,0.6249,0.0,1,heavy
neutral,1229,-1,1,0.235254,-4.3e-05,0.3182,0.0,1,heavy
neutral,1230,-1,1,0.484813,9.6e-05,0.5574,0.0,1,heavy
neutral,1231,-1,1,0.291906,2.7e-05,0.5423,0.0,1,heavy
neutral,1232,-1,1,0.327341,0.0,0.5423,0.0,1,heavy
neutral,1233,-1,1,0.14644,-2.9e-05,0.4404,0.0,1,heavy
neutral,1235,-1,1,0.176015,0.00026,0.3182,0.0,1,heavy
neutral,1236,-1,1,0.185152,0.010924,0.0,0.0,1,heavy
neutral,1237,-1,1,0.174941,4.7e-05,0.0,0.0,1,heavy
neutral,1239,-1,1,0.512078,0.004865,0.6369,-1.0,1,heavy
neutral,1240,-1,1,0.063428,0.990822,0.0,0.0,2,heavy
neutral,1241,-1,1,0.150462,0.001121,0.0,0.0,1,heavy
neutral,1242,-1,1,0.356067,-3.8e-05,0.4019,0.0,1,heavy
neutral,1243,-1,1,0.423475,-0.000286,0.4754,0.0,1,heavy
neutral,1244,-1,1,0.137799,-1e-06,0.1779,0.0,1,heavy
neutral,1246,-1,1,0.666227,0.010719,0.3182,0.0,2,cheap
neutral,1247,-1,1,0.517672,0.000103,0.4215,0.0,1,heavy
neutral,1248,-1,1,-0.105774,-6.4e-05,0.0,0.0,1,heavy
neutral,1249,-1,1,-0.283476,-0.000171,0.0,0.0,1,heavy
neutral,1250,-1,1,0.292116,3.8e-05,0.5859,0.0,1,heavy
neutral,1251,-1,1,0.237667,0.000173,0.0,0.0,1,heavy
neutral,1252,-1,1,0.417925,0.001677,0.34,0.0,1,heavy
neutral,1254,-1,1,0.28166,0.000486,0.4927,0.0,1,heavy
neutral,1255,-1,1,0.072222,-0.000189,0.0772,0.0,1,heavy
neutral,1256,-1,1,0.363585,0.666672,0.2263,0.0,2,heavy
neutral,1257,-1,1,-0.081387,-0.000296,0.0,0.0,1,heavy
neutral,1258,-1,1,0.314955,-7.9e-05,0.4404,0.0,1,heavy
neutral,1259,-1,1,0.374589,0.977248,0.4404,0.0,2,heavy
neutral,1260,-1,1,0.000191,-1.8e-05,0.0,0.0,1,heavy
neutral,1262,-1,1,-0.018279,0.000119,0.0,0.0,1,heavy
neutral,1263,-1,1,0.156513,-1.3e-05,0.2023,0.0,1,heavy
neutral,1264,-1,1,0.515968,0.328853,0.5574,1.0,2,heavy
neutral,1265,-1,1,0.479789,-3e-05,0.3182,0.0,1,heavy
neutral,1266,-1,1,0.086063,-6e-05,0.0,0.0,1,heavy
neutral,1267,-1,1,0.520445,-5.4e-05,0.6249,0.0,1,heavy
neutral,1268,-1,1,0.317465,-5.3e-05,0.2732,0.0,1,heavy
neutral,1269,-1,1,0.21023,0.003779,0.4019,-1.0,1,heavy
neutral,1271,-1,1,-0.020281,-0.000113,0.0,0.0,1,heavy
neutral,1272,-1,1,0.20631,-1.1e-05,0.0,0.0,1,heavy
neutral,1273,-1,1,0.1938,0.000402,0.3612,0.0,1,heavy
neutral,1274,-1,1,-0.003075,0.001798,0.0,0.0,1,heavy
neutral,1275,-1,1,0.23241,-7e-06,0.0,0.0,1,heavy
neutral,1276,-1,1,0.122064,0.001798,0.0,0.0,1,heavy
neutral,1277,-1,1,0.191846,-0.000256,0.4939,0.0,1,heavy
neutral,1278,-1,1,0.03334,-0.000274,0.0,0.0,1,heavy
neutral,1279,-1,1,0.09908,6.3e-05,0.0,0.0,1,heavy
neutral,1280,-1,1,0.346743,4.4e-05,0.3182,0.0,1,heavy
neutral,1281,-1,1,0.19498,-0.000102,0.4019,0.0,1,heavy
neutral,1283,-1,1,0.385534,-0.000621,0.3818,0.0,1,heavy
neutral,1284,-1,1,0.354279,-0.000132,0.4391,0.0,1,heavy
neutral,1285,-1,1,0.307153,-6.8e-05,0.5106,0.0,1,heavy
neutral,1286,-1,1,0.143089,1e-06,0.0,0.0,1,heavy
neutral,1288,-1,1,0.01766,9e-06,0.0,0.0,1,heavy
neutral,1290,-1,1,0.129908,0.000147,0.0,0.0,1,heavy
neutral,1291,-1,1,0.56935,0.000123,0.34,0.0,1,heavy
neutral,1292,-1,1,0.271256,-0.000103,0.4939,0.0,1,heavy
neutral,1293,-1,1,0.57943,0.99942,0.34,1.0,2,heavy
neutral,1295,-1,1,0.396997,-0.000625,0.743,0.0,1,heavy
neutral,1296,-1,1,0.070979,-9.6e-05,0.872,0.0,1,heavy
neutral,1297,-1,1,0.095802,-7.1e-05,0.2732,0.0,1,heavy
neutral,1298,-1,1,0.220399,0.00015,0.4588,0.0,1,heavy
neutral,1299,-1,1,0.446965,-8.2e-05,0.4404,0.0,1,heavy
neutral,1303,-1,1,0.080694,0.009046,0.0,0.0,1,heavy
neutral,1304,-1,1,0.231201,-2.2e-05,0.4767,0.0,1,heavy
neutral,1305,-1,1,0.073627,6e-05,0.25,0.0,1,heavy
neutral,1306,-1,1,0.549066,-2.4e-05,0.5574,0.0,1,heavy
neutral,1308,-1,1,0.206521,0.864434,0.1779,0.0,2,heavy
neutral,1310,-1,1,-0.003939,-7e-05,0.0,0.0,1,heavy
neutral,1311,-1,1,0.175585,-0.000137,0.4019,0.0,1,heavy
neutral,1312,-1,1,0.084771,-8.8e-05,0.0,0.0,1,heavy
neutral,1313,-1,1,-0.05209,-4.7e-05,0.0258,0.0,1,heavy
neutral,1314,-1,1,0.501692,0.9967,0.4939,0.0,2,heavy
neutral,1317,-1,1,0.144314,-5.1e-05,0.0,0.0,1,heavy
neutral,1318,-1,1,0.016693,8.2e-05,0.0,0.0,1,heavy
neutral,1319,-1,1,0.136161,-5.8e-05,0.2263,0.0,1,heavy
neutral,1320,-1,1,0.205872,-0.00011,0.0,0.0,1,heavy
neutral,1321,-1,1,0.088904,0.125455,0.0,0.0,1,heavy
neutral,1324,-1,1,0.104941,6.1e-05,0.0,0.0,1,heavy
neutral,1325,-1,1,0.315963,6.3e-05,0.3818,0.0,1,heavy
neutral,1326,-1,1,0.101135,0.994822,0.0,0.0,2,heavy
neutral,1327,-1,1,0.40811,-0.000103,0.7003,0.0,1,heavy
neutral,1328,-1,1,0.202373,0.006031,0.0,0.0,1,heavy
neutral,1330,-1,1,0.053217,0.009655,0.0,0.0,1,heavy
neutral,1331,-1,1,0.061437,1.2e-05,0.0258,0.0,1,heavy
neutral,1332,-1,1,-0.002448,-2.6e-05,0.0,0.0,1,heavy
neutral,1334,-1,1,0.125069,0.000383,0.5267,0.0,1,heavy
neutral,1335,-1,1,0.225942,0.354232,0.4588,0.0,2,heavy
neutral,1336,-1,1,0.366208,0.228197,0.4019,0.0,1,heavy
neutral,1337,-1,1,0.531557,0.002292,0.6908,0.0,1,heavy
neutral,1338,-1,1,0.432301,0.002495,0.4019,0.0,1,heavy
neutral,1339,-1,1,0.142316,7.7e-05,0.0,0.0,1,heavy
neutral,1340,-1,1,0.051118,9e-06,0.0,0.0,1,heavy
neutral,1341,-1,1,0.371026,0.055251,0.4767,0.0,1,heavy
neutral,1342,-1,1,0.524031,5.6e-05,0.4767,0.0,1,heavy
neutral,1343,-1,1,0.036566,-0.000211,0.0,0.0,1,heavy
neutral,1344,-1,1,-0.007445,-0.000201,0.0,0.0,1,heavy
neutral,1345,-1,1,0.127217,-2e-06,0.0,0.0,1,heavy
neutral,1347,-1,1,0.094318,4e-06,0.0,0.0,1,heavy
neutral,1348,-1,1,0.045566,-2.4e-05,0.0,0.0,1,heavy
neutral,1349,-1,1,0.426413,-4.6e-05,0.6249,0.0,1,heavy
neutral,1350,-1,1,0.189935,-6.7e-05,0.34,0.0,1,heavy
neutral,1351,-1,1,0.312947,0.0001,0.4939,0.0,1,heavy
neutral,1352,-1,1,0.221191,-3.1e-05,0.0,0.0,1,heavy
neutral,1353,-1,1,0.096835,0.007248,0.0,0.0,1,heavy
neutral,1354,-1,1,0.279087,7.4e-05,0.0,0.0,1,heavy
neutral,1355,-1,1,-0.000544,-7e-05,0.0,0.0,1,heavy
neutral,1356,-1,1,0.339587,0.000102,0.3182,0.0,1,heavy
neutral,1357,-1,1,0.035584,-7.3e-05,0.0,0.0,1,heavy
neutral,1358,-1,1,0.108547,2e-06,0.25,0.0,1,heavy
neutral,1359,-1,1,0.210433,1.9e-05,0.2263,0.0,1,heavy
neutral,1360,-1,1,0.038427,3e-06,0.0,0.0,1,heavy
neutral,1361,-1,1,0.015643,-8e-06,0.0,0.0,1,heavy
neutral,1362,-1,1,0.342516,-4.7e-05,0.4767,0.0,1,heavy
neutral,1363,-1,1,0.279576,-6.1e-05,0.3818,0.0,1,heavy
neutral,1364,-1,1,-0.014414,3.5e-05,0.0,0.0,1,heavy
neutral,1365,-1,1,0.22081,3e-05,0.3182,0.0,1,heavy
neutral,1367,-1,1,0.59712,0.003113,0.4939,0.0,1,heavy
neutral,1368,-1,1,-0.071296,-8.8e-05,0.0,0.0,1,heavy
neutral,1370,-1,1,0.181783,0.01061,0.296,0.0,1,heavy
neutral,1371,-1,1,0.111307,5.6e-05,0.0,0.0,1,heavy
neutral,1372,-1,1,0.526294,0.993863,0.5106,0.0,2,heavy
neutral,1373,-1,1,0.101623,0.000194,0.0,1.0,1,heavy
neutral,1374,-1,1,0.133866,1.9e-05,0.296,1.0,1,heavy
neutral,1376,-1,1,0.148007,0.993175,0.0,0.0,2,heavy
neutral,1377,-1,1,0.03559,4.2e-05,0.0,0.0,1,heavy
neutral,1378,-1,1,-0.462644,-0.002203,0.0,0.0,1,heavy
neutral,1379,-1,1,0.104117,-6.9e-05,0.2732,0.0,1,heavy
neutral,1380,-1,1,-0.132152,1e-05,-0.296,0.0,1,heavy
neutral,1381,-1,1,0.273856,4.9e-05,0.4588,0.0,1,heavy
neutral,1382,-1,1,0.040233,1.7e-05,0.0,0.0,1,heavy
neutral,1383,-1,1,0.567197,0.005717,0.4588,0.0,1,heavy
neutral,1384,-1,1,0.05004,4.7e-05,0.0,0.0,1,heavy
neutral,1385,-1,1,0.016543,2.1e-05,0.0,0.0,1,heavy
neutral,1386,-1,1,0.209339,7.3e-05,0.6369,0.0,1,heavy
neutral,1387,-1,1,0.176171,-4.3e-05,0.6808,0.0,1,heavy
neutral,1388,-1,1,0.189987,-0.000143,0.2023,0.0,1,heavy
neutral,1389,-1,1,0.510685,-0.000124,0.8555,0.0,1,heavy
neutral,1390,-1,1,0.036645,2.4e-05,0.0,0.0,1,heavy
neutral,1391,-1,1,0.028525,-4.4e-05,0.0,0.0,1,heavy
neutral,1392,-1,1,0.020336,0.001095,0.0,0.0,1,heavy
neutral,1393,-1,1,-0.000345,-0.000139,0.0,0.0,1,heavy
neutral,1394,-1,1,-0.017193,-0.000121,0.0,0.0,1,heavy
neutral,1395,-1,1,0.454943,-5.6e-05,0.5574,0.0,1,heavy
neutral,1396,-1,1,0.288926,-6.5e-05,0.4576,0.0,1,heavy
neutral,1397,-1,1,0.241976,-0.000137,0.6361,0.0,1,heavy
neutral,1398,-1,1,0.099507,5.8e-05,0.296,0.0,1,heavy
neutral,1399,-1,1,0.329337,-5.2e-05,0.4019,1.0,1,heavy
neutral,1400,-1,1,0.174868,0.983903,0.0,0.0,2,heavy
neutral,1401,-1,1,0.351518,0.000592,0.5719,0.0,1,heavy
neutral,1402,-1,1,0.330888,0.838652,0.4404,0.0,2,heavy
neutral,1403,-1,1,0.626168,0.000152,0.5859,0.0,2,cheap
neutral,1404,-1,1,0.135414,-9.8e-05,0.4215,0.0,1,heavy
neutral,1405,-1,1,0.10357,-2.5e-05,0.0,0.0,1,heavy
neutral,1406,-1,1,0.057773,-0.000232,0.0,0.0,1,heavy
neutral,1407,-1,1,0.092985,0.000108,0.0,0.0,1,heavy
neutral,1408,-1,1,0.140881,0.000812,0.1531,0.0,1,heavy
neutral,1410,-1,1,0.087997,0.112113,0.0,0.0,1,heavy
neutral,1411,-1,1,0.207083,-0.000339,0.3182,0.0,1,heavy
neutral,1412,-1,1,0.033483,0.000206,0.0,0.0,1,heavy
neutral,1413,-1,1,-0.095018,-5e-05,0.0,0.0,1,heavy
neutral,1414,-1,1,0.104319,3.6e-05,0.0,0.0,1,heavy
neutral,1415,-1,1,0.043979,-3.6e-05,0.0,0.0,1,heavy
neutral,1416,-1,1,0.061271,-3.6e-05,0.0,0.0,1,heavy
neutral,1417,-1,1,0.05953,0.00032,0.0,0.0,1,heavy
neutral,1418,-1,1,0.210466,6.5e-05,0.2263,0.0,1,heavy
neutral,1419,-1,1,0.194401,2.2e-05,0.0,0.0,1,heavy
neutral,1420,-1,1,0.124301,-4.3e-05,0.3182,0.0,1,heavy
neutral,1421,-1,1,0.284834,7.4e-05,0.4939,0.0,1,heavy
neutral,1422,-1,1,0.125646,-0.001023,0.5267,-1.0,1,heavy
neutral,1423,-1,1,0.051445,7.2e-05,0.296,0.0,1,heavy
neutral,1424,-1,1,0.111251,-1.2e-05,0.5267,0.0,1,heavy
neutral,1425,-1,1,0.415897,0.005488,0.6705,0.0,1,heavy
neutral,1428,-1,1,0.573956,0.000723,0.765,0.0,1,heavy
neutral,1429,-1,1,0.298107,-2.8e-05,0.4019,0.0,1,heavy
neutral,1430,-1,1,0.23064,2.1e-05,0.3182,0.0,1,heavy
neutral,1431,-1,1,0.244078,0.01855,0.6962,0.0,1,heavy
neutral,1432,-1,1,0.174509,0.000108,0.6801,0.0,1,heavy
neutral,1433,-1,1,0.218048,0.000934,0.4939,0.0,1,heavy
neutral,1435,-1,1,0.124472,0.000262,0.0,0.0,1,heavy
neutral,1436,-1,1,0.093007,-4.4e-05,0.0,0.0,1,heavy
neutral,1437,-1,1,-0.000551,-0.000299,0.0,0.0,1,heavy
neutral,1438,-1,1,-0.026205,0.000122,0.0,0.0,1,heavy
neutral,1439,-1,1,0.096145,3e-06,0.2732,0.0,1,heavy
neutral,1440,-1,1,0.464118,0.991493,0.2732,0.0,2,heavy
neutral,1441,-1,1,0.374514,-3.4e-05,0.6486,0.0,1,heavy
neutral,1443,-1,1,0.011641,-4e-06,0.0,0.0,1,heavy
neutral,1444,-1,1,-0.191633,-0.000108,0.0,0.0,1,heavy
neutral,1445,-1,1,0.260607,-2e-05,0.0,0.0,1,heavy
neutral,1446,-1,1,0.164225,0.001584,0.0,0.0,1,heavy
neutral,1449,-1,1,0.216186,-4.1e-05,0.2732,0.0,1,heavy
neutral,1450,-1,1,-0.225082,-8.3e-05,0.0,0.0,1,heavy
neutral,1451,-1,1,0.033669,-6.8e-05,0.0,0.0,1,heavy
neutral,1452,-1,1,0.005029,0.001177,0.0,0.0,1,heavy
neutral,1453,-1,1,0.535345,0.570569,0.6908,0.0,2,heavy
neutral,1455,-1,1,0.065476,0.000405,0.0,0.0,1,heavy
neutral,1456,-1,1,0.166229,-6e-05,0.3612,0.0,1,heavy
neutral,1457,-1,1,0.076491,0.785172,0.0,0.0,2,heavy
neutral,1458,-1,1,-0.044876,0.009056,-0.1027,0.0,1,heavy
neutral,1459,-1,1,0.610682,-0.001213,0.5267,1.0,2,cheap
neutral,1460,-1,1,0.314879,-8e-06,0.5423,0.0,1,heavy
neutral,1461,-1,1,0.481865,0.009774,0.7177,0.0,1,heavy
neutral,1462,-1,1,0.395311,-3.9e-05,0.4767,0.0,1,heavy
neutral,1463,-1,1,0.69911,-0.000132,0.7906,1.0,2,cheap
neutral,1464,-1,1,0.483127,0.998124,0.296,0.0,2,heavy
neutral,1466,-1,1,0.054635,0.654775,0.0,0.0,2,heavy
neutral,1467,-1,1,0.350249,0.000931,0.5719,0.0,1,heavy
neutral,1468,-1,1,-0.091626,-4.7e-05,-0.2732,0.0,1,heavy
neutral,1470,-1,1,0.267044,0.000734,0.4019,0.0,1,heavy
neutral,1471,-1,1,-0.026435,-0.000256,0.0,0.0,1,heavy
neutral,1472,-1,1,0.207346,-8.1e-05,0.0,0.0,1,heavy
neutral,1473,-1,1,0.201913,-5.6e-05,0.0,0.0,1,heavy
neutral,1474,-1,1,0.3985,0.000644,0.6731,0.0,1,heavy
neutral,1475,-1,1,0.690395,0.000138,0.6486,0.0,2,cheap
neutral,1476,-1,1,0.291377,0.000787,0.4588,0.0,1,heavy
neutral,1478,-1,1,0.004981,-3.3e-05,0.2023,0.0,1,heavy
neutral,1480,-1,1,0.400817,-0.000508,0.5106,0.0,1,heavy
neutral,1481,-1,1,0.304273,-3.4e-05,0.4019,0.0,1,heavy
neutral,1483,-1,1,0.524196,0.000509,0.5859,0.0,1,heavy
neutral,1485,-1,1,0.239055,1.2e-05,0.2716,0.0,1,heavy
neutral,1486,-1,1,0.000227,-7.7e-05,0.0,0.0,1,heavy
neutral,1487,-1,1,0.502123,-9.4e-05,0.5859,1.0,1,heavy
neutral,1488,-1,1,0.028581,0.823414,0.0,0.0,2,heavy
neutral,1489,-1,1,-0.371128,-6.4e-05,-0.4278,-1.0,1,heavy
neutral,1490,-1,1,0.031642,0.000152,0.0,0.0,1,heavy
neutral,1492,-1,1,0.066431,5.9e-05,0.0,0.0,1,heavy
neutral,1494,-1,1,0.13528,4.7e-05,0.4019,0.0,1,heavy
neutral,1495,-1,1,0.157703,-8.6e-05,0.0,0.0,1,heavy
neutral,1497,-1,1,0.183674,0.026674,0.3818,0.0,1,heavy
neutral,1498,-1,1,0.179083,-5.2e-05,0.2023,0.0,1,heavy
neutral,1499,-1,1,-0.015344,-0.000384,0.0,0.0,1,heavy
neutral,1500,-1,1,0.012293,-0.000161,0.0,0.0,1,heavy
neutral,1501,-1,1,0.474049,-0.000557,0.3818,0.0,1,heavy
neutral,1503,-1,1,0.119971,1.4e-05,0.5267,0.0,1,heavy
neutral,1504,-1,1,-0.163307,0.000834,-0.3818,0.0,1,heavy
neutral,1505,-1,1,0.129192,-1.4e-05,0.2732,0.0,1,heavy
neutral,1506,-1,1,0.564334,-4e-06,0.5106,1.0,1,heavy
neutral,1507,-1,1,0.289162,1.3e-05,0.3182,0.0,1,heavy
neutral,1508,-1,1,0.184904,0.000365,0.3182,0.0,1,heavy
neutral,1509,-1,1,0.297929,-3.2e-05,0.1779,0.0,1,heavy
neutral,1510,-1,1,-0.11569,-6e-06,0.0,0.0,1,heavy
neutral,1511,-1,1,0.024834,7.1e-05,0.0,0.0,1,heavy
neutral,1513,-1,1,0.016043,0.000202,0.0,0.0,1,heavy
neutral,1514,-1,1,0.089731,-0.000245,0.0,0.0,1,heavy
neutral,1515,-1,1,-0.039282,1e-05,0.0,0.0,1,heavy
neutral,1516,-1,1,0.139358,-4e-05,0.0,0.0,1,heavy
neutral,1517,-1,1,0.247946,0.00043,0.296,0.0,1,heavy
neutral,1518,-1,1,0.620594,0.991513,0.7269,0.0,2,cheap
neutral,1519,-1,1,0.401595,-6.9e-05,0.6369,0.0,1,heavy
neutral,1520,-1,1,0.188197,1e-06,0.0,0.0,1,heavy
neutral,1521,-1,1,0.180816,-7.7e-05,0.0,0.0,1,heavy
neutral,1522,-1,1,0.006653,0.001693,0.0,0.0,1,heavy
neutral,1523,-1,1,-0.083654,0.000101,0.0,-1.0,1,heavy
neutral,1526,-1,1,-0.162079,-0.986635,0.0,-1.0,0,heavy
neutral,1527,-1,1,0.029258,7.9e-05,0.0,0.0,1,heavy
neutral,1528,-1,1,0.379837,6.7e-05,0.4767,0.0,1,heavy
neutral,1529,-1,1,0.068115,-0.000112,0.0,0.0,1,heavy
neutral,1530,-1,1,0.067045,0.006494,0.0,-1.0,1,heavy
neutral,1532,-1,1,0.320851,-0.000105,0.4215,0.0,1,heavy
neutral,1533,-1,1,0.377263,-9e-05,0.6369,0.0,1,heavy
neutral,1534,-1,1,-0.037464,-0.0001,0.0,0.0,1,heavy
neutral,1535,-1,1,0.187915,0.000582,0.6808,0.0,1,heavy
neutral,1536,-1,1,0.371084,0.000296,0.0,0.0,1,heavy
neutral,1537,-1,1,0.068534,0.003885,0.25,0.0,1,heavy
neutral,1538,-1,1,0.493009,0.001001,0.8204,0.0,1,heavy
neutral,1539,-1,1,0.43275,0.000226,0.4754,0.0,1,heavy
neutral,1541,-1,1,0.116155,-0.00013,0.5267,0.0,1,heavy
neutral,1542,-1,1,-0.016623,0.002678,0.0,0.0,1,heavy
neutral,1543,-1,1,0.648189,0.023351,0.765,0.0,2,cheap
neutral,1544,-1,1,0.456579,4e-05,0.6124,0.0,1,heavy
neutral,1545,-1,1,-0.236845,0.0004,0.0,0.0,1,heavy
neutral,1547,-1,1,0.184578,-7.3e-05,0.2023,0.0,1,heavy
neutral,1548,-1,1,0.061857,0.001409,0.0,0.0,1,heavy
neutral,1549,-1,1,0.051855,5.8e-05,0.0,0.0,1,heavy
neutral,1550,-1,1,0.119362,-0.000139,0.0,0.0,1,heavy
neutral,1551,-1,1,0.29765,0.000373,0.25,0.0,1,heavy
neutral,1552,-1,1,0.384548,-0.000135,0.6808,0.0,1,heavy
neutral,1553,-1,1,0.209813,-0.000203,0.4927,0.0,1,heavy
neutral,1555,-1,1,0.068364,-0.000117,0.0,0.0,1,heavy
neutral,1556,-1,1,0.072517,-6e-05,0.0,0.0,1,heavy
neutral,1557,-1,1,-0.044699,-6.4e-05,0.0,0.0,1,heavy
neutral,1558,-1,1,0.092163,0.985371,0.0,0.0,2,heavy
neutral,1559,-1,1,0.057425,-0.000179,0.2023,0.0,1,heavy
neutral,1560,-1,1,0.043376,-8.9e-05,0.0,0.0,1,heavy
neutral,1561,-1,1,0.534553,-2.5e-05,0.6486,0.0,1,heavy
neutral,1562,-1,1,0.479995,-9.2e-05,0.4522,0.0,1,heavy
neutral,1563,-1,1,0.220315,0.000475,0.3182,0.0,1,heavy
neutral,1564,-1,1,0.333799,0.006356,0.0,0.0,1,heavy
neutral,1565,-1,1,0.176908,0.000414,0.3182,0.0,1,heavy
neutral,1566,-1,1,0.343536,-3.9e-05,0.2732,0.0,1,heavy
neutral,1568,-1,1,0.173802,-9.1e-05,0.0,0.0,1,heavy
neutral,1569,-1,1,0.111156,-0.000107,0.872,0.0,1,heavy
neutral,1572,-1,1,0.398704,0.00038,0.6249,0.0,1,heavy
neutral,1573,-1,1,0.461338,-0.000131,0.4019,0.0,1,heavy
neutral,1574,-1,1,0.14164,-8.2e-05,0.0,0.0,1,heavy
neutral,1575,-1,1,0.184351,1.8e-05,0.4019,0.0,1,heavy
neutral,1576,-1,1,0.012783,3.2e-05,0.0,0.0,1,heavy
neutral,1577,-1,1,0.093213,8.7e-05,0.3818,0.0,1,heavy
neutral,1578,-1,1,0.164083,6.9e-05,0.3818,0.0,1,heavy
neutral,1579,-1,1,0.131482,8.7e-05,0.3818,0.0,1,heavy
neutral,1580,-1,1,0.085102,1.5e-05,0.3818,0.0,1,heavy
neutral,1581,-1,1,0.152775,5.7e-05,0.3818,0.0,1,heavy
neutral,1582,-1,1,0.136621,5.8e-05,0.3818,0.0,1,heavy
neutral,1583,-1,1,0.079537,-1.6e-05,0.5267,0.0,1,heavy
neutral,1584,-1,1,0.25678,0.000216,0.3612,0.0,1,heavy
neutral,1585,-1,1,0.044453,-3.6e-05,0.0,0.0,1,heavy
neutral,1586,-1,1,0.325223,-2.3e-05,0.0,0.0,1,heavy
neutral,1587,-1,1,0.16108,0.992411,0.0,0.0,2,heavy
neutral,1589,-1,1,0.025989,-4e-05,0.0,0.0,1,heavy
neutral,1590,-1,1,0.729513,0.006288,0.7579,0.0,2,cheap
neutral,1591,-1,1,0.592625,-0.000227,0.3182,0.0,1,heavy
neutral,1592,-1,1,0.280112,-0.000131,0.3182,0.0,1,heavy
neutral,1593,-1,1,0.608182,0.000168,0.4404,0.0,2,cheap
neutral,1594,-1,1,0.301773,-0.000586,0.4767,0.0,1,heavy
neutral,1595,-1,1,0.395047,0.0002,0.6249,0.0,1,heavy
neutral,1596,-1,1,0.207163,0.000758,0.3612,0.0,1,heavy
neutral,1597,-1,1,0.453747,0.000494,0.4404,-1.0,1,heavy
neutral,1598,-1,1,-0.004721,-9.8e-05,0.0,0.0,1,heavy
neutral,1599,-1,1,0.476475,5.3e-05,0.7906,0.0,1,heavy
neutral,1600,-1,1,0.042293,-0.000252,0.128,0.0,1,heavy
neutral,1601,-1,1,0.581775,-7.5e-05,0.7346,0.0,1,heavy
neutral,1603,-1,1,0.005708,4.1e-05,0.0,0.0,1,heavy
neutral,1605,-1,1,0.165024,5e-06,0.1779,0.0,1,heavy
neutral,1606,-1,1,0.189849,0.954613,0.6124,0.0,2,heavy
neutral,1607,-1,1,0.21731,0.000217,0.4215,0.0,1,heavy
neutral,1609,-1,1,0.055583,0.000213,0.0,0.0,1,heavy
neutral,1610,-1,1,0.215136,0.000111,0.7351,0.0,1,heavy
neutral,1611,-1,1,0.082552,-0.003256,0.296,-1.0,1,heavy
neutral,1612,-1,1,0.311071,5.8e-05,0.5859,0.0,1,heavy
neutral,1613,-1,1,0.120675,-1.2e-05,0.25,0.0,1,heavy
neutral,1614,-1,1,-0.403646,-6e-06,-0.4215,0.0,1,heavy
neutral,1615,-1,1,0.155778,0.000102,0.3818,0.0,1,heavy
neutral,1616,-1,1,0.231503,3e-06,0.5106,0.0,1,heavy
neutral,1617,-1,1,-0.025877,6.6e-05,0.0,0.0,1,heavy
neutral,1619,-1,1,0.423444,0.000176,0.6249,0.0,1,heavy
neutral,1620,-1,1,0.404868,-1.5e-05,0.3818,0.0,1,heavy
neutral,1621,-1,1,-0.030645,-5.7e-05,0.0,0.0,1,heavy
neutral,1622,-1,1,0.020001,0.000302,0.0,0.0,1,heavy
neutral,1623,-1,1,0.13469,-1.6e-05,0.0,0.0,1,heavy
neutral,1624,-1,1,0.078312,5e-05,0.0,0.0,1,heavy
neutral,1625,-1,1,0.407175,-2.9e-05,0.4019,0.0,1,heavy
neutral,1626,-1,1,-0.195451,-0.000146,0.0,-1.0,1,heavy
neutral,1627,-1,1,0.042575,7.7e-05,0.4215,0.0,1,heavy
neutral,1629,-1,1,0.088968,-6e-06,0.2263,0.0,1,heavy
neutral,1630,-1,1,-0.028937,-5.2e-05,0.0,0.0,1,heavy
neutral,1631,-1,1,-0.023225,-0.000113,0.0,0.0,1,heavy
neutral,1632,-1,1,-0.043196,-7.7e-05,0.0,0.0,1,heavy
neutral,1633,-1,1,0.163421,0.000179,0.3612,0.0,1,heavy
neutral,1634,-1,1,0.286036,0.000267,0.0,0.0,1,heavy
neutral,1635,-1,1,0.08321,0.000162,0.2263,0.0,1,heavy
neutral,1636,-1,1,0.324732,-6e-05,0.3818,0.0,1,heavy
neutral,1637,-1,1,0.142704,-0.000121,0.2716,0.0,1,heavy
neutral,1639,-1,1,0.150059,0.011049,0.0,0.0,1,heavy
neutral,1640,-1,1,0.093735,-2.6e-05,0.2732,0.0,1,heavy
neutral,1641,-1,1,0.11781,-0.000214,0.3384,0.0,1,heavy
neutral,1642,-1,1,0.28958,0.000481,0.4404,0.0,1,heavy
neutral,1643,-1,1,0.142336,0.000186,0.4404,0.0,1,heavy
neutral,1644,-1,1,0.146938,0.000186,0.2263,0.0,1,heavy
neutral,1645,-1,1,0.154081,5.8e-05,0.4019,0.0,1,heavy
neutral,1646,-1,1,0.149511,5e-06,0.1779,0.0,1,heavy
neutral,1647,-1,1,0.285352,0.16622,0.7184,-1.0,1,heavy
neutral,1649,-1,1,0.066153,2.2e-05,0.0,0.0,1,heavy
neutral,1650,-1,1,0.279281,0.000103,0.7184,1.0,1,heavy
neutral,1651,-1,1,0.053743,0.000404,0.0,1.0,1,heavy
neutral,1652,-1,1,0.375281,0.083929,0.3818,0.0,1,heavy
neutral,1653,-1,1,-0.024145,-3.3e-05,0.0,0.0,1,heavy
neutral,1655,-1,1,0.046977,-0.00038,0.1531,0.0,1,heavy
neutral,1656,-1,1,0.47515,0.000129,0.6705,0.0,1,heavy
neutral,1657,-1,1,0.329087,0.020608,0.0,0.0,1,heavy
neutral,1659,-1,1,-0.111462,-7.3e-05,0.0,0.0,1,heavy
neutral,1660,-1,1,-0.008764,0.00061,0.0,0.0,1,heavy
neutral,1661,-1,1,0.09515,-6.2e-05,0.4404,0.0,1,heavy
neutral,1662,-1,1,0.112937,-5e-06,0.4404,0.0,1,heavy
neutral,1663,-1,1,0.268485,0.000831,0.296,0.0,1,heavy
neutral,1664,-1,1,0.050901,1.7e-05,0.0,0.0,1,heavy
neutral,1665,-1,1,0.294083,-0.000101,0.0,0.0,1,heavy
neutral,1667,-1,1,0.065387,-0.000114,0.3182,0.0,1,heavy
neutral,1668,-1,1,0.07772,-7.8e-05,0.0,0.0,1,heavy
neutral,1669,-1,1,0.309051,-2.3e-05,0.2716,0.0,1,heavy
neutral,1671,-1,1,0.156114,8e-05,0.0,0.0,1,heavy
neutral,1672,-1,1,0.287161,-6.3e-05,0.4939,0.0,1,heavy
neutral,1673,-1,1,0.723095,0.013367,0.5719,0.0,2,cheap
neutral,1674,-1,1,0.066502,3.9e-05,0.0,0.0,1,heavy
neutral,1675,-1,1,0.000563,6.9e-05,0.0,0.0,1,heavy
neutral,1676,-1,1,0.474777,0.000271,0.5859,0.0,1,heavy
neutral,1677,-1,1,0.164741,0.999156,0.0,0.0,2,heavy
neutral,1678,-1,1,0.546396,0.0031,0.5106,1.0,1,heavy
neutral,1679,-1,1,-0.103207,-0.000255,0.0,0.0,1,heavy
neutral,1680,-1,1,0.402957,0.386233,0.2732,0.0,2,heavy
neutral,1681,-1,1,0.485748,0.001844,0.2732,0.0,1,heavy
neutral,1682,-1,1,0.030903,-0.000198,0.0,0.0,1,heavy
neutral,1683,-1,1,0.082765,8e-06,0.296,0.0,1,heavy
neutral,1684,-1,1,0.188595,0.999243,0.34,0.0,2,heavy
neutral,1688,-1,1,0.213305,-0.000209,0.4404,0.0,1,heavy
neutral,1689,-1,1,0.207329,0.042891,0.2023,0.0,1,heavy
neutral,1692,-1,1,0.12061,3.5e-05,0.3818,0.0,1,heavy
neutral,1693,-1,1,0.156354,9e-06,0.3818,0.0,1,heavy
neutral,1694,-1,1,0.042194,-0.000181,0.0,0.0,1,heavy
neutral,1695,-1,1,0.28594,-0.000271,0.34,0.0,1,heavy
neutral,1696,-1,1,0.218429,4.6e-05,0.6486,0.0,1,heavy
neutral,1697,-1,1,0.030935,6.9e-05,0.0,0.0,1,heavy
neutral,1699,-1,1,0.19929,0.032007,0.0,0.0,1,heavy
neutral,1701,-1,1,0.17781,0.000182,0.2732,0.0,1,heavy
neutral,1702,-1,1,-0.014156,0.516657,0.0,0.0,2,heavy
neutral,1704,-1,1,0.212446,0.000354,0.3182,0.0,1,heavy
neutral,1719,-1,1,0.681584,0.00622,0.9081,0.0,2,cheap
neutral,1746,-1,1,0.589281,0.000793,0.4767,0.0,1,heavy
neutral,1754,-1,1,0.525637,0.159762,0.7351,0.0,1,heavy
neutral,1760,-1,1,0.466735,0.000164,0.765,1.0,1,heavy
neutral,1764,-1,1,0.410865,7.1e-05,0.5423,0.0,1,heavy
neutral,1770,-1,1,0.679197,0.052453,0.5994,0.0,2,cheap
neutral,1772,-1,1,0.664922,0.007776,0.8074,1.0,2,cheap
neutral,1794,-1,1,0.283954,-8.5e-05,0.4019,0.0,1,heavy
neutral,1795,-1,1,0.134091,0.000406,0.3818,0.0,1,heavy
neutral,1796,-1,1,0.233331,-7.4e-05,0.4404,0.0,1,heavy
neutral,1801,-1,1,0.298161,-7.9e-05,0.5106,0.0,1,heavy
neutral,1802,-1,1,-0.128515,-0.000874,0.0,0.0,1,heavy
neutral,1803,-1,1,0.187583,-0.00071,0.4019,0.0,1,heavy
neutral,1805,-1,1,0.264743,0.104571,0.6369,0.0,1,heavy
neutral,1806,-1,1,0.801027,0.001409,0.7003,0.0,2,cheap
neutral,1807,-1,1,0.246848,0.031382,0.3612,0.0,1,heavy
neutral,1808,-1,1,0.343116,-2.1e-05,0.5994,0.0,1,heavy
neutral,1809,-1,1,0.535942,-0.000121,0.5859,0.0,1,heavy
neutral,1810,-1,1,-0.082061,-0.000115,0.3818,0.0,1,heavy
neutral,1812,-1,1,0.458785,-9e-05,0.7003,1.0,1,heavy
neutral,1814,-1,1,0.301342,0.001071,0.4019,0.0,1,heavy
neutral,1815,-1,1,0.167727,0.001021,0.2732,0.0,1,heavy
neutral,1817,-1,1,0.731607,0.000404,0.8979,0.0,2,cheap
neutral,1818,-1,1,0.167558,-8e-05,0.4404,0.0,1,heavy
neutral,1819,-1,1,-0.018454,0.001515,0.0,0.0,1,heavy
neutral,1820,-1,1,-0.031965,0.000127,0.0,0.0,1,heavy
neutral,1821,-1,1,0.71409,0.244252,0.872,0.0,2,cheap
neutral,1822,-1,1,0.558197,1.3e-05,0.5859,0.0,1,heavy
neutral,1824,-1,1,0.06041,0.997166,0.0,0.0,2,heavy
neutral,1827,-1,1,0.452991,-2.3e-05,0.4588,0.0,1,heavy
neutral,1828,-1,1,0.659241,2.9e-05,0.6486,0.0,2,cheap
neutral,1829,-1,1,0.452328,0.000153,0.765,0.0,1,heavy
neutral,1830,-1,1,0.09788,-0.000118,0.0,0.0,1,heavy
neutral,1831,-1,1,0.134526,8.5e-05,0.4019,0.0,1,heavy
neutral,1833,-1,1,0.373811,2.4e-05,0.4767,0.0,1,heavy
neutral,1834,-1,1,0.172937,-4.6e-05,0.4019,0.0,1,heavy
neutral,1836,-1,1,0.010495,-0.000348,0.0,0.0,1,heavy
neutral,1837,-1,1,0.140401,0.000238,0.0,0.0,1,heavy
neutral,1838,-1,1,0.689854,-7.5e-05,0.6808,0.0,2,cheap
neutral,1839,-1,1,0.422994,0.000283,0.4215,1.0,1,heavy
neutral,1840,-1,1,0.224744,-0.000107,0.5859,0.0,1,heavy
neutral,1843,-1,1,0.394821,-1.5e-05,0.3612,0.0,1,heavy
neutral,1844,-1,1,-0.163971,-0.000101,0.0,-1.0,1,heavy
neutral,1845,-1,1,0.247639,0.000101,0.3182,0.0,1,heavy
neutral,1846,-1,1,0.37139,-0.00042,0.4404,0.0,1,heavy
neutral,1848,-1,1,0.038551,0.000299,0.0,0.0,1,heavy
neutral,1850,-1,1,0.574189,0.003506,0.6597,0.0,1,heavy
neutral,1853,-1,1,0.64503,0.000564,0.5574,0.0,2,cheap
neutral,1855,-1,1,0.200246,0.000711,0.5859,0.0,1,heavy
neutral,1856,-1,1,0.261429,-0.000109,0.34,0.0,1,heavy
neutral,1857,-1,1,0.667553,6.8e-05,0.8779,1.0,2,cheap
neutral,1858,-1,1,-0.045495,0.000441,0.0,0.0,1,heavy
neutral,1859,-1,1,0.455677,6.8e-05,0.7351,0.0,1,heavy
neutral,1861,-1,1,-0.092743,-1.4e-05,0.0,0.0,1,heavy
neutral,1862,-1,1,0.604775,0.000673,0.5574,0.0,2,cheap
neutral,1863,-1,1,0.095759,-5.6e-05,0.3182,0.0,1,heavy
neutral,1865,-1,1,0.562216,0.004207,0.6908,0.0,1,heavy
neutral,1866,-1,1,0.057366,-3.8e-05,0.0,0.0,1,heavy
neutral,1868,-1,1,-0.005424,8e-05,0.0,0.0,1,heavy
neutral,1869,-1,1,0.417093,-6.4e-05,0.4019,0.0,1,heavy
neutral,1870,-1,1,0.19234,-8.6e-05,0.0,0.0,1,heavy
neutral,1871,-1,1,0.028755,-5.1e-05,0.2023,0.0,1,heavy
neutral,1872,-1,1,0.164012,0.001337,0.25,0.0,1,heavy
neutral,1873,-1,1,0.176597,0.000523,0.4767,0.0,1,heavy
neutral,1874,-1,1,0.166854,-4e-06,0.2023,0.0,1,heavy
neutral,1877,-1,1,0.836402,0.002979,0.7096,0.0,2,cheap
neutral,1879,-1,1,0.472334,-9e-06,0.6369,0.0,1,heavy
neutral,1880,-1,1,0.241866,-0.000221,0.5106,0.0,1,heavy
neutral,1884,-1,1,0.457265,-0.000155,0.7506,0.0,1,heavy
neutral,1885,-1,1,0.495995,0.000394,0.3612,0.0,1,heavy
neutral,1886,-1,1,0.25241,-9.3e-05,0.5106,0.0,1,heavy
neutral,1889,-1,1,0.046276,-1.2e-05,0.0,0.0,1,heavy
neutral,1890,-1,1,0.62112,-5e-05,0.8126,0.0,2,cheap
neutral,1891,-1,1,0.058554,0.94709,0.128,0.0,2,heavy
neutral,1892,-1,1,0.801455,-0.000222,0.765,0.0,2,cheap
neutral,1893,-1,1,0.136978,-5e-05,0.0,0.0,1,heavy
neutral,1895,-1,1,0.562137,0.855379,0.6597,0.0,2,heavy
neutral,1896,-1,1,0.135654,-8.8e-05,0.4019,0.0,1,heavy
neutral,1897,-1,1,0.146866,3.8e-05,0.296,0.0,1,heavy
neutral,1898,-1,1,0.603987,9.6e-05,0.6249,1.0,2,cheap
neutral,1899,-1,1,0.562719,8.7e-05,0.4404,0.0,1,heavy
neutral,1900,-1,1,0.781906,0.000858,0.5994,0.0,2,cheap
neutral,1901,-1,1,0.485942,-3e-05,0.4754,0.0,1,heavy
neutral,1902,-1,1,0.483359,0.404945,0.7003,0.0,2,heavy
neutral,1903,-1,1,0.36465,0.000437,0.5574,0.0,1,heavy
neutral,1904,-1,1,0.645819,0.99828,0.7506,0.0,2,cheap
neutral,1906,-1,1,0.357337,-0.000135,0.5574,0.0,1,heavy
neutral,1907,-1,1,0.314815,-3.9e-05,0.4019,0.0,1,heavy
neutral,1908,-1,1,0.020825,-0.000158,0.0,0.0,1,heavy
neutral,1909,-1,1,0.435112,0.000136,0.7717,0.0,1,heavy
neutral,1910,-1,1,0.355687,4.2e-05,0.5106,0.0,1,heavy
neutral,1911,-1,1,0.4098,0.005435,0.3182,0.0,1,heavy
neutral,1912,-1,1,0.434599,0.001041,0.4404,0.0,1,heavy
neutral,1913,-1,1,0.028222,-8.3e-05,0.0,0.0,1,heavy
neutral,1917,-1,1,0.137054,0.000158,0.0,0.0,1,heavy
neutral,1918,-1,1,0.054234,-0.00019,0.0,0.0,1,heavy
neutral,1920,-1,1,0.026767,0.000325,0.0,0.0,1,heavy
neutral,1922,-1,1,0.370556,9.1e-05,0.4939,0.0,1,heavy
neutral,1923,-1,1,0.44471,-0.000153,0.7346,0.0,1,heavy
neutral,1924,-1,1,0.272676,-4.5e-05,0.34,0.0,1,heavy
neutral,1925,-1,1,0.329238,0.015837,0.4404,0.0,1,heavy
neutral,1927,-1,1,0.018051,0.185769,0.0,0.0,1,heavy
neutral,1928,-1,1,0.292504,4.8e-05,0.7184,0.0,1,heavy
neutral,1929,-1,1,0.020855,-0.000596,0.0,0.0,1,heavy
neutral,1930,-1,1,0.447055,7.2e-05,0.4939,0.0,1,heavy
neutral,1931,-1,1,0.398169,0.000405,0.5423,0.0,1,heavy
neutral,1932,-1,1,0.598875,0.999752,0.802,0.0,2,heavy
neutral,1933,-1,1,0.194047,0.000144,0.0,0.0,1,heavy
neutral,1934,-1,1,0.316712,0.00646,0.7096,-1.0,1,heavy
neutral,1942,-1,1,0.154105,-6e-05,0.3519,0.0,1,heavy
neutral,1955,-1,1,-0.465488,-7.3e-05,-0.8074,0.0,1,heavy
neutral,1956,-1,1,0.788461,0.000145,0.9216,0.0,2,cheap
neutral,1957,-1,1,0.39893,0.017816,0.4767,0.0,1,heavy
neutral,1958,-1,1,0.364653,0.477908,0.4215,0.0,2,heavy
neutral,1959,-1,1,-0.292134,-8.7e-05,-0.6597,0.0,1,heavy
neutral,1961,-1,1,0.528618,-4.7e-05,0.5719,1.0,1,heavy
neutral,1963,-1,1,0.47963,0.982136,0.7184,0.0,2,heavy
neutral,1964,-1,1,-0.150039,-8.9e-05,0.0,0.0,1,heavy
neutral,1966,-1,1,-0.275828,9.4e-05,-0.296,0.0,1,heavy
neutral,1967,-1,1,0.207536,-4.1e-05,0.1779,0.0,1,heavy
neutral,1968,-1,1,0.204526,-0.000128,0.3818,0.0,1,heavy
neutral,1970,-1,1,0.060809,-3e-05,0.0516,0.0,1,heavy
neutral,1971,-1,1,-0.293154,-1e-05,-0.5267,0.0,1,heavy
neutral,1973,-1,1,-0.034504,-0.00099,0.0516,0.0,1,heavy
neutral,1974,-1,1,-0.00399,-0.011108,0.0,0.0,1,heavy
neutral,1976,-1,1,-0.372768,-6.5e-05,-0.6597,0.0,1,heavy
neutral,1978,-1,1,0.078929,-0.000151,0.0516,0.0,1,heavy
neutral,1979,-1,1,0.138808,0.020008,0.0,0.0,1,heavy
neutral,1980,-1,1,-0.093407,0.000199,0.0,0.0,1,heavy
neutral,1981,-1,1,-0.083124,-0.000171,0.0,0.0,1,heavy
neutral,1983,-1,1,-0.414562,0.010501,-0.1779,1.0,1,heavy
neutral,1984,-1,1,-0.130567,-3.1e-05,-0.4767,0.0,1,heavy
neutral,1985,-1,1,-0.051337,0.003156,-0.4767,1.0,1,heavy
neutral,1987,-1,1,0.360853,0.000101,0.0,0.0,1,heavy
neutral,1996,-1,1,-0.218541,0.00061,0.5423,0.0,1,heavy
neutral,2005,-1,1,0.117279,-0.000122,0.0,0.0,1,heavy
neutral,2007,-1,1,0.103483,-2.4e-05,0.0,0.0,1,heavy
neutral,2009,-1,1,0.00073,-3e-05,0.0,0.0,1,heavy
neutral,2011,-1,1,-0.02301,-0.000883,0.0,0.0,1,heavy
neutral,2014,-1,1,0.215959,0.001244,0.0,0.0,1,heavy
neutral,2016,-1,1,0.105318,-0.000149,0.0,0.0,1,heavy
neutral,2017,-1,1,-0.075829,-0.000196,0.0,0.0,1,heavy
neutral,2021,-1,1,0.107561,-9.3e-05,0.0,0.0,1,heavy
neutral,2024,-1,1,0.287622,-0.0001,0.0,0.0,1,heavy
neutral,2025,-1,1,0.031084,0.000565,0.0,0.0,1,heavy
neutral,2028,-1,1,0.146229,-0.00013,0.0,0.0,1,heavy
neutral,2030,-1,1,0.37103,4.3e-05,0.7096,1.0,1,heavy
neutral,2031,-1,1,-0.180017,-0.000271,0.0,0.0,1,heavy
neutral,2032,-1,1,-0.098342,1.4e-05,0.4404,1.0,1,heavy
neutral,2033,-1,1,0.048874,-0.000107,0.0,0.0,1,heavy
neutral,2035,-1,1,0.030968,-0.000112,0.0,0.0,1,heavy
neutral,2037,-1,1,-0.103525,0.000621,0.2023,0.0,1,heavy
neutral,2038,-1,1,-0.255082,-2.2e-05,0.0,0.0,1,heavy
neutral,2040,-1,1,-0.114463,-0.000124,0.0,0.0,1,heavy
neutral,2041,-1,1,-0.00866,0.000101,0.0,0.0,1,heavy
neutral,2042,-1,1,-0.094519,0.000801,0.2023,0.0,1,heavy
neutral,2043,-1,1,0.064518,-4.8e-05,0.2023,0.0,1,heavy
neutral,2044,-1,1,0.027082,-0.000313,0.0,0.0,1,heavy
neutral,2045,-1,1,0.229859,3.1e-05,0.34,0.0,1,heavy
neutral,2046,-1,1,0.111379,0.999451,0.0,0.0,2,heavy
neutral,2047,-1,1,0.130678,-0.000228,0.0,0.0,1,heavy
neutral,2048,-1,1,-0.021503,-0.000103,0.0,0.0,1,heavy
neutral,2054,-1,1,0.517632,0.001705,0.7096,1.0,1,heavy
neutral,2056,-1,1,0.337512,-8.3e-05,0.6808,0.0,1,heavy
neutral,2057,-1,1,0.120993,-5.1e-05,0.34,0.0,1,heavy
neutral,2063,-1,1,0.143346,4.7e-05,0.0,0.0,1,heavy
neutral,2066,-1,1,0.022342,0.00034,0.0,0.0,1,heavy
neutral,2070,-1,1,0.140254,-0.000199,0.0,0.0,1,heavy
neutral,2074,-1,1,0.022605,0.094038,0.0,0.0,1,heavy
neutral,2077,-1,1,-0.10581,0.000348,0.0,0.0,1,heavy
neutral,2079,-1,1,-0.058559,0.000167,0.0,0.0,1,heavy
neutral,2080,-1,1,0.208968,2.7e-05,0.4404,1.0,1,heavy
neutral,2081,-1,1,-0.064982,-0.000135,0.0,0.0,1,heavy
neutral,2084,-1,1,0.002236,-0.000177,0.0,0.0,1,heavy
neutral,2086,-1,1,0.312535,0.000262,0.4404,1.0,1,heavy
neutral,2089,-1,1,-0.027428,-0.000244,0.0,0.0,1,heavy
neutral,2090,-1,1,0.202985,0.949742,0.3182,0.0,2,heavy
neutral,2093,-1,1,0.012557,-6.6e-05,0.0,0.0,1,heavy
neutral,2096,-1,1,0.278376,0.000222,0.4404,1.0,1,heavy
neutral,2097,-1,1,0.274446,0.000184,0.4404,1.0,1,heavy
neutral,2098,-1,1,0.339678,0.000293,0.4404,1.0,1,heavy
neutral,2102,-1,1,0.334892,0.000378,0.4404,1.0,1,heavy
neutral,2103,-1,1,0.394684,0.000615,0.6486,1.0,1,heavy
neutral,2105,-1,1,0.137722,0.000108,0.4404,1.0,1,heavy
neutral,2108,-1,1,-0.077285,3e-05,0.0,0.0,1,heavy
neutral,2111,-1,1,-0.05734,-0.000119,0.0,0.0,1,heavy
neutral,2112,-1,1,0.065613,0.000112,0.0,0.0,1,heavy
neutral,2114,-1,1,0.038637,-1e-06,0.4404,1.0,1,heavy
neutral,2115,-1,1,0.241899,-0.000186,0.0,0.0,1,heavy
neutral,2116,-1,1,0.105692,-0.000109,0.4404,1.0,1,heavy
neutral,2117,-1,1,0.225548,-0.00012,0.0,0.0,1,heavy
neutral,2118,-1,1,0.559371,2.9e-05,0.3818,1.0,1,heavy
neutral,2120,-1,1,-0.092455,-0.000307,0.0,0.0,1,heavy
neutral,2122,-1,1,0.067253,-6.4e-05,0.0,0.0,1,heavy
neutral,2123,-1,1,0.378376,-7.9e-05,0.4404,1.0,1,heavy
neutral,2124,-1,1,0.200412,0.027447,0.0258,0.0,1,heavy
neutral,2125,-1,1,-0.258616,0.000184,0.4404,1.0,1,heavy
neutral,2134,-1,1,0.023553,-0.000121,0.0772,0.0,1,heavy
neutral,2135,-1,1,0.017644,0.000141,0.0,0.0,1,heavy
neutral,2143,-1,1,0.208598,0.003674,0.0,0.0,1,heavy
neutral,2148,-1,1,0.202777,4.3e-05,0.0,0.0,1,heavy
neutral,2154,-1,1,0.038406,-0.000301,0.4404,1.0,1,heavy
neutral,2155,-1,1,0.191984,-0.000183,0.4404,1.0,1,heavy
neutral,2156,-1,1,0.032494,-4.3e-05,0.4404,1.0,1,heavy
neutral,2158,-1,1,0.073414,-0.0001,0.0,0.0,1,heavy
neutral,2159,-1,1,-0.040298,-6.4e-05,0.0,0.0,1,heavy
neutral,2160,-1,1,-0.356825,-3e-06,0.0,0.0,1,heavy
neutral,2162,-1,1,-0.272902,-1.7e-05,0.0,0.0,1,heavy
neutral,2163,-1,1,0.033858,-7.3e-05,0.0,0.0,1,heavy
neutral,2164,-1,1,-0.114579,-0.000191,0.0,0.0,1,heavy
neutral,2166,-1,1,0.589426,0.992725,0.3818,0.0,2,heavy
neutral,2167,-1,1,0.059068,-0.000295,0.2732,0.0,1,heavy
neutral,2168,-1,1,0.404745,-0.000198,0.4588,0.0,1,heavy
neutral,2169,-1,1,-0.075219,1.7e-05,0.0,0.0,1,heavy
neutral,2171,-1,1,-0.227182,-1.7e-05,0.4404,1.0,1,heavy
neutral,2172,-1,1,0.111623,-0.00047,0.4404,1.0,1,heavy
neutral,2178,-1,1,0.13349,0.00073,0.0,0.0,1,heavy
neutral,2180,-1,1,0.183894,-0.000715,0.4404,1.0,1,heavy
neutral,2183,-1,1,-0.018751,-0.000155,0.0,0.0,1,heavy
neutral,2186,-1,1,-0.195425,-0.000113,0.0,0.0,1,heavy
neutral,2188,-1,1,0.003572,1e-06,0.0,0.0,1,heavy
neutral,2189,-1,1,0.525563,0.323035,0.4019,0.0,2,heavy
neutral,2195,-1,1,0.154253,-0.000124,0.0,0.0,1,heavy
neutral,2200,-1,1,0.530865,0.000167,0.4939,0.0,1,heavy
neutral,2201,-1,1,-0.048462,-0.001588,0.0,0.0,1,heavy
neutral,2205,-1,1,0.381283,0.001361,0.6249,1.0,1,heavy
neutral,2206,-1,1,0.05884,-0.000184,0.0,0.0,1,heavy
neutral,2207,-1,1,-0.091768,0.000113,0.0,0.0,1,heavy
neutral,2208,-1,1,0.076094,0.007317,0.0,0.0,1,heavy
neutral,2210,-1,1,0.225243,-4.6e-05,0.2732,0.0,1,heavy
neutral,2213,-1,1,-0.091197,5.9e-05,0.0,0.0,1,heavy
neutral,2214,-1,1,-0.045216,-0.0001,0.4404,1.0,1,heavy
neutral,2215,-1,1,0.232555,-7.1e-05,0.4404,1.0,1,heavy
neutral,2216,-1,1,0.116883,0.000116,0.4404,1.0,1,heavy
neutral,2218,-1,1,0.130443,0.00024,0.0,0.0,1,heavy
neutral,2222,-1,1,0.639753,-0.00022,0.6808,1.0,2,cheap
neutral,2223,-1,1,0.356898,8.5e-05,0.4404,1.0,1,heavy
neutral,2224,-1,1,-0.087643,0.999541,0.0,0.0,2,heavy
neutral,2226,-1,1,0.130808,3.4e-05,0.0,0.0,1,heavy
neutral,2227,-1,1,0.037925,-0.000163,0.0,0.0,1,heavy
neutral,2228,-1,1,0.06306,-0.000148,0.0,0.0,1,heavy
neutral,2229,-1,1,-0.147081,-0.000111,0.0,0.0,1,heavy
neutral,2230,-1,1,-0.07805,-7.3e-05,0.0,0.0,1,heavy
neutral,2231,-1,1,-0.039365,-5.6e-05,0.0,0.0,1,heavy
neutral,2233,-1,1,0.489359,0.001134,0.4404,1.0,1,heavy
neutral,2238,-1,1,0.034671,-1.1e-05,0.0,0.0,1,heavy
neutral,2242,-1,1,0.088264,-7.1e-05,0.0,0.0,1,heavy
neutral,2244,-1,1,0.057788,0.002838,0.0,0.0,1,heavy
neutral,2249,-1,1,0.145243,0.000559,0.0258,0.0,1,heavy
neutral,2251,-1,1,0.667115,0.000776,0.4939,0.0,2,cheap
neutral,2253,-1,1,0.701331,0.007575,0.705,0.0,2,cheap
neutral,2254,-1,1,0.609563,6e-05,0.4019,0.0,2,cheap
neutral,2257,-1,1,0.385087,0.282548,0.3182,0.0,1,heavy
neutral,2259,-1,1,-0.772409,0.000471,-0.765,0.0,0,cheap
neutral,2275,-1,1,-0.006809,0.00314,0.0,0.0,1,heavy
neutral,2281,-1,1,0.447915,-0.000101,0.3612,0.0,1,heavy
neutral,2291,-1,1,0.344848,0.011623,0.0,0.0,1,heavy
neutral,2307,-1,1,-0.006656,0.00897,0.0,0.0,1,heavy
neutral,2311,-1,1,0.140513,0.000181,0.0,0.0,1,heavy
neutral,2312,-1,1,-0.067861,-8.2e-05,0.0,0.0,1,heavy
neutral,2315,-1,1,0.216282,-0.000351,0.0,0.0,1,heavy
neutral,2319,-1,1,0.084814,1.3e-05,0.0,0.0,1,heavy
neutral,2322,-1,1,0.04112,-3e-05,0.5267,0.0,1,heavy
neutral,2323,-1,1,0.05709,-0.000677,0.0,0.0,1,heavy
neutral,2324,-1,1,0.045353,-8.6e-05,0.5267,0.0,1,heavy
neutral,2325,-1,1,0.013391,-4.1e-05,0.0,0.0,1,heavy
neutral,2326,-1,1,0.210368,8.8e-05,0.2732,0.0,1,heavy
neutral,2327,-1,1,0.384596,4.8e-05,0.3182,0.0,1,heavy
neutral,2328,-1,1,0.134182,0.18309,0.0,0.0,1,heavy
neutral,2329,-1,1,0.049234,-9.1e-05,0.0,0.0,1,heavy
neutral,2330,-1,1,-0.068988,7.9e-05,0.0,0.0,1,heavy
neutral,2331,-1,1,0.029241,-9e-05,0.0,0.0,1,heavy
neutral,2332,-1,1,0.207574,0.003065,0.0,-1.0,1,heavy
neutral,2333,-1,1,0.004923,-4.1e-05,0.0,0.0,1,heavy
neutral,2334,-1,1,0.121294,-0.000171,0.2732,0.0,1,heavy
neutral,2335,-1,1,-0.015649,-2.6e-05,0.0,0.0,1,heavy
neutral,2336,-1,1,-0.005149,-0.000132,0.0,0.0,1,heavy
neutral,2337,-1,1,0.058848,-3.5e-05,0.0,0.0,1,heavy
neutral,2338,-1,1,0.134399,-7.7e-05,0.0,0.0,1,heavy
neutral,2339,-1,1,-0.047185,4.1e-05,0.0,0.0,1,heavy
neutral,2340,-1,1,-0.006336,0.002459,0.0,0.0,1,heavy
neutral,2342,-1,1,0.00014,-0.000364,0.0,0.0,1,heavy
neutral,2343,-1,1,0.063874,-6.4e-05,0.0,0.0,1,heavy
neutral,2345,-1,1,0.086539,-2e-06,0.0,0.0,1,heavy
neutral,2346,-1,1,0.236437,0.007595,0.296,1.0,1,heavy
neutral,2347,-1,1,0.271721,0.000668,0.2263,0.0,1,heavy
neutral,2348,-1,1,0.052914,-2.9e-05,0.0,0.0,1,heavy
neutral,2349,-1,1,-0.033626,-4e-06,0.0,0.0,1,heavy
neutral,2350,-1,1,-0.112507,0.000811,0.0,0.0,1,heavy
neutral,2351,-1,1,0.314252,-4.8e-05,0.0,0.0,1,heavy
neutral,2352,-1,1,0.297167,-0.000489,0.8271,1.0,1,heavy
neutral,2353,-1,1,0.381001,-0.000462,0.2144,0.0,1,heavy
neutral,2354,-1,1,0.384073,-2.1e-05,0.4767,0.0,1,heavy
neutral,2355,-1,1,-0.066022,-0.000183,0.0,0.0,1,heavy
neutral,2356,-1,1,-0.008699,-0.000217,0.0,0.0,1,heavy
neutral,2358,-1,1,0.05506,5.8e-05,0.0,0.0,1,heavy
neutral,2359,-1,1,0.13812,-6.8e-05,0.5267,0.0,1,heavy
neutral,2360,-1,1,0.271378,2.5e-05,0.4939,0.0,1,heavy
neutral,2361,-1,1,0.115376,-2.1e-05,0.6808,0.0,1,heavy
neutral,2362,-1,1,-0.025673,0.000584,0.0,0.0,1,heavy
neutral,2363,-1,1,-0.082195,0.001231,0.0,0.0,1,heavy
neutral,2364,-1,1,-0.020181,6e-06,0.0,0.0,1,heavy
neutral,2365,-1,1,0.217221,0.000619,0.4019,0.0,1,heavy
neutral,2366,-1,1,0.170619,6.7e-05,0.4019,0.0,1,heavy
neutral,2367,-1,1,0.11204,-6.8e-05,0.296,0.0,1,heavy
neutral,2368,-1,1,0.22711,-0.000113,0.0,0.0,1,heavy
neutral,2369,-1,1,0.304969,-5e-05,0.836,0.0,1,heavy
neutral,2370,-1,1,0.067316,-5e-06,0.0,0.0,1,heavy
neutral,2371,-1,1,0.011053,-1.4e-05,0.0,0.0,1,heavy
neutral,2373,-1,1,0.102565,0.000152,0.0,0.0,1,heavy
neutral,2375,-1,1,0.007725,0.001276,0.0,0.0,1,heavy
neutral,2376,-1,1,-0.054151,0.001532,0.0,0.0,1,heavy
neutral,2378,-1,1,0.023186,0.999677,0.0,0.0,2,heavy
neutral,2379,-1,1,0.118063,0.003547,0.296,0.0,1,heavy
neutral,2381,-1,1,0.023033,0.001079,0.0,0.0,1,heavy
neutral,2382,-1,1,0.142589,-8.3e-05,0.0,0.0,1,heavy
neutral,2383,-1,1,-0.123725,-0.000123,0.0,0.0,1,heavy
neutral,2384,-1,1,-0.165548,6.1e-05,0.0,0.0,1,heavy
neutral,2385,-1,1,0.203727,-0.000105,0.34,0.0,1,heavy
neutral,2386,-1,1,-0.378005,-0.000327,-0.2411,0.0,1,heavy
neutral,2387,-1,1,-0.091284,1.4e-05,0.0,0.0,1,heavy
neutral,2388,-1,1,-0.483417,-0.995755,0.0,0.0,0,heavy
neutral,2389,-1,1,-0.185866,-9.4e-05,0.0,0.0,1,heavy
neutral,2390,-1,1,0.125882,-0.000108,0.5688,0.0,1,heavy
neutral,2391,-1,1,0.084008,-4.1e-05,0.296,0.0,1,heavy
neutral,2392,-1,1,-0.20396,-0.000117,0.0,0.0,1,heavy
neutral,2393,-1,1,0.073451,5e-06,0.0,0.0,1,heavy
neutral,2394,-1,1,0.035594,-0.000352,0.0,0.0,1,heavy
neutral,2395,-1,1,0.061172,-2.8e-05,0.296,0.0,1,heavy
neutral,2396,-1,1,0.036676,-2.8e-05,0.296,0.0,1,heavy
neutral,2397,-1,1,0.129888,-9.1e-05,0.0,0.0,1,heavy
neutral,2398,-1,1,0.051263,4.9e-05,0.0,0.0,1,heavy
neutral,2399,-1,1,0.028342,-6.8e-05,0.0,0.0,1,heavy
neutral,2400,-1,1,-0.057835,7.6e-05,0.0,0.0,1,heavy
neutral,2401,-1,1,0.094706,-9.9e-05,0.296,0.0,1,heavy
neutral,2402,-1,1,-0.144405,-9.8e-05,0.0,0.0,1,heavy
neutral,2403,-1,1,0.029965,-2.7e-05,0.0,0.0,1,heavy
neutral,2404,-1,1,0.006217,-3e-05,0.0,0.0,1,heavy
neutral,2405,-1,1,0.296425,0.00178,0.2732,0.0,1,heavy
neutral,2406,-1,1,0.272778,-9.6e-05,0.4939,0.0,1,heavy
neutral,2407,-1,1,-0.645083,-0.002769,0.0,0.0,0,cheap
neutral,2408,-1,1,-0.062269,0.000188,0.0,0.0,1,heavy
neutral,2409,-1,1,0.170062,0.000265,0.7003,0.0,1,heavy
neutral,2411,-1,1,-0.388635,4.1e-05,-0.4019,0.0,1,heavy
neutral,2412,-1,1,-0.545466,0.001221,0.0,0.0,1,heavy
neutral,2413,-1,1,-0.006458,-3.5e-05,0.0,0.0,1,heavy
neutral,2414,-1,1,0.036557,-9.4e-05,0.0,0.0,1,heavy
neutral,2415,-1,1,0.254658,-2.9e-05,0.1779,0.0,1,heavy
neutral,2416,-1,1,0.058685,-0.000103,0.0,0.0,1,heavy
neutral,2417,-1,1,-0.172491,9.4e-05,0.0,0.0,1,heavy
neutral,2418,-1,1,-0.103326,-0.000107,0.0,0.0,1,heavy
neutral,2419,-1,1,0.055842,-5e-05,0.0,0.0,1,heavy
neutral,2421,-1,1,0.129864,0.000109,0.0,0.0,1,heavy
neutral,2422,-1,1,0.168897,-7e-05,0.7003,0.0,1,heavy
neutral,2423,-1,1,0.008186,4.3e-05,0.0,0.0,1,heavy
neutral,2424,-1,1,0.398219,-0.000318,0.7227,0.0,1,heavy
neutral,2425,-1,1,0.014854,-0.000189,0.0,0.0,1,heavy
neutral,2426,-1,1,0.106453,-7.1e-05,0.0,0.0,1,heavy
neutral,2427,-1,1,0.451438,0.000117,0.83,0.0,1,heavy
neutral,2428,-1,1,0.013803,-0.000103,0.0,0.0,1,heavy
neutral,2429,-1,1,-0.085259,0.000133,0.0,0.0,1,heavy
neutral,2430,-1,1,-0.140289,2.9e-05,-0.2263,0.0,1,heavy
neutral,2431,-1,1,0.090653,-2.7e-05,0.2732,0.0,1,heavy
neutral,2432,-1,1,-0.032096,-0.000357,0.0,0.0,1,heavy
neutral,2433,-1,1,0.063543,-4.6e-05,0.0,0.0,1,heavy
neutral,2434,-1,1,0.043071,-5.9e-05,0.0,0.0,1,heavy
neutral,2435,-1,1,0.186115,-4.6e-05,0.0,0.0,1,heavy
neutral,2436,-1,1,0.334379,0.036405,0.2732,1.0,1,heavy
neutral,2437,-1,1,0.227762,0.0001,0.5106,0.0,1,heavy
neutral,2438,-1,1,0.03436,-0.000107,0.0,0.0,1,heavy
neutral,2439,-1,1,-0.478279,-0.001266,0.296,0.0,1,heavy
neutral,2440,-1,1,-0.012052,-0.00793,0.296,0.0,1,heavy
neutral,2441,-1,1,0.423082,3.4e-05,0.1779,0.0,1,heavy
neutral,2442,-1,1,-0.02357,-4.7e-05,0.0,0.0,1,heavy
neutral,2443,-1,1,0.02187,-9.7e-05,0.0,0.0,1,heavy
neutral,2444,-1,1,0.00795,-7.5e-05,0.0,0.0,1,heavy
neutral,2445,-1,1,0.229626,0.000204,0.0,0.0,1,heavy
neutral,2446,-1,1,-0.060624,-0.000209,-0.0516,0.0,1,heavy
neutral,2447,-1,1,-0.073789,-7.2e-05,0.0,0.0,1,heavy
neutral,2448,-1,1,0.093988,-2.8e-05,0.0,0.0,1,heavy
neutral,2449,-1,1,-0.073488,-0.000121,0.0,0.0,1,heavy
neutral,2450,-1,1,-0.001624,0.00157,0.0,0.0,1,heavy
neutral,2451,-1,1,0.407804,0.000613,0.7861,0.0,1,heavy
neutral,2452,-1,1,-0.000412,-9.9e-05,0.0,0.0,1,heavy
neutral,2453,-1,1,-0.073993,-0.000245,-0.296,0.0,1,heavy
neutral,2455,-1,1,0.116769,-4e-06,0.0,0.0,1,heavy
neutral,2457,-1,1,-0.277643,0.119019,0.0,0.0,1,heavy
neutral,2458,-1,1,0.514011,0.440113,0.6808,0.0,2,heavy
neutral,2459,-1,1,-0.199644,-9.8e-05,0.0,0.0,1,heavy
neutral,2460,-1,1,-0.112939,-3e-05,0.0,0.0,1,heavy
neutral,2461,-1,1,0.092573,-0.000119,0.0,0.0,1,heavy
neutral,2463,-1,1,0.100584,-6.3e-05,0.296,0.0,1,heavy
neutral,2464,-1,1,0.085182,-4.3e-05,0.0,0.0,1,heavy
neutral,2465,-1,1,0.106011,-5.1e-05,0.0,0.0,1,heavy
neutral,2466,-1,1,0.197111,0.00026,0.5267,0.0,1,heavy
neutral,2467,-1,1,0.015297,-4.3e-05,0.296,0.0,1,heavy
neutral,2468,-1,1,-0.155252,-2.7e-05,0.0,0.0,1,heavy
neutral,2470,-1,1,0.362059,-1.4e-05,0.3612,0.0,1,heavy
neutral,2471,-1,1,-0.084393,0.00084,0.0,0.0,1,heavy
neutral,2472,-1,1,0.002784,-4.5e-05,0.0,0.0,1,heavy
neutral,2473,-1,1,0.160126,0.007604,0.0,0.0,1,heavy
neutral,2474,-1,1,0.370898,0.30626,0.2732,-1.0,1,heavy
neutral,2475,-1,1,0.104575,0.006464,0.0,0.0,1,heavy
neutral,2476,-1,1,-0.196844,-0.000341,0.0,0.0,1,heavy
neutral,2477,-1,1,-0.219482,-4.9e-05,0.0,0.0,1,heavy
neutral,2478,-1,1,0.040155,-5.2e-05,0.2023,0.0,1,heavy
neutral,2479,-1,1,-0.013657,0.000105,0.0,0.0,1,heavy
neutral,2480,-1,1,-0.215127,-0.000266,-0.0516,0.0,1,heavy
neutral,2481,-1,1,0.021161,3.1e-05,0.0,0.0,1,heavy
neutral,2482,-1,1,-0.165811,-0.000286,0.0,0.0,1,heavy
neutral,2483,-1,1,-0.009456,4.3e-05,0.0,0.0,1,heavy
neutral,2484,-1,1,0.070117,-4.7e-05,0.0,0.0,1,heavy
neutral,2485,-1,1,0.139872,0.001645,0.0,0.0,1,heavy
neutral,2486,-1,1,0.509208,1.8e-05,0.3818,1.0,1,heavy
neutral,2487,-1,1,-0.13369,9.3e-05,0.0,0.0,1,heavy
neutral,2488,-1,1,0.243798,-0.000227,0.0,0.0,1,heavy
neutral,2489,-1,1,0.023711,-0.000192,0.0,0.0,1,heavy
neutral,2490,-1,1,-0.066284,-0.000139,0.0,0.0,1,heavy
neutral,2491,-1,1,0.11832,0.000103,0.0,0.0,1,heavy
neutral,2492,-1,1,0.122559,1.2e-05,0.296,0.0,1,heavy
neutral,2493,-1,1,0.09454,-8.2e-05,0.0,0.0,1,heavy
neutral,2495,-1,1,0.094842,-9.4e-05,0.0,0.0,1,heavy
neutral,2496,-1,1,-0.467101,-0.941166,0.0,0.0,0,heavy
neutral,2497,-1,1,0.050239,-8.5e-05,0.0,0.0,1,heavy
neutral,2498,-1,1,0.075128,2.9e-05,0.0,0.0,1,heavy
neutral,2499,-1,1,0.155518,-3.9e-05,0.0,0.0,1,heavy
neutral,2500,-1,1,0.006969,-4.9e-05,0.0,0.0,1,heavy
neutral,2501,-1,1,-0.162167,-6e-05,0.0,0.0,1,heavy
neutral,2502,-1,1,0.121828,0.993108,0.0,0.0,2,heavy
neutral,2503,-1,1,0.163431,-0.000114,0.0,0.0,1,heavy
neutral,2504,-1,1,0.010654,0.000557,0.0,0.0,1,heavy
neutral,2505,-1,1,0.339556,0.001502,0.2732,-1.0,1,heavy
neutral,2506,-1,1,0.156505,-2.2e-05,0.0,0.0,1,heavy
neutral,2507,-1,1,-0.364139,-0.008314,0.0,0.0,1,heavy
neutral,2508,-1,1,-0.17728,-4.2e-05,0.128,0.0,1,heavy
neutral,2509,-1,1,0.221704,0.000193,0.5267,0.0,1,heavy
neutral,2510,-1,1,0.180168,-3.8e-05,0.0,0.0,1,heavy
neutral,2511,-1,1,0.612609,0.000548,0.3182,0.0,2,cheap
neutral,2512,-1,1,-0.080217,-0.000186,0.0,0.0,1,heavy
neutral,2513,-1,1,-0.198236,9.7e-05,0.0,0.0,1,heavy
neutral,2515,-1,1,-0.386093,-0.086631,-0.296,0.0,1,heavy
neutral,2516,-1,1,-0.432613,0.000135,-0.1027,0.0,1,heavy
neutral,2517,-1,1,-0.231376,-0.000389,-0.2023,0.0,1,heavy
neutral,2518,-1,1,0.120112,-0.000182,0.0,0.0,1,heavy
neutral,2519,-1,1,-0.115811,-0.000146,-0.296,0.0,1,heavy
neutral,2520,-1,1,-0.060138,-4.1e-05,-0.296,0.0,1,heavy
neutral,2521,-1,1,-0.059469,-3.5e-05,-0.296,0.0,1,heavy
neutral,2522,-1,1,-0.054592,-2.7e-05,-0.296,0.0,1,heavy
neutral,2523,-1,1,-0.099585,-2.9e-05,-0.296,0.0,1,heavy
neutral,2524,-1,1,-0.058728,3e-05,-0.296,0.0,1,heavy
neutral,2525,-1,1,-0.204324,0.000212,-0.2263,0.0,1,heavy
neutral,2526,-1,1,-0.084972,-4.3e-05,-0.296,0.0,1,heavy
neutral,2527,-1,1,0.504178,0.990689,0.34,-1.0,2,heavy
neutral,2528,-1,1,0.11401,-5.1e-05,0.0,0.0,1,heavy
neutral,2529,-1,1,0.237289,0.000192,0.0,0.0,1,heavy
neutral,2530,-1,1,0.109445,-0.0002,0.34,0.0,1,heavy
neutral,2531,-1,1,0.066475,0.002354,0.296,0.0,1,heavy
neutral,2532,-1,1,0.053669,-5.8e-05,-0.1655,-1.0,1,heavy
neutral,2535,-1,1,-0.035862,-0.032962,0.0,0.0,1,heavy
neutral,2536,-1,1,0.085507,-0.000175,0.0,0.0,1,heavy
neutral,2537,-1,1,0.035745,-0.000175,0.0,0.0,1,heavy
neutral,2538,-1,1,0.365385,0.001948,0.3818,0.0,1,heavy
neutral,2539,-1,1,0.392591,0.000266,0.6908,0.0,1,heavy
neutral,2540,-1,1,-0.02876,-0.000257,0.0,0.0,1,heavy
neutral,2541,-1,1,-0.016863,-6.2e-05,0.296,0.0,1,heavy
neutral,2542,-1,1,0.148998,6.5e-05,0.2732,0.0,1,heavy
neutral,2543,-1,1,0.149779,-4.2e-05,0.2732,0.0,1,heavy
neutral,2544,-1,1,0.167525,-3.8e-05,0.0,0.0,1,heavy
neutral,2545,-1,1,0.087558,-3.9e-05,0.0,0.0,1,heavy
neutral,2546,-1,1,0.025803,-0.000104,0.0,0.0,1,heavy
neutral,2547,-1,1,0.102234,-0.998518,0.2705,0.0,0,heavy
neutral,2548,-1,1,-0.052571,-3.2e-05,0.0,0.0,1,heavy
neutral,2549,-1,1,-0.253596,-0.000951,-0.296,0.0,1,heavy
neutral,2550,-1,1,0.025537,-6.8e-05,0.0,0.0,1,heavy
neutral,2551,-1,1,-0.01834,0.000163,0.0,0.0,1,heavy
neutral,2552,-1,1,0.068237,-4e-05,0.0,0.0,1,heavy
neutral,2553,-1,1,-0.003268,-5.3e-05,0.0,0.0,1,heavy
neutral,2554,-1,1,0.017606,-0.000128,0.0,0.0,1,heavy
neutral,2555,-1,1,0.145774,-9.6e-05,0.0,0.0,1,heavy
neutral,2556,-1,1,-0.002189,0.00148,0.0,0.0,1,heavy
neutral,2557,-1,1,-0.261107,-0.00012,0.0,0.0,1,heavy
neutral,2558,-1,1,0.189719,-0.000139,0.0,0.0,1,heavy
neutral,2559,-1,1,0.00371,-0.000121,0.0,0.0,1,heavy
neutral,2560,-1,1,0.46746,4.2e-05,0.34,0.0,1,heavy
neutral,2561,-1,1,0.028637,0.00017,0.0,0.0,1,heavy
neutral,2562,-1,1,0.114314,6.1e-05,0.7647,0.0,1,heavy
neutral,2563,-1,1,0.19401,-5.5e-05,0.0,0.0,1,heavy
neutral,2564,-1,1,-0.023371,8.6e-05,0.0,0.0,1,heavy
neutral,2565,-1,1,0.391541,0.000146,0.4404,0.0,1,heavy
neutral,2566,-1,1,0.061931,-0.000122,0.34,0.0,1,heavy
neutral,2567,-1,1,0.050125,-0.000122,0.34,0.0,1,heavy
neutral,2568,-1,1,0.552001,0.00053,0.7184,0.0,1,heavy
neutral,2569,-1,1,0.170044,-0.000116,0.2732,0.0,1,heavy
neutral,2570,-1,1,0.112958,-5.5e-05,0.0,0.0,1,heavy
neutral,2571,-1,1,0.041135,0.000165,0.0,0.0,1,heavy
neutral,2572,-1,1,0.37392,0.00018,0.4767,0.0,1,heavy
neutral,2573,-1,1,0.164337,-7e-06,0.4215,0.0,1,heavy
neutral,2574,-1,1,-0.096196,-0.00012,0.0,0.0,1,heavy
neutral,2575,-1,1,-0.011613,-0.0001,0.0,0.0,1,heavy
neutral,2576,-1,1,-0.104625,-1.9e-05,0.0,0.0,1,heavy
neutral,2577,-1,1,0.229818,-5e-05,0.3182,0.0,1,heavy
neutral,2578,-1,1,-0.001802,-5.3e-05,0.0,0.0,1,heavy
neutral,2579,-1,1,0.272948,4.1e-05,0.0,1.0,1,heavy
neutral,2580,-1,1,0.019983,-0.000133,0.0,0.0,1,heavy
neutral,2581,-1,1,0.149999,-0.000145,0.0,0.0,1,heavy
neutral,2582,-1,1,-0.004128,-4.4e-05,0.0,0.0,1,heavy
neutral,2583,-1,1,0.060687,-0.000156,0.0,0.0,1,heavy
neutral,2584,-1,1,0.029451,-6.5e-05,0.0,0.0,1,heavy
neutral,2585,-1,1,-0.098058,0.000648,0.0772,0.0,1,heavy
neutral,2586,-1,1,0.338157,0.001466,0.4019,0.0,1,heavy
neutral,2587,-1,1,0.050249,-1.9e-05,0.296,0.0,1,heavy
neutral,2588,-1,1,0.045443,-5.8e-05,0.0,0.0,1,heavy
neutral,2589,-1,1,0.012757,5.9e-05,0.0,0.0,1,heavy
neutral,2590,-1,1,0.01955,-0.000162,0.0,0.0,1,heavy
neutral,2591,-1,1,0.088416,-6.5e-05,0.3919,0.0,1,heavy
neutral,2592,-1,1,-0.045233,0.002846,0.0,0.0,1,heavy
neutral,2593,-1,1,-0.442086,-0.000451,-0.4215,0.0,1,heavy
neutral,2594,-1,1,0.104605,-1.4e-05,0.0,0.0,1,heavy
neutral,2595,-1,1,0.006453,-0.002161,0.0,0.0,1,heavy
neutral,2596,-1,1,-0.095741,0.00012,0.0,0.0,1,heavy
neutral,2597,-1,1,-0.0382,-7.3e-05,-0.1027,0.0,1,heavy
neutral,2598,-1,1,0.164319,-0.000204,0.0,0.0,1,heavy
neutral,2599,-1,1,0.122763,0.004213,0.296,0.0,1,heavy
neutral,2600,-1,1,-0.023948,0.000281,0.0,0.0,1,heavy
neutral,2601,-1,1,0.185368,0.000243,0.0,0.0,1,heavy
neutral,2602,-1,1,0.052613,-5.2e-05,0.296,0.0,1,heavy
neutral,2603,-1,1,0.040213,4.5e-05,0.296,0.0,1,heavy
neutral,2604,-1,1,0.222853,0.037971,0.0,0.0,1,heavy
neutral,2606,-1,1,0.179293,-7.7e-05,0.0,0.0,1,heavy
neutral,2607,-1,1,-0.054551,-0.00024,0.0,0.0,1,heavy
neutral,2608,-1,1,0.01138,-7.6e-05,0.0,0.0,1,heavy
neutral,2609,-1,1,0.113342,-2.7e-05,0.1779,0.0,1,heavy
neutral,2610,-1,1,0.052685,-3.1e-05,0.0,0.0,1,heavy
neutral,2611,-1,1,-0.01578,0.000251,0.0,0.0,1,heavy
neutral,2612,-1,1,0.052539,6.5e-05,0.0,0.0,1,heavy
neutral,2613,-1,1,0.1289,-0.000153,0.0,0.0,1,heavy
neutral,2614,-1,1,0.134563,-6.5e-05,0.0772,0.0,1,heavy
neutral,2615,-1,1,0.037136,-5.3e-05,0.0,0.0,1,heavy
neutral,2616,-1,1,0.04913,8.7e-05,0.2732,0.0,1,heavy
neutral,2617,-1,1,0.181659,1.8e-05,0.0,0.0,1,heavy
neutral,2618,-1,1,-0.016192,8e-06,0.0,0.0,1,heavy
neutral,2619,-1,1,0.026944,8.3e-05,0.0,0.0,1,heavy
neutral,2620,-1,1,0.231618,0.000202,0.0,0.0,1,heavy
neutral,2621,-1,1,0.220488,0.000285,0.4767,0.0,1,heavy
neutral,2622,-1,1,-0.02334,-3e-05,0.0,0.0,1,heavy
neutral,2623,-1,1,0.043878,-0.000746,-0.1511,0.0,1,heavy
neutral,2624,-1,1,0.003517,-0.000105,0.0,0.0,1,heavy
neutral,2625,-1,1,-0.013495,9e-06,0.0,0.0,1,heavy
neutral,2626,-1,1,0.014346,2.9e-05,0.1027,0.0,1,heavy
neutral,2627,-1,1,0.050434,2e-05,0.0,0.0,1,heavy
neutral,2628,-1,1,0.05003,0.000641,0.0,0.0,1,heavy
neutral,2629,-1,1,-0.076392,-2.3e-05,0.0,0.0,1,heavy
neutral,2630,-1,1,0.064753,0.000147,0.0,0.0,1,heavy
neutral,2631,-1,1,0.096214,-8.1e-05,0.0,0.0,1,heavy
neutral,2632,-1,1,-0.026329,-6.2e-05,0.0,0.0,1,heavy
neutral,2633,-1,1,-0.014146,-4.7e-05,0.0,0.0,1,heavy
neutral,2634,-1,1,-0.051212,-0.000106,0.0,0.0,1,heavy
neutral,2635,-1,1,-0.090695,2e-05,0.0,0.0,1,heavy
neutral,2636,-1,1,-0.037617,-0.00011,0.0,0.0,1,heavy
neutral,2637,-1,1,0.024023,0.000295,0.0,0.0,1,heavy
neutral,2638,-1,1,0.102144,6e-06,0.5267,0.0,1,heavy
neutral,2639,-1,1,-0.014047,-0.0,0.0,0.0,1,heavy
neutral,2640,-1,1,0.616547,0.000101,0.3182,0.0,2,cheap
neutral,2641,-1,1,0.408881,0.00014,0.8221,0.0,1,heavy
neutral,2642,-1,1,0.225137,-0.000105,0.0,0.0,1,heavy
neutral,2643,-1,1,-0.032867,-6.9e-05,0.0,0.0,1,heavy
neutral,2645,-1,1,0.096497,1.7e-05,0.0,0.0,1,heavy
neutral,2647,-1,1,0.169422,0.002502,0.0,0.0,1,heavy
neutral,2648,-1,1,-0.082241,-3.3e-05,0.0,0.0,1,heavy
neutral,2649,-1,1,0.012405,-0.000143,0.3612,0.0,1,heavy
neutral,2650,-1,1,-0.021436,-0.10171,0.0,0.0,1,heavy
neutral,2651,-1,1,0.244185,0.003286,0.0,0.0,1,heavy
neutral,2652,-1,1,-0.029265,-0.000108,0.0,0.0,1,heavy
neutral,2653,-1,1,0.159932,-9.4e-05,0.3612,0.0,1,heavy
neutral,2654,-1,1,0.120444,-0.000117,0.0,0.0,1,heavy
neutral,2655,-1,1,0.37938,3.1e-05,0.7269,0.0,1,heavy
neutral,2656,-1,1,0.290596,-5.9e-05,0.2732,0.0,1,heavy
neutral,2657,-1,1,0.046765,-7.8e-05,0.0,0.0,1,heavy
neutral,2658,-1,1,0.076984,0.000462,0.0,0.0,1,heavy
neutral,2659,-1,1,0.1628,-4.6e-05,0.0,0.0,1,heavy
neutral,2660,-1,1,0.107225,-7.9e-05,0.0,0.0,1,heavy
neutral,2661,-1,1,0.085251,-0.000113,0.0,0.0,1,heavy
neutral,2662,-1,1,-0.081338,-7.4e-05,0.0,0.0,1,heavy
neutral,2663,-1,1,0.456359,-0.000261,0.5859,0.0,1,heavy
neutral,2664,-1,1,0.393222,-0.000217,0.7351,0.0,1,heavy
neutral,2665,-1,1,-0.127326,-0.000172,0.0,0.0,1,heavy
neutral,2666,-1,1,-0.085742,-0.000547,0.0,0.0,1,heavy
neutral,2667,-1,1,0.021432,-3e-06,0.0,0.0,1,heavy
neutral,2668,-1,1,0.15552,-8.5e-05,0.34,0.0,1,heavy
neutral,2669,-1,1,-0.067992,8e-06,0.0,0.0,1,heavy
neutral,2670,-1,1,0.060021,-2.5e-05,0.0,0.0,1,heavy
neutral,2671,-1,1,0.052965,-0.000115,0.0,0.0,1,heavy
neutral,2672,-1,1,0.017943,0.000675,0.0,0.0,1,heavy
neutral,2673,-1,1,0.230204,-7.2e-05,0.0,0.0,1,heavy
neutral,2674,-1,1,-0.022484,-0.000243,0.0,0.0,1,heavy
neutral,2675,-1,1,0.201613,0.000344,0.4767,0.0,1,heavy
neutral,2676,-1,1,-0.156614,-0.000609,0.1935,0.0,1,heavy
neutral,2677,-1,1,-0.017989,0.000148,0.0,0.0,1,heavy
neutral,2678,-1,1,0.048881,-8.9e-05,0.5267,0.0,1,heavy
neutral,2679,-1,1,0.090111,0.000306,0.5267,0.0,1,heavy
neutral,2680,-1,1,0.061544,0.001852,0.0,0.0,1,heavy
neutral,2681,-1,1,-0.035437,-0.000367,0.0,0.0,1,heavy
neutral,2682,-1,1,-0.003501,-9.6e-05,0.0,0.0,1,heavy
neutral,2683,-1,1,-0.018433,-0.00034,0.0,0.0,1,heavy
neutral,2684,-1,1,0.01766,-8.7e-05,0.0,0.0,1,heavy
neutral,2685,-1,1,-0.059684,1e-05,0.0,0.0,1,heavy
neutral,2686,-1,1,0.038107,-0.000161,0.0,0.0,1,heavy
neutral,2687,-1,1,-0.118352,-5.9e-05,0.0,0.0,1,heavy
neutral,2688,-1,1,0.025039,0.000227,0.0,0.0,1,heavy
neutral,2689,-1,1,-0.446431,0.000589,0.0,0.0,1,heavy
neutral,2690,-1,1,0.130098,-9e-06,0.0,0.0,1,heavy
neutral,2691,-1,1,0.091392,-0.000107,0.0,0.0,1,heavy
neutral,2692,-1,1,0.368636,-0.000154,0.6124,0.0,1,heavy
neutral,2693,-1,1,0.345929,0.000899,0.5574,0.0,1,heavy
neutral,2694,-1,1,0.175728,0.97532,0.0,0.0,2,heavy
neutral,2695,-1,1,0.198784,-0.000102,0.0,0.0,1,heavy
neutral,2696,-1,1,0.12385,5.7e-05,0.0,0.0,1,heavy
neutral,2697,-1,1,-0.026342,-8.7e-05,0.0,0.0,1,heavy
neutral,2698,-1,1,0.033828,-9.7e-05,0.0,0.0,1,heavy
neutral,2699,-1,1,-0.08831,6.3e-05,0.0772,0.0,1,heavy
neutral,2700,-1,1,0.056121,0.014081,0.0,0.0,1,heavy
neutral,2701,-1,1,0.322815,-1.7e-05,0.25,0.0,1,heavy
neutral,2702,-1,1,0.187633,1.1e-05,0.0,0.0,1,heavy
neutral,2703,-1,1,0.168084,-0.000111,0.0,0.0,1,heavy
neutral,2704,-1,1,0.201344,6.8e-05,0.1779,0.0,1,heavy
neutral,2705,-1,1,-0.053589,-7.4e-05,0.0,0.0,1,heavy
neutral,2706,-1,1,-0.134821,3.2e-05,0.0,0.0,1,heavy
neutral,2707,-1,1,0.074377,2.5e-05,0.0,0.0,1,heavy
neutral,2708,-1,1,0.020659,-7.7e-05,0.0,0.0,1,heavy
neutral,2709,-1,1,0.101099,5.6e-05,0.0,0.0,1,heavy
neutral,2710,-1,1,0.009404,-2.3e-05,0.0,0.0,1,heavy
neutral,2711,-1,1,-0.328252,-0.000375,-0.5267,0.0,1,heavy
neutral,2712,-1,1,0.013992,0.000114,0.0,0.0,1,heavy
neutral,2713,-1,1,0.577589,0.00025,0.3182,0.0,1,heavy
neutral,2714,-1,1,0.140896,3.1e-05,0.0,0.0,1,heavy
neutral,2715,-1,1,0.585964,-7.2e-05,0.3818,1.0,1,heavy
neutral,2716,-1,1,0.438536,0.003611,0.4939,0.0,1,heavy
neutral,2717,-1,1,7.8e-05,-0.000353,0.0,0.0,1,heavy
neutral,2718,-1,1,-0.084118,-0.00016,-0.296,0.0,1,heavy
neutral,2719,-1,1,-0.157404,-0.000118,0.0,0.0,1,heavy
neutral,2720,-1,1,-0.018947,-0.000984,0.0,0.0,1,heavy
neutral,2721,-1,1,0.115178,-5.7e-05,0.0,0.0,1,heavy
neutral,2722,-1,1,0.053336,1e-05,0.0,0.0,1,heavy
neutral,2723,-1,1,0.427009,0.000446,0.4019,0.0,1,heavy
neutral,2724,-1,1,-0.196107,-0.00148,0.0,0.0,1,heavy
neutral,2725,-1,1,-0.062338,-4.5e-05,0.0,0.0,1,heavy
neutral,2726,-1,1,-0.088669,5.5e-05,0.0,0.0,1,heavy
neutral,2727,-1,1,-0.045327,0.002071,0.0,0.0,1,heavy
neutral,2728,-1,1,0.734664,-0.000299,0.5106,1.0,2,cheap
neutral,2729,-1,1,0.096525,0.000472,0.0,0.0,1,heavy
neutral,2730,-1,1,0.322051,0.004693,0.3818,0.0,1,heavy
neutral,2732,-1,1,0.013577,0.001575,0.0,0.0,1,heavy
neutral,2733,-1,1,0.006403,-0.00024,0.4019,0.0,1,heavy
neutral,2734,-1,1,0.24343,-0.000485,0.3182,0.0,1,heavy
neutral,2735,-1,1,-0.326168,-0.001118,0.0,0.0,1,heavy
neutral,2736,-1,1,0.198508,1.2e-05,0.0,0.0,1,heavy
neutral,2737,-1,1,0.175811,-2.5e-05,0.34,0.0,1,heavy
neutral,2738,-1,1,0.057626,0.000115,0.296,0.0,1,heavy
neutral,2739,-1,1,0.13678,0.000253,0.7003,0.0,1,heavy
neutral,2740,-1,1,0.148673,0.000407,0.7003,0.0,1,heavy
neutral,2741,-1,1,0.2917,0.363474,0.2732,-1.0,2,heavy
neutral,2742,-1,1,0.688851,0.296888,0.5267,0.0,2,cheap
neutral,2744,-1,1,0.052176,0.002238,0.0,0.0,1,heavy
neutral,2745,-1,1,-0.185149,-0.000316,0.0,0.0,1,heavy
neutral,2746,-1,1,0.095602,0.003078,0.0,0.0,1,heavy
neutral,2747,-1,1,0.333335,0.000283,0.0,0.0,1,heavy
neutral,2748,-1,1,-0.006641,-0.000169,0.0,0.0,1,heavy
neutral,2749,-1,1,0.338602,0.000356,0.0,0.0,1,heavy
neutral,2750,-1,1,0.496436,0.003173,0.0,0.0,1,heavy
neutral,2751,-1,1,0.412478,0.000193,0.4215,0.0,1,heavy
neutral,2753,-1,1,-0.201594,-0.000579,0.0,0.0,1,heavy
neutral,2754,-1,1,0.079219,-3.8e-05,0.0,0.0,1,heavy
neutral,2757,-1,1,-0.042398,-7e-06,0.0,0.0,1,heavy
neutral,2758,-1,1,0.080017,0.000158,0.0,0.0,1,heavy
neutral,2759,-1,1,-0.110854,-2.3e-05,0.0,0.0,1,heavy
neutral,2760,-1,1,0.163127,1.4e-05,0.2732,0.0,1,heavy
neutral,2761,-1,1,-0.002458,-0.000189,0.0,0.0,1,heavy
neutral,2762,-1,1,0.109473,0.000158,0.0,0.0,1,heavy
neutral,2763,-1,1,0.246467,0.997968,0.2732,0.0,2,heavy
neutral,2764,-1,1,0.484083,8.5e-05,0.2023,0.0,1,heavy
neutral,2765,-1,1,-0.062457,0.00035,0.296,0.0,1,heavy
neutral,2766,-1,1,0.067343,-0.000109,0.3612,0.0,1,heavy
neutral,2767,-1,1,-0.002151,-8.7e-05,0.0,0.0,1,heavy
neutral,2769,-1,1,0.131408,-3e-06,0.1779,0.0,1,heavy
neutral,2770,-1,1,0.070974,-7e-06,0.0,0.0,1,heavy
neutral,2771,-1,1,0.529675,0.000289,0.6369,0.0,1,heavy
neutral,2772,-1,1,0.152698,6e-05,0.2415,0.0,1,heavy
neutral,2773,-1,1,-0.258978,-0.000608,0.0,0.0,1,heavy
neutral,2774,-1,1,0.026136,9.1e-05,0.0,0.0,1,heavy
neutral,2775,-1,1,0.260949,7.1e-05,0.3612,0.0,1,heavy
neutral,2776,-1,1,0.191826,2.4e-05,0.2023,0.0,1,heavy
neutral,2777,-1,1,0.063444,0.000176,0.0,0.0,1,heavy
neutral,2778,-1,1,-0.069231,-0.000261,-0.296,0.0,1,heavy
neutral,2779,-1,1,-0.027545,-2.5e-05,0.0,0.0,1,heavy
neutral,2780,-1,1,0.161542,0.000158,0.0,0.0,1,heavy
neutral,2781,-1,1,0.035604,-0.000169,0.0,0.0,1,heavy
neutral,2782,-1,1,0.35289,0.108327,0.0,0.0,1,heavy
neutral,2783,-1,1,0.367163,0.000271,0.8286,0.0,1,heavy
neutral,2784,-1,1,-0.010775,8.9e-05,0.0,0.0,1,heavy
neutral,2785,-1,1,0.125756,0.000198,0.4215,0.0,1,heavy
neutral,2786,-1,1,0.087132,0.000138,0.4215,0.0,1,heavy
neutral,2787,-1,1,0.192656,0.000206,0.4215,0.0,1,heavy
neutral,2788,-1,1,-0.055065,3e-05,0.0,0.0,1,heavy
neutral,2789,-1,1,-0.024136,-7.8e-05,0.0,0.0,1,heavy
neutral,2790,-1,1,-0.055927,-2.1e-05,0.0,0.0,1,heavy
neutral,2791,-1,1,0.158388,0.00014,0.4215,0.0,1,heavy
neutral,2792,-1,1,0.040843,1e-06,0.0,0.0,1,heavy
neutral,2793,-1,1,0.038274,-7.9e-05,0.0,0.0,1,heavy
neutral,2794,-1,1,0.086514,0.00144,0.0,0.0,1,heavy
neutral,2795,-1,1,0.141278,6.6e-05,0.0,0.0,1,heavy
neutral,2796,-1,1,-0.266902,0.00016,0.0,0.0,1,heavy
neutral,2798,-1,1,-0.041758,-0.000135,0.0,0.0,1,heavy
neutral,2799,-1,1,0.132182,0.000248,0.0,0.0,1,heavy
neutral,2800,-1,1,0.248118,0.071894,0.2732,0.0,1,heavy
neutral,2801,-1,1,-0.01731,1.1e-05,0.0,0.0,1,heavy
neutral,2802,-1,1,0.023524,6e-05,0.0,0.0,1,heavy
neutral,2804,-1,1,-0.266836,-0.00022,0.0,0.0,1,heavy
neutral,2805,-1,1,0.025413,-4.6e-05,0.0,0.0,1,heavy
neutral,2806,-1,1,-0.100873,0.005247,-0.2263,0.0,1,heavy
neutral,2807,-1,1,0.045736,-3.9e-05,0.0,0.0,1,heavy
neutral,2808,-1,1,0.089502,-4.2e-05,0.0,0.0,1,heavy
neutral,2813,-1,1,-0.048946,-0.0,0.0,0.0,1,heavy
neutral,2814,-1,1,0.187778,0.000257,0.4939,0.0,1,heavy
neutral,2815,-1,1,0.181915,-4e-06,0.296,0.0,1,heavy
neutral,2816,-1,1,0.058701,-9.9e-05,0.0,0.0,1,heavy
neutral,2817,-1,1,0.071472,-0.000114,0.0,0.0,1,heavy
neutral,2818,-1,1,0.027885,-0.000126,-0.2263,0.0,1,heavy
neutral,2819,-1,1,0.006228,-0.00017,0.0,-1.0,1,heavy
neutral,2820,-1,1,0.082096,-0.000319,0.0,0.0,1,heavy
neutral,2821,-1,1,0.031489,9.2e-05,0.296,0.0,1,heavy
neutral,2822,-1,1,-0.360114,-0.00022,0.0,0.0,1,heavy
neutral,2823,-1,1,-0.183699,-0.000104,0.0,0.0,1,heavy
neutral,2824,-1,1,0.078761,-0.000119,0.0,0.0,1,heavy
neutral,2825,-1,1,0.181704,0.000191,0.3818,0.0,1,heavy
neutral,2826,-1,1,0.241007,9.3e-05,0.3612,0.0,1,heavy
neutral,2827,-1,1,0.060298,-0.000146,0.0,0.0,1,heavy
neutral,2828,-1,1,0.211173,-5.7e-05,0.0,0.0,1,heavy
neutral,2829,-1,1,0.019401,-5.7e-05,-0.1027,0.0,1,heavy
neutral,2830,-1,1,0.191679,-5.7e-05,0.2263,0.0,1,heavy
neutral,2831,-1,1,0.32818,0.000702,0.4019,0.0,1,heavy
neutral,2832,-1,1,-0.492325,-0.000629,0.0,0.0,1,heavy
neutral,2833,-1,1,0.037642,-2e-05,0.0,0.0,1,heavy
neutral,2834,-1,1,-0.100465,-0.000307,0.0,0.0,1,heavy
neutral,2835,-1,1,0.086849,-8.2e-05,0.34,0.0,1,heavy
neutral,2836,-1,1,0.102597,2.5e-05,0.0,0.0,1,heavy
neutral,2837,-1,1,0.1024,5.9e-05,0.0,0.0,1,heavy
neutral,2838,-1,1,0.089848,-5.7e-05,0.0,0.0,1,heavy
neutral,2839,-1,1,-0.016638,0.008394,0.0,0.0,1,heavy
neutral,2840,-1,1,-0.016898,-0.000167,0.0,0.0,1,heavy
neutral,2841,-1,1,0.011406,-4.4e-05,0.0,0.0,1,heavy
neutral,2842,-1,1,-0.089072,0.000888,0.0,0.0,1,heavy
neutral,2843,-1,1,0.061514,-0.000214,0.0,0.0,1,heavy
neutral,2844,-1,1,0.031767,0.000494,0.1779,0.0,1,heavy
neutral,2845,-1,1,-0.032833,-6e-05,0.0,0.0,1,heavy
neutral,2846,-1,1,-0.067474,-1.8e-05,0.0,0.0,1,heavy
neutral,2847,-1,1,0.113669,-0.000165,0.0,0.0,1,heavy
neutral,2848,-1,1,0.061641,-5.8e-05,0.0,0.0,1,heavy
neutral,2849,-1,1,0.027867,1.6e-05,0.5267,0.0,1,heavy
neutral,2850,-1,1,0.02561,1.3e-05,0.5267,0.0,1,heavy
neutral,2851,-1,1,0.086609,-0.000266,0.0,0.0,1,heavy
neutral,2852,-1,1,-0.007238,-9.9e-05,0.0,0.0,1,heavy
neutral,2853,-1,1,0.462814,0.000928,0.83,0.0,1,heavy
neutral,2854,-1,1,0.064971,-2.1e-05,0.0,0.0,1,heavy
neutral,2856,-1,1,0.13237,4.7e-05,0.2732,0.0,1,heavy
neutral,2857,-1,1,0.001243,-1.3e-05,0.0,0.0,1,heavy
neutral,2858,-1,1,0.276623,1.5e-05,0.2732,0.0,1,heavy
neutral,2859,-1,1,0.29589,-1.5e-05,0.2732,0.0,1,heavy
neutral,2860,-1,1,0.284996,-3e-06,0.2732,0.0,1,heavy
neutral,2862,-1,1,0.288262,-0.000114,0.2732,0.0,1,heavy
neutral,2863,-1,1,-0.007399,0.002169,0.0,0.0,1,heavy
neutral,2864,-1,1,0.131621,-0.000449,0.0,0.0,1,heavy
neutral,2865,-1,1,-0.165327,-0.000263,0.0,0.0,1,heavy
neutral,2866,-1,1,0.054478,-3.9e-05,0.0,0.0,1,heavy
neutral,2867,-1,1,0.146626,2.4e-05,0.0,0.0,1,heavy
neutral,2868,-1,1,-0.276346,-0.000199,0.0,0.0,1,heavy
neutral,2869,-1,1,-0.068508,0.000235,0.0,0.0,1,heavy
neutral,2870,-1,1,-0.106834,-0.000158,0.0,0.0,1,heavy
neutral,2873,-1,1,-0.090836,-0.000272,0.0,0.0,1,heavy
neutral,2874,-1,1,-0.219586,-0.000197,0.0,1.0,1,heavy
neutral,2875,-1,1,0.020138,-9e-06,0.0,0.0,1,heavy
neutral,2876,-1,1,0.116542,0.000254,0.0,0.0,1,heavy
neutral,2877,-1,1,-0.034064,4.1e-05,0.0,0.0,1,heavy
neutral,2878,-1,1,0.206587,4.4e-05,0.0,0.0,1,heavy
neutral,2879,-1,1,0.111651,0.000183,0.0,0.0,1,heavy
neutral,2880,-1,1,-0.146509,-5.3e-05,0.0,0.0,1,heavy
neutral,2881,-1,1,0.046059,-1e-06,0.0,0.0,1,heavy
neutral,2882,-1,1,0.030853,-0.000363,0.0,0.0,1,heavy
neutral,2883,-1,1,-0.058006,0.000568,0.0,0.0,1,heavy
neutral,2885,-1,1,0.037286,8.4e-05,0.0,0.0,1,heavy
neutral,2886,-1,1,0.202346,0.001403,0.34,0.0,1,heavy
neutral,2887,-1,1,-0.111806,-0.000358,-0.296,0.0,1,heavy
neutral,2888,-1,1,0.04376,-0.000196,0.0,0.0,1,heavy
neutral,2889,-1,1,-0.009977,-0.000107,0.0,0.0,1,heavy
neutral,2890,-1,1,-0.011783,-0.000121,0.0,0.0,1,heavy
neutral,2891,-1,1,-0.024312,-8.7e-05,0.0,0.0,1,heavy
neutral,2892,-1,1,-0.039887,-0.00011,0.0,0.0,1,heavy
neutral,2893,-1,1,-0.024448,3.5e-05,0.0,0.0,1,heavy
neutral,2894,-1,1,-0.019199,0.021716,0.0,0.0,1,heavy
neutral,2895,-1,1,0.157916,0.242725,-0.0516,0.0,1,heavy
neutral,2896,-1,1,0.147861,0.000738,0.0,-1.0,1,heavy
neutral,2897,-1,1,0.03548,3.2e-05,0.0,0.0,1,heavy
neutral,2898,-1,1,-0.140753,7.7e-05,0.0,0.0,1,heavy
neutral,2899,-1,1,-0.365119,-0.000346,0.0772,0.0,1,heavy
neutral,2900,-1,1,0.12033,-0.000125,0.2263,0.0,1,heavy
neutral,2901,-1,1,-0.005336,0.025006,0.0,1.0,1,heavy
neutral,2902,-1,1,0.363563,0.020623,0.296,0.0,1,heavy
neutral,2903,-1,1,0.202677,2e-05,0.0,0.0,1,heavy
neutral,2904,-1,1,0.823874,0.986964,0.5719,0.0,2,cheap
neutral,2905,-1,1,0.199362,0.190716,0.25,0.0,1,heavy
neutral,2906,-1,1,-0.154014,0.00558,0.0,0.0,1,heavy
neutral,2907,-1,1,0.178981,-2e-05,0.0,0.0,1,heavy
neutral,2908,-1,1,0.140342,0.00146,0.1027,0.0,1,heavy
neutral,2909,-1,1,-0.094813,6e-06,0.0,0.0,1,heavy
neutral,2910,-1,1,0.037435,-3e-06,0.296,0.0,1,heavy
neutral,2911,-1,1,-0.027617,-0.000132,0.0,0.0,1,heavy
neutral,2912,-1,1,0.066573,0.000109,0.296,0.0,1,heavy
neutral,2913,-1,1,-0.090521,0.136055,0.0,0.0,1,heavy
neutral,2914,-1,1,-0.015392,7.7e-05,0.0,0.0,1,heavy
neutral,2915,-1,1,0.135543,7.7e-05,0.2732,0.0,1,heavy
neutral,2916,-1,1,0.053012,-0.000178,0.0,0.0,1,heavy
neutral,2917,-1,1,-0.113731,-0.000157,0.0,0.0,1,heavy
neutral,2918,-1,1,0.153518,-6.6e-05,0.5859,0.0,1,heavy
neutral,2919,-1,1,-0.628062,-0.00239,-0.2263,0.0,0,cheap
neutral,2921,-1,1,-0.212404,-0.001068,0.0,0.0,1,heavy
neutral,2922,-1,1,-0.045803,-6e-06,0.0,0.0,1,heavy
neutral,2923,-1,1,0.376438,0.000251,0.6908,0.0,1,heavy
neutral,2925,-1,1,0.188422,-5.1e-05,0.4215,0.0,1,heavy
neutral,2926,-1,1,0.227666,-2.4e-05,0.4215,0.0,1,heavy
neutral,2927,-1,1,0.100759,1.2e-05,0.0,0.0,1,heavy
neutral,2929,-1,1,0.163132,-5e-05,0.2732,0.0,1,heavy
neutral,2930,-1,1,0.283671,0.000221,0.0,0.0,1,heavy
neutral,2931,-1,1,0.425207,-6.3e-05,0.4939,0.0,1,heavy
neutral,2933,-1,1,-0.163731,4e-05,0.0,0.0,1,heavy
neutral,2935,-1,1,0.252079,-3.2e-05,0.0,0.0,1,heavy
neutral,2936,-1,1,0.092198,-5.1e-05,0.0,0.0,1,heavy
neutral,2937,-1,1,-0.05537,-2.5e-05,0.0,0.0,1,heavy
neutral,2938,-1,1,0.08455,0.000112,0.5267,-1.0,1,heavy
neutral,2939,-1,1,0.08455,0.000192,0.5267,-1.0,1,heavy
neutral,2940,-1,1,-0.017909,0.000758,0.0,0.0,1,heavy
neutral,2941,-1,1,-0.006836,-0.000108,0.0,0.0,1,heavy
neutral,2942,-1,1,-0.1017,-7.1e-05,-0.4939,0.0,1,heavy
neutral,2943,-1,1,-0.088197,-9.8e-05,0.0,0.0,1,heavy
neutral,2944,-1,1,-0.029111,1e-06,0.0,0.0,1,heavy
neutral,2945,-1,1,0.421197,-0.000128,0.6124,0.0,1,heavy
neutral,2946,-1,1,-0.103608,-2.6e-05,0.0,0.0,1,heavy
neutral,2947,-1,1,0.2783,-0.000132,0.2732,0.0,1,heavy
neutral,2948,-1,1,0.476058,0.141294,0.4767,-1.0,1,heavy
neutral,2949,-1,1,0.307052,0.001959,0.34,0.0,1,heavy
neutral,2950,-1,1,0.047504,-5.4e-05,0.0,0.0,1,heavy
neutral,2952,-1,1,0.036221,-3.2e-05,0.0,0.0,1,heavy
neutral,2953,-1,1,0.030352,8e-06,0.0,0.0,1,heavy
neutral,2955,-1,1,0.179704,6.6e-05,0.0,0.0,1,heavy
neutral,2956,-1,1,0.003016,-7.7e-05,0.0,0.0,1,heavy
neutral,2957,-1,1,-0.049132,-7e-06,0.0,0.0,1,heavy
neutral,2958,-1,1,-0.163594,5.4e-05,0.0,0.0,1,heavy
neutral,2959,-1,1,-0.046308,0.002179,0.0,0.0,1,heavy
neutral,2960,-1,1,0.087313,0.000655,0.0,0.0,1,heavy
neutral,2961,-1,1,0.111113,-0.000116,0.0,0.0,1,heavy
neutral,2962,-1,1,-0.011186,-0.000173,0.0,0.0,1,heavy
neutral,2963,-1,1,-0.09121,-7.6e-05,0.0,0.0,1,heavy
neutral,2964,-1,1,0.015999,-3.2e-05,0.0,0.0,1,heavy
neutral,2965,-1,1,-0.09052,-0.000188,0.0,0.0,1,heavy
neutral,2966,-1,1,0.123446,-8.4e-05,0.0,0.0,1,heavy
neutral,2967,-1,1,0.097624,-6e-05,0.5106,0.0,1,heavy
neutral,2968,-1,1,0.029998,-8e-05,0.296,0.0,1,heavy
neutral,2969,-1,1,0.132602,-5.6e-05,0.0,0.0,1,heavy
neutral,2970,-1,1,0.158987,0.000256,0.3182,0.0,1,heavy
neutral,2971,-1,1,0.049197,-0.000185,0.0,0.0,1,heavy
neutral,2972,-1,1,-0.077811,-0.000216,0.0,0.0,1,heavy
neutral,2973,-1,1,-0.152801,-0.000139,0.0,0.0,1,heavy
neutral,2974,-1,1,-0.183334,-0.000372,0.0,0.0,1,heavy
neutral,2975,-1,1,0.216666,-3.3e-05,0.2732,0.0,1,heavy
neutral,2977,-1,1,0.236716,0.000291,0.2732,0.0,1,heavy
neutral,2978,-1,1,0.177184,1.8e-05,0.4019,0.0,1,heavy
neutral,2979,-1,1,0.042062,0.001186,0.0,0.0,1,heavy
neutral,2980,-1,1,0.241035,-0.000159,0.296,0.0,1,heavy
neutral,2981,-1,1,0.051745,-2e-05,0.0,0.0,1,heavy
neutral,2983,-1,1,0.01638,-0.000487,0.0,0.0,1,heavy
neutral,2984,-1,1,-0.204712,-7.6e-05,0.0,0.0,1,heavy
neutral,2985,-1,1,-0.008268,0.000137,0.0,0.0,1,heavy
neutral,2986,-1,1,0.154914,-0.000117,0.0,0.0,1,heavy
neutral,2988,-1,1,0.14473,-3.7e-05,0.296,0.0,1,heavy
neutral,2989,-1,1,0.161143,-0.000133,0.2732,0.0,1,heavy
neutral,2990,-1,1,0.042623,-8.4e-05,0.0,0.0,1,heavy
neutral,2991,-1,1,-0.547512,0.000255,-0.8316,0.0,1,heavy
neutral,2993,-1,1,-0.066882,0.000482,0.0,0.0,1,heavy
neutral,2994,-1,1,0.124417,-0.000254,0.2732,0.0,1,heavy
neutral,2995,-1,1,0.06225,0.000515,0.296,0.0,1,heavy
neutral,2996,-1,1,0.035553,0.10374,0.0,0.0,1,heavy
neutral,2998,-1,1,-0.383377,-0.06127,0.0,0.0,1,heavy
neutral,2999,-1,1,-0.087891,0.043877,0.296,0.0,1,heavy
neutral,3001,-1,1,0.494093,-8.3e-05,0.4019,0.0,1,heavy
neutral,3002,-1,1,0.165614,-0.000135,0.0,0.0,1,heavy
neutral,3003,-1,1,0.029494,-6.2e-05,0.0,0.0,1,heavy
neutral,3004,-1,1,0.031538,-5.3e-05,0.296,0.0,1,heavy
neutral,3005,-1,1,0.077153,-0.000116,0.0,0.0,1,heavy
neutral,3006,-1,1,0.039546,0.000256,0.0,0.0,1,heavy
neutral,3007,-1,1,0.006285,0.000486,0.0,0.0,1,heavy
neutral,3008,-1,1,0.036697,-3.3e-05,0.0,0.0,1,heavy
neutral,3009,-1,1,0.335411,-4.4e-05,0.3612,0.0,1,heavy
neutral,3010,-1,1,0.084662,0.003301,0.0,0.0,1,heavy
neutral,3011,-1,1,0.173059,0.000794,0.2732,1.0,1,heavy
neutral,3012,-1,1,0.035996,1.9e-05,0.0,0.0,1,heavy
neutral,3013,-1,1,0.28972,0.000528,0.1779,0.0,1,heavy
neutral,3016,-1,1,-0.228824,0.0494,0.0,0.0,1,heavy
neutral,3018,-1,1,0.074173,-7.9e-05,0.0,0.0,1,heavy
neutral,3019,-1,1,0.11475,0.005464,0.4215,0.0,1,heavy
neutral,3020,-1,1,-0.030668,-0.000316,0.0,0.0,1,heavy
neutral,3021,-1,1,0.204709,0.106534,0.0,0.0,1,heavy
neutral,3022,-1,1,0.299322,0.000527,0.0,0.0,1,heavy
neutral,3023,-1,1,-0.038003,-0.000155,0.0,0.0,1,heavy
neutral,3025,-1,1,-0.093324,4.4e-05,0.0,0.0,1,heavy
neutral,3026,-1,1,0.105481,7e-05,0.0,0.0,1,heavy
neutral,3027,-1,1,0.215334,-4.6e-05,0.0,0.0,1,heavy
neutral,3028,-1,1,0.041003,5.3e-05,0.0,-1.0,1,heavy
neutral,3030,-1,1,0.154999,-7e-06,0.0,0.0,1,heavy
neutral,3031,-1,1,0.113875,-2.8e-05,0.0,0.0,1,heavy
neutral,3032,-1,1,0.177821,-6e-05,0.1779,0.0,1,heavy
neutral,3034,-1,1,-0.231513,-5.9e-05,0.0,0.0,1,heavy
neutral,3035,-1,1,0.032117,-4.9e-05,0.0,0.0,1,heavy
neutral,3036,-1,1,-0.000112,-1.7e-05,0.0,0.0,1,heavy
neutral,3037,-1,1,-0.136898,0.001269,-0.2263,0.0,1,heavy
neutral,3038,-1,1,0.027215,5e-06,-0.1027,0.0,1,heavy
neutral,3040,-1,1,-0.023725,-0.000287,0.0,0.0,1,heavy
neutral,3041,-1,1,-0.194676,-0.000181,0.0,0.0,1,heavy
neutral,3042,-1,1,-0.187185,-9.8e-05,0.0,0.0,1,heavy
neutral,3043,-1,1,-0.072098,3e-06,0.0,0.0,1,heavy
neutral,3044,-1,1,-0.309128,-0.0,-0.6369,0.0,1,heavy
neutral,3045,-1,1,0.077197,-6.8e-05,0.0,0.0,1,heavy
neutral,3047,-1,1,0.215766,-5.9e-05,0.0,0.0,1,heavy
neutral,3048,-1,1,-0.415283,0.232499,-0.296,0.0,1,heavy
neutral,3049,-1,1,0.15572,-1.4e-05,0.2023,0.0,1,heavy
neutral,3050,-1,1,-0.076875,-5.8e-05,-0.296,0.0,1,heavy
neutral,3051,-1,1,-0.063332,-1.6e-05,-0.296,0.0,1,heavy
neutral,3052,-1,1,-0.255459,-2.5e-05,-0.296,0.0,1,heavy
neutral,3053,-1,1,-0.156472,-0.000287,-0.296,0.0,1,heavy
neutral,3054,-1,1,0.093608,7e-06,0.0,0.0,1,heavy
neutral,3055,-1,1,0.070669,0.014153,0.296,0.0,1,heavy
neutral,3056,-1,1,0.036902,-0.001486,0.0,0.0,1,heavy
neutral,3057,-1,1,-0.228229,-0.000491,-0.3612,0.0,1,heavy
neutral,3058,-1,1,0.166455,0.001279,0.0,0.0,1,heavy
neutral,3059,-1,1,-0.154976,-2e-06,0.0,0.0,1,heavy
neutral,3060,-1,1,0.144976,-8.2e-05,0.0772,0.0,1,heavy
neutral,3061,-1,1,0.007072,0.000713,0.0,0.0,1,heavy
neutral,3062,-1,1,0.02334,-0.000669,0.0,0.0,1,heavy
neutral,3063,-1,1,0.097452,-4.2e-05,0.0,0.0,1,heavy
neutral,3064,-1,1,0.025064,-5.8e-05,0.0,0.0,1,heavy
neutral,3065,-1,1,0.077528,-0.000404,0.0,0.0,1,heavy
neutral,3066,-1,1,0.073542,6e-06,0.0,0.0,1,heavy
neutral,3069,-1,1,0.006399,-2e-06,0.0,0.0,1,heavy
neutral,3070,-1,1,0.088785,-0.000202,0.0,0.0,1,heavy
neutral,3071,-1,1,0.095761,-0.000193,0.0,0.0,1,heavy
neutral,3072,-1,1,0.247065,-0.000333,0.5859,0.0,1,heavy
neutral,3073,-1,1,-0.008021,-0.000153,0.0,0.0,1,heavy
neutral,3074,-1,1,0.036189,0.00017,0.0,0.0,1,heavy
neutral,3075,-1,1,-0.016398,-9.9e-05,0.0,0.0,1,heavy
neutral,3076,-1,1,0.606042,6.6e-05,0.2023,0.0,2,cheap
neutral,3077,-1,1,0.120264,8.3e-05,0.0,0.0,1,heavy
neutral,3078,-1,1,-0.115677,9.4e-05,-0.3818,0.0,1,heavy
neutral,3079,-1,1,0.000774,-0.000125,0.0,0.0,1,heavy
neutral,3080,-1,1,0.011579,-1.7e-05,0.0,0.0,1,heavy
neutral,3081,-1,1,0.016599,-3e-06,0.0,0.0,1,heavy
neutral,3082,-1,1,-0.002228,-0.000214,0.0,0.0,1,heavy
neutral,3083,-1,1,-0.083915,-2.1e-05,0.0,0.0,1,heavy
neutral,3084,-1,1,-0.006711,6e-06,0.0,0.0,1,heavy
neutral,3085,-1,1,0.298204,-0.000141,0.0,0.0,1,heavy
neutral,3086,-1,1,0.15317,0.00023,0.296,0.0,1,heavy
neutral,3087,-1,1,-0.067246,-5.4e-05,0.0,0.0,1,heavy
neutral,3088,-1,1,0.057278,8e-06,0.128,0.0,1,heavy
neutral,3089,-1,1,0.019035,-0.000136,0.0,0.0,1,heavy
neutral,3090,-1,1,-0.019505,-4.4e-05,0.0,0.0,1,heavy
neutral,3091,-1,1,-0.014941,0.001472,0.0,1.0,1,heavy
neutral,3092,-1,1,0.142785,-7.3e-05,0.4215,0.0,1,heavy
neutral,3093,-1,1,0.440656,4.4e-05,0.6124,-1.0,1,heavy
neutral,3094,-1,1,0.349142,4.4e-05,0.6124,-1.0,1,heavy
neutral,3095,-1,1,0.17798,-5.9e-05,0.0,0.0,1,heavy
neutral,3096,-1,1,0.096213,0.026537,0.34,0.0,1,heavy
neutral,3097,-1,1,0.150076,7.4e-05,0.0,0.0,1,heavy
neutral,3098,-1,1,-0.02261,-0.000254,0.0,0.0,1,heavy
neutral,3099,-1,1,0.041853,-0.000152,0.0,0.0,1,heavy
neutral,3100,-1,1,0.148814,-9e-06,0.4215,0.0,1,heavy
neutral,3101,-1,1,0.120335,-0.000174,0.2732,0.0,1,heavy
neutral,3102,-1,1,0.250102,4e-06,0.4019,0.0,1,heavy
neutral,3103,-1,1,0.082191,-0.000112,0.0,0.0,1,heavy
neutral,3104,-1,1,-0.11339,0.000359,0.0,0.0,1,heavy
neutral,3105,-1,1,0.145287,0.000326,0.2732,0.0,1,heavy
neutral,3106,-1,1,0.087035,-0.000106,0.0,0.0,1,heavy
neutral,3107,-1,1,0.067659,-5.4e-05,0.0,0.0,1,heavy
neutral,3108,-1,1,0.151631,6e-06,0.1779,0.0,1,heavy
neutral,3109,-1,1,0.024322,-0.00025,0.0,0.0,1,heavy
neutral,3110,-1,1,0.011953,0.010656,-0.1027,0.0,1,heavy
neutral,3111,-1,1,-0.138308,0.0004,0.0,0.0,1,heavy
neutral,3112,-1,1,-0.022278,8.7e-05,0.0772,0.0,1,heavy
neutral,3113,-1,1,-0.014935,0.000163,0.0,0.0,1,heavy
neutral,3114,-1,1,0.111615,8.8e-05,0.6124,-1.0,1,heavy
neutral,3115,-1,1,0.031698,5.4e-05,0.0,0.0,1,heavy
neutral,3116,-1,1,0.024904,0.000455,0.0,0.0,1,heavy
neutral,3117,-1,1,0.122297,-4.4e-05,0.0,0.0,1,heavy
neutral,3119,-1,1,0.044341,0.001261,0.0,0.0,1,heavy
neutral,3120,-1,1,0.202003,0.001549,0.4404,0.0,1,heavy
neutral,3121,-1,1,0.164532,0.000784,0.0,0.0,1,heavy
neutral,3123,-1,1,-0.140128,-0.00035,-0.2235,-1.0,1,heavy
neutral,3124,-1,1,0.117047,0.00012,0.5267,0.0,1,heavy
neutral,3125,-1,1,0.040757,0.000219,0.296,0.0,1,heavy
neutral,3126,-1,1,-0.46484,-0.000106,0.0,0.0,1,heavy
neutral,3127,-1,1,0.0517,0.001374,0.0,0.0,1,heavy
neutral,3128,-1,1,0.11141,-2.1e-05,0.0,0.0,1,heavy
neutral,3130,-1,1,0.034553,8e-06,0.5267,0.0,1,heavy
neutral,3131,-1,1,0.152829,5e-06,0.1779,0.0,1,heavy
neutral,3133,-1,1,0.128818,0.000593,0.1779,0.0,1,heavy
neutral,3135,-1,1,0.0383,-1.4e-05,0.0,0.0,1,heavy
neutral,3136,-1,1,0.195732,-5.3e-05,0.0,0.0,1,heavy
neutral,3137,-1,1,0.427511,0.000212,0.3818,0.0,1,heavy
neutral,3138,-1,1,0.033131,0.000273,0.0,0.0,1,heavy
neutral,3139,-1,1,0.259693,3.9e-05,0.2023,0.0,1,heavy
neutral,3140,-1,1,0.031299,9.7e-05,0.0,0.0,1,heavy
neutral,3141,-1,1,0.144925,1.2e-05,0.6808,0.0,1,heavy
neutral,3142,-1,1,-0.046114,-8.8e-05,0.0,0.0,1,heavy
neutral,3143,-1,1,0.099505,-4.7e-05,0.1779,0.0,1,heavy
neutral,3144,-1,1,0.251914,-0.00011,0.3182,0.0,1,heavy
neutral,3145,-1,1,0.048857,-7.7e-05,0.0,0.0,1,heavy
neutral,3146,-1,1,0.425329,2.4e-05,0.25,0.0,1,heavy
neutral,3149,-1,1,0.160196,-5e-06,0.2732,0.0,1,heavy
neutral,3150,-1,1,0.010171,-7.3e-05,0.0,0.0,1,heavy
neutral,3151,-1,1,-0.028616,-0.000148,0.0,0.0,1,heavy
neutral,3152,-1,1,0.420761,-0.000156,0.4404,0.0,1,heavy
neutral,3153,-1,1,0.026843,-9.3e-05,0.0,0.0,1,heavy
neutral,3154,-1,1,-0.010402,0.061747,0.0,0.0,1,heavy
neutral,3155,-1,1,0.145826,-5.9e-05,0.0,0.0,1,heavy
neutral,3156,-1,1,0.112222,2.8e-05,0.0,0.0,1,heavy
neutral,3157,-1,1,0.509966,-7e-05,0.3818,0.0,1,heavy
neutral,3158,-1,1,-0.236351,0.000747,-0.3612,0.0,1,heavy
neutral,3159,-1,1,-0.175447,-4.5e-05,0.0,1.0,1,heavy
neutral,3160,-1,1,0.008437,-9.2e-05,0.0,0.0,1,heavy
neutral,3161,-1,1,0.106238,-4.6e-05,0.296,0.0,1,heavy
neutral,3162,-1,1,-0.140534,-0.000679,0.0,0.0,1,heavy
neutral,3163,-1,1,0.139367,0.000202,0.0,0.0,1,heavy
neutral,3164,-1,1,-0.174824,-0.000184,0.0,0.0,1,heavy
neutral,3165,-1,1,0.198171,0.000516,0.5719,0.0,1,heavy
neutral,3166,-1,1,-0.14042,0.000934,0.0,0.0,1,heavy
neutral,3167,-1,1,0.2247,9.2e-05,0.0,1.0,1,heavy
neutral,3168,-1,1,0.017856,-0.00012,0.0,0.0,1,heavy
neutral,3169,-1,1,0.204943,-0.000193,0.34,0.0,1,heavy
neutral,3170,-1,1,0.038217,4.1e-05,0.0,0.0,1,heavy
neutral,3171,-1,1,0.15002,0.000825,0.2732,0.0,1,heavy
neutral,3172,-1,1,-0.280057,0.00017,0.0,0.0,1,heavy
neutral,3173,-1,1,0.001542,-7e-05,0.0,0.0,1,heavy
neutral,3174,-1,1,0.064588,-7.7e-05,0.0,0.0,1,heavy
neutral,3175,-1,1,0.093216,-5.4e-05,0.0,0.0,1,heavy
neutral,3176,-1,1,-0.132157,-0.000582,0.0772,0.0,1,heavy
neutral,3177,-1,1,0.137031,0.000924,0.4019,0.0,1,heavy
neutral,3178,-1,1,0.156213,1.3e-05,0.34,0.0,1,heavy
neutral,3179,-1,1,0.125362,5e-05,0.34,0.0,1,heavy
neutral,3180,-1,1,0.134935,-2e-05,0.34,0.0,1,heavy
neutral,3181,-1,1,0.047516,-0.000113,0.0,0.0,1,heavy
neutral,3182,-1,1,-0.080983,0.119686,0.0,-1.0,1,heavy
neutral,3183,-1,1,0.112794,-0.000257,0.0,0.0,1,heavy
neutral,3184,-1,1,0.028829,-0.000129,0.0,0.0,1,heavy
neutral,3185,-1,1,0.12271,-9.4e-05,0.2732,0.0,1,heavy
neutral,3186,-1,1,-0.022582,-0.000156,0.296,0.0,1,heavy
neutral,3187,-1,1,-0.106021,-0.000279,0.0,0.0,1,heavy
neutral,3188,-1,1,-0.032657,0.000416,0.0,0.0,1,heavy
neutral,3189,-1,1,0.187636,0.006833,0.0,0.0,1,heavy
neutral,3190,-1,1,-0.35702,-0.000527,-0.296,0.0,1,heavy
neutral,3191,-1,1,-0.02892,0.000453,0.0,0.0,1,heavy
neutral,3192,-1,1,0.004955,-8.4e-05,0.0,0.0,1,heavy
neutral,3193,-1,1,0.097626,-3.9e-05,0.296,0.0,1,heavy
neutral,3194,-1,1,0.027123,-7.9e-05,0.0,0.0,1,heavy
neutral,3195,-1,1,-0.018812,-9.1e-05,0.0,0.0,1,heavy
neutral,3196,-1,1,0.106254,9.2e-05,0.0,0.0,1,heavy
neutral,3197,-1,1,0.069196,0.003051,0.296,0.0,1,heavy
neutral,3198,-1,1,0.169123,0.000382,0.296,0.0,1,heavy
neutral,3199,-1,1,0.050064,0.000513,0.296,0.0,1,heavy
neutral,3200,-1,1,0.090174,-0.000145,0.0,0.0,1,heavy
neutral,3201,-1,1,0.15216,-6.9e-05,0.3818,0.0,1,heavy
neutral,3202,-1,1,-0.633857,-0.000486,0.0,0.0,0,cheap
neutral,3203,-1,1,-0.220143,-0.000224,-0.296,0.0,1,heavy
neutral,3204,-1,1,0.090057,-5.5e-05,0.0,0.0,1,heavy
neutral,3205,-1,1,0.194718,-6.2e-05,0.4939,0.0,1,heavy
neutral,3206,-1,1,0.181394,-6.2e-05,0.4939,0.0,1,heavy
neutral,3207,-1,1,0.245051,0.000164,0.0,0.0,1,heavy
neutral,3208,-1,1,0.2369,-7e-05,0.2732,0.0,1,heavy
neutral,3209,-1,1,0.044937,8e-06,0.0,0.0,1,heavy
neutral,3210,-1,1,0.126452,-3.7e-05,0.0,0.0,1,heavy
neutral,3211,-1,1,0.140523,0.00014,0.296,0.0,1,heavy
neutral,3212,-1,1,-0.590173,-0.005016,-0.296,0.0,1,heavy
neutral,3213,-1,1,0.012715,5.4e-05,0.0,0.0,1,heavy
neutral,3214,-1,1,0.151779,2.3e-05,0.0,0.0,1,heavy
neutral,3215,-1,1,0.222774,-9.3e-05,0.0,0.0,1,heavy
neutral,3216,-1,1,0.315544,-6.7e-05,0.0,0.0,1,heavy
neutral,3217,-1,1,-0.366166,-0.000108,-0.3818,0.0,1,heavy
neutral,3218,-1,1,0.066672,-4.7e-05,0.0,0.0,1,heavy
neutral,3219,-1,1,0.033456,-5.5e-05,0.0,0.0,1,heavy
neutral,3220,-1,1,0.22836,0.000232,0.3182,0.0,1,heavy
neutral,3221,-1,1,0.274276,-1e-05,0.0,0.0,1,heavy
neutral,3222,-1,1,0.214369,-4.3e-05,0.0,0.0,1,heavy
neutral,3223,-1,1,0.089378,0.000718,0.0,0.0,1,heavy
neutral,3226,-1,1,-0.134028,-1.7e-05,0.0,0.0,1,heavy
neutral,3227,-1,1,0.314099,-1.5e-05,0.4939,0.0,1,heavy
neutral,3228,-1,1,0.094122,1.5e-05,0.0,1.0,1,heavy
neutral,3229,-1,1,-0.032742,-7.5e-05,0.0,0.0,1,heavy
neutral,3231,-1,1,-0.071099,-0.023129,0.0,0.0,1,heavy
neutral,3232,-1,1,0.063134,-8.1e-05,0.296,0.0,1,heavy
neutral,3233,-1,1,0.133233,8.4e-05,0.296,0.0,1,heavy
neutral,3234,-1,1,0.036418,-0.000188,0.0,0.0,1,heavy
neutral,3235,-1,1,-0.413055,-0.000767,0.0,0.0,1,heavy
neutral,3236,-1,1,-0.088809,-8.4e-05,0.0,0.0,1,heavy
neutral,3237,-1,1,0.059253,6.4e-05,0.0,0.0,1,heavy
neutral,3238,-1,1,-0.02017,-0.00014,0.0,0.0,1,heavy
neutral,3239,-1,1,0.197318,-0.000119,0.1779,0.0,1,heavy
neutral,3240,-1,1,0.143439,0.041547,0.0,0.0,1,heavy
neutral,3241,-1,1,-0.175937,0.00037,0.0,0.0,1,heavy
neutral,3243,-1,1,0.147855,-2.5e-05,0.4215,0.0,1,heavy
neutral,3244,-1,1,0.248199,0.000975,0.3818,0.0,1,heavy
neutral,3245,-1,1,0.155166,-8.6e-05,0.5719,0.0,1,heavy
neutral,3246,-1,1,-0.002596,-2.3e-05,0.0,0.0,1,heavy
neutral,3247,-1,1,-0.013828,-2.2e-05,0.0,0.0,1,heavy
neutral,3248,-1,1,-0.060722,-7.9e-05,0.0,0.0,1,heavy
neutral,3249,-1,1,-0.030546,-6.8e-05,0.0,0.0,1,heavy
neutral,3250,-1,1,0.396944,9.4e-05,0.4588,0.0,1,heavy
neutral,3251,-1,1,-0.017074,-1.9e-05,0.0,0.0,1,heavy
neutral,3252,-1,1,0.215679,0.001138,0.2732,-1.0,1,heavy
neutral,3253,-1,1,-0.043081,-0.000101,0.0,0.0,1,heavy
neutral,3254,-1,1,0.047654,-7.4e-05,0.0,0.0,1,heavy
neutral,3255,-1,1,0.139905,0.000244,0.2732,0.0,1,heavy
neutral,3256,-1,1,-0.131585,-2e-05,0.0,0.0,1,heavy
neutral,3257,-1,1,0.141402,0.0002,0.0,0.0,1,heavy
neutral,3258,-1,1,-0.150911,0.003744,0.1027,-1.0,1,heavy
neutral,3259,-1,1,0.045842,-0.0001,0.0,0.0,1,heavy
neutral,3260,-1,1,-0.14693,-0.000263,0.0,0.0,1,heavy
neutral,3261,-1,1,0.083407,0.000124,0.0,0.0,1,heavy
neutral,3262,-1,1,-0.02427,0.99955,0.0,-1.0,2,heavy
neutral,3263,-1,1,0.015489,-0.000185,0.0,0.0,1,heavy
neutral,3264,-1,1,0.206912,0.000457,0.0,0.0,1,heavy
neutral,3265,-1,1,0.329299,3.4e-05,0.4019,0.0,1,heavy
neutral,3266,-1,1,-0.011301,-0.000147,0.0,0.0,1,heavy
neutral,3267,-1,1,0.080067,-3.7e-05,0.0,0.0,1,heavy
neutral,3268,-1,1,0.296072,3.3e-05,0.3182,0.0,1,heavy
neutral,3269,-1,1,0.095961,-4e-05,0.0,0.0,1,heavy
neutral,3270,-1,1,-0.031491,-0.000144,0.0,0.0,1,heavy
neutral,3271,-1,1,-0.635299,-6.9e-05,-0.3612,0.0,0,cheap
neutral,3272,-1,1,-0.164311,-9.9e-05,0.0,0.0,1,heavy
neutral,3273,-1,1,-0.067813,8.1e-05,0.0,0.0,1,heavy
neutral,3274,-1,1,-0.414632,-0.000188,-0.2732,0.0,1,heavy
neutral,3275,-1,1,-0.26794,-0.001096,0.0,0.0,1,heavy
neutral,3276,-1,1,0.383912,3e-05,0.0,0.0,1,heavy
neutral,3277,-1,1,0.186971,-4.5e-05,0.34,0.0,1,heavy
neutral,3278,-1,1,0.159808,-5.2e-05,0.1779,0.0,1,heavy
neutral,3279,-1,1,0.346438,2e-06,0.6808,0.0,1,heavy
neutral,3280,-1,1,0.001562,-0.000126,0.34,0.0,1,heavy
neutral,3281,-1,1,0.148943,-0.00013,0.0,0.0,1,heavy
neutral,3282,-1,1,0.016295,-2.8e-05,0.2732,0.0,1,heavy
neutral,3283,-1,1,0.026578,-0.000112,0.34,0.0,1,heavy
neutral,3284,-1,1,0.020037,0.051722,0.0,0.0,1,heavy
neutral,3285,-1,1,0.043888,-0.000111,0.0,0.0,1,heavy
neutral,3286,-1,1,0.291157,-3e-05,0.4159,0.0,1,heavy
neutral,3287,-1,1,-0.019083,-1.3e-05,0.0,0.0,1,heavy
neutral,3288,-1,1,-0.04641,-8.4e-05,0.0,0.0,1,heavy
neutral,3290,-1,1,0.049537,-7.8e-05,0.0,0.0,1,heavy
neutral,3291,-1,1,0.07738,-5.5e-05,0.0,0.0,1,heavy
neutral,3292,-1,1,0.18589,6e-05,0.0,0.0,1,heavy
neutral,3293,-1,1,-0.014547,0.003989,0.0,0.0,1,heavy
neutral,3294,-1,1,0.184851,-0.000307,0.0,0.0,1,heavy
neutral,3295,-1,1,0.032484,-5.4e-05,0.0,0.0,1,heavy
neutral,3296,-1,1,0.102495,0.004803,0.296,0.0,1,heavy
neutral,3297,-1,1,0.039583,0.896119,0.0,0.0,2,heavy
neutral,3298,-1,1,0.019345,-0.000109,0.0,0.0,1,heavy
neutral,3299,-1,1,0.04176,-8.3e-05,0.5719,0.0,1,heavy
neutral,3300,-1,1,-0.267904,-0.000106,0.0772,0.0,1,heavy
neutral,3302,-1,1,0.103917,6e-05,0.296,0.0,1,heavy
neutral,3303,-1,1,-0.242871,-0.001834,-0.296,0.0,1,heavy
neutral,3304,-1,1,0.163008,-5.3e-05,0.0,0.0,1,heavy
neutral,3305,-1,1,0.057445,-3.2e-05,0.0,0.0,1,heavy
neutral,3306,-1,1,0.076651,-2e-05,0.0,0.0,1,heavy
neutral,3307,-1,1,0.122848,-4.5e-05,0.0,0.0,1,heavy
neutral,3308,-1,1,0.003142,-0.0,0.0,0.0,1,heavy
neutral,3309,-1,1,0.022163,1.2e-05,0.0,0.0,1,heavy
neutral,3310,-1,1,0.079905,8.4e-05,0.0,0.0,1,heavy
neutral,3311,-1,1,0.131249,-8.6e-05,0.34,0.0,1,heavy
neutral,3312,-1,1,0.5515,8e-06,0.4939,0.0,1,heavy
neutral,3313,-1,1,0.110351,-0.000106,0.0,0.0,1,heavy
neutral,3314,-1,1,0.342469,-0.000337,0.5574,0.0,1,heavy
neutral,3315,-1,1,0.045306,-8e-06,0.0,0.0,1,heavy
neutral,3316,-1,1,0.165845,2.7e-05,0.3182,0.0,1,heavy
neutral,3318,-1,1,0.292318,-3.7e-05,0.34,0.0,1,heavy
neutral,3319,-1,1,0.103647,0.000336,0.0,0.0,1,heavy
neutral,3320,-1,1,-0.285162,7.4e-05,0.0,0.0,1,heavy
neutral,3321,-1,1,-0.037988,-1.3e-05,0.0,0.0,1,heavy
neutral,3322,-1,1,0.068327,-6.2e-05,0.0,0.0,1,heavy
neutral,3323,-1,1,-0.120216,1.4e-05,-0.296,0.0,1,heavy
neutral,3324,-1,1,0.013937,-1.7e-05,0.0,0.0,1,heavy
neutral,3325,-1,1,-0.001876,6.2e-05,0.0,0.0,1,heavy
neutral,3326,-1,1,0.025047,-0.000148,0.0,0.0,1,heavy
neutral,3327,-1,1,0.021635,-0.000236,0.0,0.0,1,heavy
neutral,3328,-1,1,-0.011862,-0.000155,0.0,0.0,1,heavy
neutral,3329,-1,1,-0.013694,-0.000159,0.0,0.0,1,heavy
neutral,3330,-1,1,-0.068196,-7.7e-05,0.0,0.0,1,heavy
neutral,3331,-1,1,-0.547448,0.975768,-0.296,0.0,2,heavy
neutral,3332,-1,1,0.386048,0.999733,0.0,0.0,2,heavy
neutral,3333,-1,1,0.471934,0.000244,0.3612,0.0,1,heavy
neutral,3334,-1,1,0.011975,-9.5e-05,0.0,0.0,1,heavy
neutral,3335,-1,1,0.093557,-8.1e-05,0.0,0.0,1,heavy
neutral,3336,-1,1,-0.03981,-3e-06,0.0,0.0,1,heavy
neutral,3337,-1,1,-0.055815,-4.8e-05,0.0,0.0,1,heavy
neutral,3338,-1,1,0.065475,-0.001545,0.0,0.0,1,heavy
neutral,3339,-1,1,-0.007581,-4.4e-05,0.0,0.0,1,heavy
neutral,3341,-1,1,-0.025235,-4.6e-05,0.0,0.0,1,heavy
neutral,3342,-1,1,-0.138834,-0.000104,0.0,0.0,1,heavy
neutral,3343,-1,1,-0.294062,-0.006511,0.0,0.0,1,heavy
neutral,3344,-1,1,0.085972,0.003288,0.0258,0.0,1,heavy
neutral,3345,-1,1,0.038852,-6.6e-05,0.0,0.0,1,heavy
neutral,3346,-1,1,0.065114,-7.1e-05,0.0,0.0,1,heavy
neutral,3347,-1,1,0.474029,0.162803,0.7845,0.0,1,heavy
neutral,3348,-1,1,0.180523,0.012768,0.0,0.0,1,heavy
neutral,3349,-1,1,-0.023326,-4.4e-05,0.0,0.0,1,heavy
neutral,3350,-1,1,-0.029177,-4.9e-05,0.0,0.0,1,heavy
neutral,3351,-1,1,0.090985,0.000129,0.0,0.0,1,heavy
neutral,3352,-1,1,-0.058707,-1.3e-05,0.0,0.0,1,heavy
neutral,3353,-1,1,0.129127,-7.3e-05,0.0,0.0,1,heavy
neutral,3354,-1,1,-0.063077,-9.3e-05,0.0,0.0,1,heavy
neutral,3355,-1,1,0.007043,-0.00011,0.0,0.0,1,heavy
neutral,3356,-1,1,-0.046016,-4e-06,0.0,0.0,1,heavy
neutral,3357,-1,1,0.193957,-5.8e-05,0.3818,0.0,1,heavy
neutral,3358,-1,1,0.092913,-2.3e-05,0.296,0.0,1,heavy
neutral,3359,-1,1,0.057657,-2.1e-05,0.7096,0.0,1,heavy
neutral,3360,-1,1,0.335032,0.99945,0.296,1.0,2,heavy
neutral,3361,-1,1,0.057481,-5.5e-05,0.296,0.0,1,heavy
neutral,3362,-1,1,-0.006747,-0.000154,0.5709,0.0,1,heavy
neutral,3363,-1,1,0.107037,0.000151,0.5267,0.0,1,heavy
neutral,3364,-1,1,0.008104,5.4e-05,0.296,0.0,1,heavy
neutral,3365,-1,1,0.025824,-5.4e-05,0.0,0.0,1,heavy
neutral,3366,-1,1,0.267152,0.000129,0.3182,0.0,1,heavy
neutral,3367,-1,1,0.126906,0.000507,0.3612,0.0,1,heavy
neutral,3368,-1,1,0.329573,0.001782,0.4215,0.0,1,heavy
neutral,3369,-1,1,0.303149,-4.2e-05,0.6369,0.0,1,heavy
neutral,3370,-1,1,-0.026516,7.1e-05,0.0,0.0,1,heavy
neutral,3371,-1,1,0.146404,-0.00011,0.2732,0.0,1,heavy
neutral,3372,-1,1,0.04669,0.000428,0.0,0.0,1,heavy
neutral,3373,-1,1,0.119883,-0.0,0.0,0.0,1,heavy
neutral,3374,-1,1,0.191721,-4.1e-05,0.3182,0.0,1,heavy
neutral,3375,-1,1,0.070657,0.004045,0.0,0.0,1,heavy
neutral,3376,-1,1,-0.061765,-0.000126,0.1513,0.0,1,heavy
neutral,3377,-1,1,-0.126399,0.000251,0.0,0.0,1,heavy
neutral,3378,-1,1,0.276958,-1.4e-05,0.3612,0.0,1,heavy
neutral,3379,-1,1,-0.024281,-7e-06,0.0,0.0,1,heavy
neutral,3380,-1,1,0.049411,-7.4e-05,0.4005,0.0,1,heavy
neutral,3381,-1,1,0.149716,-2e-06,0.4005,0.0,1,heavy
neutral,3382,-1,1,0.281574,0.010539,0.2023,0.0,1,heavy
neutral,3383,-1,1,0.243903,-6.8e-05,0.4019,0.0,1,heavy
neutral,3384,-1,1,0.09086,0.000129,0.0,0.0,1,heavy
neutral,3385,-1,1,0.584741,5.9e-05,0.8519,0.0,1,heavy
neutral,3386,-1,1,0.13357,0.255377,0.1779,0.0,1,heavy
neutral,3387,-1,1,0.102266,0.00016,0.128,0.0,1,heavy
neutral,3388,-1,1,-0.000436,8.1e-05,0.0,0.0,1,heavy
neutral,3389,-1,1,0.062988,-4.5e-05,0.34,0.0,1,heavy
neutral,3390,-1,1,0.051662,1.7e-05,0.34,0.0,1,heavy
neutral,3391,-1,1,0.07462,-1.4e-05,0.34,0.0,1,heavy
neutral,3392,-1,1,0.061842,-2.5e-05,0.34,0.0,1,heavy
neutral,3393,-1,1,0.050688,-2.5e-05,0.34,0.0,1,heavy
neutral,3394,-1,1,0.08621,1.5e-05,0.34,0.0,1,heavy
neutral,3395,-1,1,0.042159,-0.000103,0.34,0.0,1,heavy
neutral,3396,-1,1,0.054514,-0.00011,0.34,0.0,1,heavy
neutral,3397,-1,1,0.089563,-7e-06,0.34,0.0,1,heavy
neutral,3398,-1,1,0.09918,2.5e-05,0.34,0.0,1,heavy
neutral,3399,-1,1,0.154201,-6.2e-05,0.34,0.0,1,heavy
neutral,3400,-1,1,0.094844,-3.5e-05,0.34,0.0,1,heavy
neutral,3401,-1,1,0.053922,-1e-05,0.34,0.0,1,heavy
neutral,3402,-1,1,-0.013119,-7.6e-05,0.0,0.0,1,heavy
neutral,3403,-1,1,0.511223,0.001129,0.2732,1.0,1,heavy
neutral,3404,-1,1,0.054571,-2.1e-05,0.0,0.0,1,heavy
neutral,3405,-1,1,0.125732,0.000328,0.1779,0.0,1,heavy
neutral,3406,-1,1,0.008672,-3.3e-05,0.0,0.0,1,heavy
neutral,3408,-1,1,0.41674,0.000708,0.1531,0.0,1,heavy
neutral,3409,-1,1,-0.200238,-0.000141,0.0,0.0,1,heavy
neutral,3410,-1,1,-0.225062,-0.000572,-0.296,0.0,1,heavy
neutral,3411,-1,1,-0.0305,-0.001447,0.0,0.0,1,heavy
neutral,3412,-1,1,0.108405,0.00056,0.2732,0.0,1,heavy
neutral,3413,-1,1,0.003194,-0.000229,0.0,0.0,1,heavy
neutral,3414,-1,1,0.106185,-5.9e-05,0.34,0.0,1,heavy
neutral,3415,-1,1,0.062594,-8e-05,0.34,0.0,1,heavy
neutral,3416,-1,1,-0.031669,1.6e-05,0.0,0.0,1,heavy
neutral,3417,-1,1,0.09103,-2.7e-05,0.0,0.0,1,heavy
neutral,3418,-1,1,0.098914,-0.000171,0.2732,0.0,1,heavy
neutral,3419,-1,1,-0.00334,-0.000181,0.0,0.0,1,heavy
neutral,3420,-1,1,0.001842,-7.8e-05,0.0,0.0,1,heavy
neutral,3421,-1,1,0.139454,-0.000139,0.296,0.0,1,heavy
neutral,3422,-1,1,0.139454,-4.3e-05,0.296,0.0,1,heavy
neutral,3423,-1,1,0.242823,-0.001128,0.5719,0.0,1,heavy
neutral,3424,-1,1,0.249258,-5.2e-05,0.0,0.0,1,heavy
neutral,3425,-1,1,0.149248,-0.000121,0.3182,0.0,1,heavy
neutral,3426,-1,1,0.064556,-0.000303,0.0,0.0,1,heavy
neutral,3427,-1,1,0.28434,0.001,0.296,0.0,1,heavy
neutral,3428,-1,1,0.037655,-6.7e-05,0.5267,0.0,1,heavy
neutral,3429,-1,1,0.066385,-1e-05,0.0,0.0,1,heavy
neutral,3430,-1,1,0.250477,0.001153,0.3612,0.0,1,heavy
neutral,3431,-1,1,0.214247,-3e-05,0.0,0.0,1,heavy
neutral,3432,-1,1,-0.019424,9e-06,0.0,0.0,1,heavy
neutral,3433,-1,1,0.07478,-8.6e-05,0.0,0.0,1,heavy
neutral,3434,-1,1,0.028474,0.182976,0.0,-1.0,1,heavy
neutral,3435,-1,1,-0.338104,-0.000311,-0.34,0.0,1,heavy
neutral,3436,-1,1,0.152738,0.010483,0.0772,0.0,1,heavy
neutral,3437,-1,1,0.036282,0.000911,-0.1027,0.0,1,heavy
neutral,3438,-1,1,-0.004294,0.000394,0.0,0.0,1,heavy
neutral,3439,-1,1,0.016095,-5.4e-05,0.0,0.0,1,heavy
neutral,3440,-1,1,0.033392,-0.001867,0.0,0.0,1,heavy
neutral,3441,-1,1,0.098649,-1.9e-05,-0.0258,0.0,1,heavy
neutral,3442,-1,1,0.31945,-1e-05,0.34,0.0,1,heavy
neutral,3443,-1,1,-0.017157,0.000118,0.0,0.0,1,heavy
neutral,3444,-1,1,-0.069482,-6.1e-05,0.0,0.0,1,heavy
neutral,3445,-1,1,0.21894,0.000109,0.0,0.0,1,heavy
neutral,3446,-1,1,-0.065977,-8.9e-05,0.0,0.0,1,heavy
neutral,3447,-1,1,0.196707,-7.4e-05,0.2732,0.0,1,heavy
neutral,3448,-1,1,0.089496,-1.6e-05,0.0,0.0,1,heavy
neutral,3449,-1,1,0.420142,-1.8e-05,0.2716,0.0,1,heavy
neutral,3450,-1,1,0.053034,-0.0002,0.0,0.0,1,heavy
neutral,3451,-1,1,-0.326079,-0.001383,-0.1531,0.0,1,heavy
neutral,3452,-1,1,-0.095485,-5.2e-05,0.0,0.0,1,heavy
neutral,3453,-1,1,0.105142,-0.003484,0.3182,0.0,1,heavy
neutral,3454,-1,1,-0.39895,0.001749,-0.296,0.0,1,heavy
neutral,3455,-1,1,0.212351,-0.000101,0.5106,0.0,1,heavy
neutral,3456,-1,1,0.024168,1e-05,0.0,0.0,1,heavy
neutral,3457,-1,1,0.164402,-1e-05,0.3818,0.0,1,heavy
neutral,3458,-1,1,0.239992,-4.9e-05,0.0,0.0,1,heavy
neutral,3459,-1,1,0.163355,-2e-06,0.0,0.0,1,heavy
neutral,3460,-1,1,0.025577,-2.9e-05,0.0,0.0,1,heavy
neutral,3461,-1,1,0.132488,0.966753,0.0,0.0,2,heavy
neutral,3462,-1,1,-0.024993,0.000113,0.0,0.0,1,heavy
neutral,3463,-1,1,0.139645,8.7e-05,0.0,0.0,1,heavy
neutral,3464,-1,1,-0.039512,-0.000732,0.1877,0.0,1,heavy
neutral,3465,-1,1,0.459922,0.011572,0.4767,0.0,1,heavy
neutral,3466,-1,1,-0.014965,-0.000823,0.0,0.0,1,heavy
neutral,3467,-1,1,0.034265,-0.001039,0.0,0.0,1,heavy
neutral,3468,-1,1,0.041854,7e-05,0.0,0.0,1,heavy
neutral,3469,-1,1,0.074308,-0.000648,0.4404,1.0,1,heavy
neutral,3470,-1,1,0.184047,-8.8e-05,0.4404,1.0,1,heavy
neutral,3471,-1,1,-0.044576,-0.000181,0.4404,1.0,1,heavy
neutral,3472,-1,1,0.248931,-0.000173,0.4404,1.0,1,heavy
neutral,3473,-1,1,0.044209,1.3e-05,0.0,0.0,1,heavy
neutral,3474,-1,1,0.009484,-1.3e-05,0.0,0.0,1,heavy
neutral,3475,-1,1,0.14761,0.000253,0.4404,1.0,1,heavy
neutral,3476,-1,1,0.035679,4.4e-05,0.0,0.0,1,heavy
neutral,3477,-1,1,0.166773,-0.000435,0.3612,0.0,1,heavy
neutral,3478,-1,1,0.18766,-0.000109,0.2023,0.0,1,heavy
neutral,3479,-1,1,0.657841,0.000579,0.3818,0.0,2,cheap
neutral,3480,-1,1,-0.027556,-0.000272,-0.128,0.0,1,heavy
neutral,3481,-1,1,0.134612,-7e-06,0.0,0.0,1,heavy
neutral,3482,-1,1,0.08165,-0.000124,0.34,0.0,1,heavy
neutral,3483,-1,1,0.059589,0.000288,0.0,0.0,1,heavy
neutral,3484,-1,1,0.098042,0.999698,0.0,0.0,2,heavy
neutral,3485,-1,1,0.535641,0.000318,0.4939,0.0,1,heavy
neutral,3486,-1,1,0.04217,-0.000122,0.0,0.0,1,heavy
neutral,3487,-1,1,0.069823,-3.9e-05,0.0,0.0,1,heavy
neutral,3488,-1,1,0.197059,-5e-05,0.0,0.0,1,heavy
neutral,3489,-1,1,0.01106,-6e-06,0.0,0.0,1,heavy
neutral,3490,-1,1,0.267909,0.026418,0.1779,0.0,1,heavy
neutral,3493,-1,1,0.003744,-3.3e-05,0.0,0.0,1,heavy
neutral,3494,-1,1,0.005293,-0.000411,0.0,0.0,1,heavy
neutral,3496,-1,1,-0.110657,-0.000208,0.0,0.0,1,heavy
neutral,3497,-1,1,-0.050202,6.5e-05,0.0516,0.0,1,heavy
neutral,3499,-1,1,0.114668,9.2e-05,0.7003,0.0,1,heavy
neutral,3500,-1,1,0.034339,-0.000256,0.0,0.0,1,heavy
neutral,3501,-1,1,0.025298,-0.000108,0.296,0.0,1,heavy
neutral,3503,-1,1,-0.03605,0.005431,0.0,0.0,1,heavy
neutral,3504,-1,1,0.095773,0.000195,0.0,0.0,1,heavy
neutral,3505,-1,1,0.479686,0.00039,0.3818,1.0,1,heavy
neutral,3506,-1,1,0.500863,0.004634,0.3182,0.0,1,heavy
neutral,3507,-1,1,-0.198259,0.00022,0.4404,1.0,1,heavy
neutral,3508,-1,1,0.508963,-3.2e-05,0.4404,1.0,1,heavy
neutral,3509,-1,1,0.20858,-1.9e-05,0.296,0.0,1,heavy
neutral,3510,-1,1,0.32724,0.02139,0.0,0.0,1,heavy
neutral,3511,-1,1,-0.00413,-8.5e-05,0.0,0.0,1,heavy
neutral,3512,-1,1,-0.016851,7e-06,0.0,0.0,1,heavy
neutral,3513,-1,1,0.003172,-4e-05,0.0,0.0,1,heavy
neutral,3514,-1,1,0.020625,-4.5e-05,0.0,0.0,1,heavy
neutral,3515,-1,1,0.08582,0.000417,0.296,0.0,1,heavy
neutral,3516,-1,1,0.650051,-3e-06,0.765,0.0,2,cheap
neutral,3517,-1,1,0.421066,3.6e-05,0.7096,0.0,1,heavy
neutral,3518,-1,1,0.206408,4.2e-05,0.4019,0.0,1,heavy
neutral,3519,-1,1,0.094778,4e-06,0.0,0.0,1,heavy
neutral,3520,-1,1,0.118336,9.2e-05,0.0,0.0,1,heavy
neutral,3521,-1,1,0.138724,-0.000171,0.0,0.0,1,heavy
neutral,3522,-1,1,0.109345,-0.000232,0.0,0.0,1,heavy
neutral,3523,-1,1,0.031784,-2.7e-05,0.0,0.0,1,heavy
neutral,3524,-1,1,0.127474,-6.1e-05,0.0,0.0,1,heavy
neutral,3525,-1,1,-0.875194,-0.000312,-0.296,0.0,0,cheap
neutral,3526,-1,1,0.053188,0.145042,0.0,0.0,1,heavy
neutral,3527,-1,1,0.02148,-7.4e-05,0.0,0.0,1,heavy
neutral,3528,-1,1,-0.085192,-0.000443,0.0,0.0,1,heavy
neutral,3529,-1,1,-0.135226,2.3e-05,0.0,0.0,1,heavy
neutral,3530,-1,1,0.004281,0.000365,0.0,0.0,1,heavy
neutral,3531,-1,1,0.112575,-0.000333,0.0,0.0,1,heavy
neutral,3532,-1,1,-0.301471,-8.8e-05,0.0772,0.0,1,heavy
neutral,3533,-1,1,-0.681654,0.000859,0.0772,0.0,0,cheap
neutral,3535,-1,1,-0.01481,-3.3e-05,0.0,0.0,1,heavy
neutral,3536,-1,1,0.190553,4.3e-05,0.0,0.0,1,heavy
neutral,3538,-1,1,0.120319,-0.000234,0.0,0.0,1,heavy
neutral,3539,-1,1,0.028866,4.2e-05,0.1779,0.0,1,heavy
neutral,3540,-1,1,0.146327,-2.9e-05,0.0,0.0,1,heavy
neutral,3541,-1,1,0.059482,-1.4e-05,0.0,0.0,1,heavy
neutral,3542,-1,1,0.155217,-5e-06,0.0,0.0,1,heavy
neutral,3544,-1,1,0.039544,-2.4e-05,0.0,0.0,1,heavy
neutral,3545,-1,1,0.164905,-5.6e-05,0.4404,1.0,1,heavy
neutral,3546,-1,1,-0.009371,-7.8e-05,0.0772,0.0,1,heavy
neutral,3547,-1,1,-0.225004,-0.000142,0.0,0.0,1,heavy
neutral,3548,-1,1,-0.001149,-7.4e-05,0.0,0.0,1,heavy
neutral,3549,-1,1,0.395087,-0.000134,0.34,0.0,1,heavy
neutral,3550,-1,1,-0.046895,-0.000173,0.0,0.0,1,heavy
neutral,3551,-1,1,0.359402,-4.5e-05,0.1779,0.0,1,heavy
neutral,3552,-1,1,0.010772,9.4e-05,0.0,0.0,1,heavy
neutral,3553,-1,1,0.035776,-5.9e-05,0.2732,0.0,1,heavy
neutral,3554,-1,1,0.084433,-0.0001,0.0,0.0,1,heavy
neutral,3555,-1,1,0.04147,6e-05,-0.1027,0.0,1,heavy
neutral,3556,-1,1,-0.005493,7.5e-05,0.0,0.0,1,heavy
neutral,3558,-1,1,0.07486,-7.4e-05,0.0,0.0,1,heavy
neutral,3559,-1,1,0.137556,3.7e-05,0.0,0.0,1,heavy
neutral,3560,-1,1,-0.023572,-0.000212,0.0,0.0,1,heavy
neutral,3561,-1,1,-0.074047,-0.000179,0.0,0.0,1,heavy
neutral,3562,-1,1,-0.079246,-0.000142,0.0,0.0,1,heavy
neutral,3563,-1,1,-0.124411,-0.000129,-0.1779,0.0,1,heavy
neutral,3564,-1,1,0.035653,0.000192,0.0,0.0,1,heavy
neutral,3565,-1,1,-0.032482,-0.000118,0.0,0.0,1,heavy
neutral,3566,-1,1,0.118042,-6.6e-05,0.2732,0.0,1,heavy
neutral,3567,-1,1,0.078804,-0.000138,0.2732,0.0,1,heavy
neutral,3568,-1,1,-0.026558,-7.8e-05,0.0,0.0,1,heavy
neutral,3569,-1,1,-0.003118,-4e-06,0.0,0.0,1,heavy
neutral,3570,-1,1,0.043709,-4.6e-05,0.0,0.0,1,heavy
neutral,3571,-1,1,0.182816,0.000297,0.2732,0.0,1,heavy
neutral,3572,-1,1,-0.268986,-0.008125,-0.0258,-1.0,1,heavy
neutral,3573,-1,1,-0.524158,-0.276477,-0.0258,-1.0,1,heavy
neutral,3574,-1,1,-0.064873,-0.000219,-0.296,0.0,1,heavy
neutral,3575,-1,1,0.05461,-0.000116,0.0,0.0,1,heavy
neutral,3576,-1,1,-0.047403,-0.000111,0.0,0.0,1,heavy
neutral,3577,-1,1,0.123787,-0.000137,0.0,0.0,1,heavy
neutral,3578,-1,1,0.022535,0.000143,0.296,0.0,1,heavy
neutral,3579,-1,1,0.396348,0.000477,0.4404,1.0,1,heavy
neutral,3580,-1,1,0.026329,-4.3e-05,0.0,0.0,1,heavy
neutral,3581,-1,1,0.25217,-0.000446,0.4588,0.0,1,heavy
neutral,3582,-1,1,0.052869,0.001561,0.296,0.0,1,heavy
neutral,3583,-1,1,0.014871,-0.0001,0.0,0.0,1,heavy
neutral,3584,-1,1,0.327504,-0.001515,0.3182,0.0,1,heavy
neutral,3585,-1,1,0.24305,0.503906,0.2732,0.0,2,heavy
neutral,3586,-1,1,-0.584646,-0.00106,-0.3182,-1.0,1,heavy
neutral,3587,-1,1,-0.576473,-0.000322,-0.3612,0.0,1,heavy
neutral,3588,-1,1,0.269533,0.88498,0.0,0.0,2,heavy
neutral,3589,-1,1,-0.073473,0.000927,0.0,0.0,1,heavy
neutral,3591,-1,1,0.585561,1.1e-05,0.6705,0.0,1,heavy
neutral,3592,-1,1,0.036754,0.000279,0.0,0.0,1,heavy
neutral,3593,-1,1,0.01238,-5.5e-05,0.0,0.0,1,heavy
neutral,3594,-1,1,0.089523,8e-05,0.0,0.0,1,heavy
neutral,3595,-1,1,-0.009758,0.00047,0.0,0.0,1,heavy
neutral,3596,-1,1,0.073987,-1e-05,0.0,0.0,1,heavy
neutral,3597,-1,1,0.178632,0.001029,0.3612,0.0,1,heavy
neutral,3598,-1,1,0.249187,0.011166,0.3612,0.0,1,heavy
neutral,3599,-1,1,0.194328,0.000381,0.4404,1.0,1,heavy
neutral,3600,-1,1,0.192056,0.000427,0.4404,1.0,1,heavy
neutral,3601,-1,1,0.093014,-2.8e-05,0.2732,0.0,1,heavy
neutral,3602,-1,1,0.504071,-3.4e-05,0.3818,1.0,1,heavy
neutral,3603,-1,1,-0.41951,-0.999116,0.0,0.0,0,heavy
neutral,3604,-1,1,0.012769,-2e-06,0.0,0.0,1,heavy
neutral,3605,-1,1,0.313432,-1.1e-05,0.1779,0.0,1,heavy
neutral,3606,-1,1,0.196697,-0.00032,0.4404,1.0,1,heavy
neutral,3607,-1,1,0.296901,0.000294,0.3612,0.0,1,heavy
neutral,3608,-1,1,0.026769,0.160877,0.0,0.0,1,heavy
neutral,3609,-1,1,0.111916,2.5e-05,0.0,0.0,1,heavy
neutral,3610,-1,1,0.02142,0.981623,0.0,0.0,2,heavy
neutral,3611,-1,1,0.042656,-0.000161,0.0,0.0,1,heavy
neutral,3612,-1,1,-0.009569,-0.000113,0.0,0.0,1,heavy
neutral,3613,-1,1,-0.080333,-0.000286,0.0,0.0,1,heavy
neutral,3615,-1,1,-0.084814,-0.000181,0.0,0.0,1,heavy
neutral,3616,-1,1,-0.115233,-0.000284,0.0,0.0,1,heavy
neutral,3617,-1,1,-0.08012,-0.000529,0.0,0.0,1,heavy
neutral,3618,-1,1,-0.074832,4e-06,0.0,0.0,1,heavy
neutral,3619,-1,1,0.38311,-7e-05,0.4404,1.0,1,heavy
neutral,3620,-1,1,0.043079,8.7e-05,0.0,0.0,1,heavy
neutral,3621,-1,1,-0.072074,4.3e-05,0.0,0.0,1,heavy
neutral,3623,-1,1,0.068864,4.1e-05,0.0,0.0,1,heavy
neutral,3624,-1,1,0.341009,1.7e-05,0.4939,0.0,1,heavy
neutral,3626,-1,1,0.136376,4e-06,0.0,0.0,1,heavy
neutral,3627,-1,1,0.428891,0.000267,0.2732,0.0,1,heavy
neutral,3628,-1,1,0.384633,0.708318,0.3182,0.0,2,heavy
neutral,3629,-1,1,0.338307,-7.5e-05,0.4404,1.0,1,heavy
neutral,3631,-1,1,0.151445,1.3e-05,0.0,0.0,1,heavy
neutral,3632,-1,1,-0.075798,-1.3e-05,0.0,0.0,1,heavy
neutral,3634,-1,1,0.068334,-3.2e-05,0.0,0.0,1,heavy
neutral,3635,-1,1,-0.119874,-0.000411,0.0,0.0,1,heavy
neutral,3636,-1,1,0.331707,-2.6e-05,0.6486,0.0,1,heavy
neutral,3637,-1,1,0.012354,-5.1e-05,0.0,0.0,1,heavy
neutral,3639,-1,1,-0.347536,0.001268,0.0772,0.0,1,heavy
neutral,3640,-1,1,-0.118864,0.000223,0.0,0.0,1,heavy
neutral,3641,-1,1,-0.122523,0.005612,0.0,0.0,1,heavy
neutral,3642,-1,1,0.267483,-0.000453,0.4404,1.0,1,heavy
neutral,3643,-1,1,0.141087,-5.9e-05,0.4404,1.0,1,heavy
neutral,3644,-1,1,0.104073,0.006396,0.0,0.0,1,heavy
neutral,3645,-1,1,0.099712,0.098118,0.0,0.0,1,heavy
neutral,3646,-1,1,-0.039724,-7.6e-05,0.0,0.0,1,heavy
neutral,3647,-1,1,0.253524,0.999513,0.0,0.0,2,heavy
neutral,3648,-1,1,0.049609,7e-06,0.2732,0.0,1,heavy
neutral,3649,-1,1,0.08088,7.9e-05,0.0,0.0,1,heavy
neutral,3650,-1,1,-0.041618,0.88866,0.0258,0.0,2,heavy
neutral,3651,-1,1,0.324648,-6.9e-05,0.4767,0.0,1,heavy
neutral,3652,-1,1,0.096007,2.8e-05,0.5267,0.0,1,heavy
neutral,3653,-1,1,0.006161,-0.000147,0.4404,1.0,1,heavy
neutral,3654,-1,1,0.08004,0.000101,0.0,0.0,1,heavy
neutral,3655,-1,1,0.016995,-8.7e-05,0.0,0.0,1,heavy
neutral,3656,-1,1,0.456374,0.998953,0.4588,0.0,2,heavy
neutral,3657,-1,1,0.031107,7e-06,0.0,0.0,1,heavy
neutral,3658,-1,1,0.008368,-0.000243,0.0,0.0,1,heavy
neutral,3660,-1,1,-0.151338,0.000281,0.0,0.0,1,heavy
neutral,3661,-1,1,0.287488,-0.000134,0.2732,0.0,1,heavy
neutral,3662,-1,1,0.030888,2.2e-05,0.0,0.0,1,heavy
neutral,3664,-1,1,0.425173,-0.000195,0.6124,0.0,1,heavy
neutral,3666,-1,1,0.229857,-0.000192,0.4939,0.0,1,heavy
neutral,3667,-1,1,0.158682,-7e-05,0.2732,0.0,1,heavy
neutral,3668,-1,1,0.213018,5.9e-05,0.0,0.0,1,heavy
neutral,3669,-1,1,0.107819,0.000246,0.0,0.0,1,heavy
neutral,3670,-1,1,-0.018929,0.0001,0.0516,0.0,1,heavy
neutral,3671,-1,1,0.119578,-5e-06,0.34,0.0,1,heavy
neutral,3672,-1,1,0.377399,0.005403,0.5574,0.0,1,heavy
neutral,3673,-1,1,0.046657,-8.2e-05,0.0258,0.0,1,heavy
neutral,3674,-1,1,0.05287,9e-06,0.0,0.0,1,heavy
neutral,3675,-1,1,0.071731,-1.6e-05,0.296,-1.0,1,heavy
neutral,3676,-1,1,0.14896,0.083171,0.0,0.0,1,heavy
neutral,3677,-1,1,0.633086,0.000379,0.4336,1.0,2,cheap
neutral,3678,-1,1,0.385986,0.990563,0.4019,0.0,2,heavy
neutral,3679,-1,1,-0.112353,-0.000341,0.0,0.0,1,heavy
neutral,3680,-1,1,0.390729,0.000265,0.5859,0.0,1,heavy
neutral,3681,-1,1,0.007765,-6.1e-05,0.0,0.0,1,heavy
neutral,3682,-1,1,0.689001,0.000221,0.7351,0.0,2,cheap
neutral,3683,-1,1,-0.007335,-2.4e-05,0.0,0.0,1,heavy
neutral,3684,-1,1,0.308597,0.038252,0.0,0.0,1,heavy
neutral,3685,-1,1,0.039702,-8e-06,0.0,0.0,1,heavy
neutral,3686,-1,1,0.000477,-1.3e-05,0.0,0.0,1,heavy
neutral,3687,-1,1,-0.040289,-4.3e-05,0.0,0.0,1,heavy
neutral,3688,-1,1,0.406498,0.971003,0.5574,0.0,2,heavy
neutral,3689,-1,1,0.189445,2.1e-05,0.2023,0.0,1,heavy
neutral,3690,-1,1,-0.114231,-0.000102,0.0,0.0,1,heavy
neutral,3691,-1,1,0.240467,0.008419,0.4588,0.0,1,heavy
neutral,3692,-1,1,0.029864,2.6e-05,0.0,0.0,1,heavy
neutral,3693,-1,1,-0.06848,-0.000488,0.0,0.0,1,heavy
neutral,3694,-1,1,-0.061344,-4e-06,-0.296,0.0,1,heavy
neutral,3695,-1,1,-0.05172,-9.7e-05,-0.296,0.0,1,heavy
neutral,3696,-1,1,-0.187588,-6.9e-05,-0.296,0.0,1,heavy
neutral,3697,-1,1,-0.051065,-3e-05,-0.296,0.0,1,heavy
neutral,3698,-1,1,0.040239,-3.2e-05,0.5267,0.0,1,heavy
neutral,3699,-1,1,-0.576844,-0.001731,0.0,-1.0,1,heavy
neutral,3700,-1,1,0.103053,-2.7e-05,0.0,0.0,1,heavy
neutral,3701,-1,1,0.171733,9.6e-05,0.296,1.0,1,heavy
neutral,3702,-1,1,0.138957,2.7e-05,0.2732,0.0,1,heavy
neutral,3703,-1,1,-0.023298,-0.000143,0.0,0.0,1,heavy
neutral,3704,-1,1,0.12495,-8.6e-05,0.0,0.0,1,heavy
neutral,3705,-1,1,-0.021931,-3.8e-05,0.0,0.0,1,heavy
neutral,3706,-1,1,0.062291,4.6e-05,0.0,0.0,1,heavy
neutral,3707,-1,1,-0.278178,-0.000157,0.4404,1.0,1,heavy
neutral,3708,-1,1,0.122251,0.000139,0.3818,0.0,1,heavy
neutral,3709,-1,1,0.381397,-0.000138,0.2732,0.0,1,heavy
neutral,3710,-1,1,0.232591,-0.000216,0.0,0.0,1,heavy
neutral,3711,-1,1,0.100836,-2.8e-05,0.0,0.0,1,heavy
neutral,3712,-1,1,0.070059,-0.000149,0.0,0.0,1,heavy
neutral,3713,-1,1,0.074522,6.1e-05,0.0,0.0,1,heavy
neutral,3714,-1,1,0.056214,-5.3e-05,0.6808,0.0,1,heavy
neutral,3715,-1,1,0.134797,0.000197,0.296,0.0,1,heavy
neutral,3716,-1,1,0.172418,0.001528,0.4215,0.0,1,heavy
neutral,3718,-1,1,-0.038277,-0.0001,0.0,0.0,1,heavy
neutral,3719,-1,1,0.091533,-6e-06,0.5267,0.0,1,heavy
neutral,3720,-1,1,-0.75743,-0.001966,-0.296,0.0,0,cheap
neutral,3721,-1,1,0.040551,-1.1e-05,0.0,0.0,1,heavy
neutral,3722,-1,1,0.012698,-1.7e-05,0.0,0.0,1,heavy
neutral,3723,-1,1,0.011094,-3.5e-05,0.0,0.0,1,heavy
neutral,3724,-1,1,-0.725117,0.00011,-0.228,0.0,0,cheap
neutral,3725,-1,1,-0.200132,0.000109,0.0,0.0,1,heavy
neutral,3726,-1,1,0.202184,-0.000252,0.4404,1.0,1,heavy
neutral,3727,-1,1,0.231748,-1e-06,0.5267,0.0,1,heavy
neutral,3728,-1,1,0.112793,-3.6e-05,0.5267,0.0,1,heavy
neutral,3729,-1,1,-0.040264,-0.000608,0.0,0.0,1,heavy
neutral,3730,-1,1,0.207341,-2.3e-05,0.0,0.0,1,heavy
neutral,3731,-1,1,0.285609,-7.6e-05,0.0,0.0,1,heavy
neutral,3732,-1,1,0.008992,0.000159,0.0,0.0,1,heavy
neutral,3733,-1,1,0.054878,-7.6e-05,0.0,0.0,1,heavy
neutral,3734,-1,1,0.049971,-6e-06,0.0,0.0,1,heavy
neutral,3735,-1,1,-0.017591,-5.6e-05,0.0,0.0,1,heavy
neutral,3736,-1,1,0.208762,-2.2e-05,0.0,0.0,1,heavy
neutral,3737,-1,1,0.000338,0.000594,0.0,0.0,1,heavy
neutral,3738,-1,1,0.069775,-0.000209,0.296,0.0,1,heavy
neutral,3739,-1,1,0.194446,0.001109,0.0,0.0,1,heavy
neutral,3740,-1,1,0.079903,-3e-06,0.0,0.0,1,heavy
neutral,3741,-1,1,0.079204,0.000421,0.0,0.0,1,heavy
neutral,3743,-1,1,-0.10387,0.000156,0.0,0.0,1,heavy
neutral,3744,-1,1,-0.106249,-5.4e-05,0.0,0.0,1,heavy
neutral,3745,-1,1,0.106036,-2.2e-05,0.7096,0.0,1,heavy
neutral,3746,-1,1,0.024126,-7e-05,0.0,0.0,1,heavy
neutral,3747,-1,1,0.349018,0.001499,0.4588,0.0,1,heavy
neutral,3748,-1,1,-0.272851,-0.00023,0.0,0.0,1,heavy
neutral,3749,-1,1,0.188397,-4.1e-05,0.6705,0.0,1,heavy
neutral,3751,-1,1,0.048759,5e-05,0.0,0.0,1,heavy
neutral,3752,-1,1,0.624418,0.970936,0.4019,0.0,2,cheap
neutral,3753,-1,1,0.442625,0.00045,0.3182,0.0,1,heavy
neutral,3754,-1,1,0.002067,-9e-06,0.0,0.0,1,heavy
neutral,3755,-1,1,0.031251,-0.000102,0.0,0.0,1,heavy
neutral,3756,-1,1,-0.01003,-1e-05,0.0,0.0,1,heavy
neutral,3757,-1,1,0.38365,-4.8e-05,0.4404,0.0,1,heavy
neutral,3758,-1,1,0.016528,-6.7e-05,0.0,0.0,1,heavy
neutral,3759,-1,1,0.234629,0.000334,0.3182,0.0,1,heavy
neutral,3760,-1,1,0.24896,0.000136,0.7845,0.0,1,heavy
neutral,3761,-1,1,0.56482,4.8e-05,0.3818,1.0,1,heavy
neutral,3763,-1,1,0.343101,-1.4e-05,0.7096,0.0,1,heavy
neutral,3764,-1,1,0.339379,-3.7e-05,0.4939,0.0,1,heavy
neutral,3765,-1,1,0.209875,0.000381,0.1779,0.0,1,heavy
neutral,3766,-1,1,0.183466,1e-05,0.34,0.0,1,heavy
neutral,3767,-1,1,0.010837,-3.4e-05,0.0,0.0,1,heavy
neutral,3768,-1,1,-0.174239,0.00164,0.0,0.0,1,heavy
neutral,3769,-1,1,0.212397,0.996712,0.4404,1.0,2,heavy
neutral,3770,-1,1,0.018758,0.000359,0.0,0.0,1,heavy
neutral,3771,-1,1,0.003907,-9.2e-05,0.0,0.0,1,heavy
neutral,3772,-1,1,0.013347,-5.7e-05,0.0,0.0,1,heavy
neutral,3773,-1,1,0.03759,-5.7e-05,0.0,0.0,1,heavy
neutral,3774,-1,1,0.169051,-0.000185,0.0,0.0,1,heavy
neutral,3775,-1,1,0.068227,6e-06,0.0,0.0,1,heavy
neutral,3776,-1,1,0.043132,-3.6e-05,0.0,0.0,1,heavy
neutral,3777,-1,1,0.02458,-6.8e-05,0.0,0.0,1,heavy
neutral,3778,-1,1,0.032482,0.058781,0.0,0.0,1,heavy
neutral,3779,-1,1,-0.153803,-0.000347,-0.1511,0.0,1,heavy
neutral,3780,-1,1,-0.007266,7e-06,0.0,0.0,1,heavy
neutral,3781,-1,1,0.003212,-2.9e-05,0.0,0.0,1,heavy
neutral,3782,-1,1,-0.025975,-1.1e-05,0.0,0.0,1,heavy
neutral,3783,-1,1,0.043247,2.3e-05,0.4404,1.0,1,heavy
neutral,3784,-1,1,-0.018799,0.105498,0.0,0.0,1,heavy
neutral,3785,-1,1,-0.079657,-5e-06,0.0,0.0,1,heavy
neutral,3786,-1,1,0.246558,4.2e-05,0.0,0.0,1,heavy
neutral,3787,-1,1,0.206163,-2.2e-05,0.4215,0.0,1,heavy
neutral,3788,-1,1,0.137595,0.000258,0.0,0.0,1,heavy
neutral,3789,-1,1,0.046593,0.319218,0.0,0.0,2,heavy
neutral,3791,-1,1,0.041552,-0.000171,0.0,0.0,1,heavy
neutral,3792,-1,1,0.026743,0.044143,0.0,0.0,1,heavy
neutral,3793,-1,1,-0.022893,9.3e-05,0.0,0.0,1,heavy
neutral,3794,-1,1,-0.19475,-0.000105,0.0,0.0,1,heavy
neutral,3795,-1,1,0.11129,-4.3e-05,0.4404,1.0,1,heavy
neutral,3796,-1,1,-0.058517,-7.7e-05,0.0,0.0,1,heavy
neutral,3797,-1,1,0.07365,-0.000152,0.0,0.0,1,heavy
neutral,3798,-1,1,0.050433,-5.7e-05,0.0,0.0,1,heavy
neutral,3799,-1,1,0.161738,-0.000132,0.4939,0.0,1,heavy
neutral,3800,-1,1,0.320564,-0.000153,0.3182,0.0,1,heavy
neutral,3801,-1,1,-0.145596,0.00027,0.0,0.0,1,heavy
neutral,3802,-1,1,0.019474,-6.4e-05,0.0,0.0,1,heavy
neutral,3803,-1,1,0.180065,-7.7e-05,0.0,0.0,1,heavy
neutral,3804,-1,1,-0.089892,2.4e-05,0.0772,0.0,1,heavy
neutral,3805,-1,1,0.528401,0.003808,0.2732,0.0,1,heavy
neutral,3806,-1,1,0.48856,0.999737,0.5267,0.0,2,heavy
neutral,3807,-1,1,0.086736,-3.7e-05,0.0,0.0,1,heavy
neutral,3809,-1,1,-0.032485,0.000138,-0.1027,0.0,1,heavy
neutral,3810,-1,1,-0.157904,-0.000146,0.0772,0.0,1,heavy
neutral,3811,-1,1,0.161029,0.000782,0.0,0.0,1,heavy
neutral,3812,-1,1,0.14103,7e-06,0.2263,0.0,1,heavy
neutral,3813,-1,1,0.188909,-0.000144,0.34,0.0,1,heavy
neutral,3814,-1,1,0.098185,-0.000101,0.3818,0.0,1,heavy
neutral,3815,-1,1,0.017676,-1e-05,0.0,0.0,1,heavy
neutral,3816,-1,1,-0.054871,-4.6e-05,0.0,0.0,1,heavy
neutral,3817,-1,1,-0.073396,-0.000211,0.0772,0.0,1,heavy
neutral,3818,-1,1,0.049858,-2e-05,0.0,0.0,1,heavy
neutral,3819,-1,1,0.42166,0.99961,0.0,0.0,2,heavy
neutral,3820,-1,1,0.040056,0.000176,0.2732,0.0,1,heavy
neutral,3821,-1,1,0.002667,0.000136,0.2023,0.0,1,heavy
neutral,3822,-1,1,0.01345,-9.7e-05,0.0,0.0,1,heavy
neutral,3823,-1,1,0.055822,0.001091,0.128,0.0,1,heavy
neutral,3824,-1,1,-0.016587,1.1e-05,0.0,0.0,1,heavy
neutral,3825,-1,1,0.237461,3.1e-05,0.4404,1.0,1,heavy
neutral,3826,-1,1,0.065597,-7.7e-05,0.0,0.0,1,heavy
neutral,3827,-1,1,0.329952,0.58877,0.6369,0.0,2,heavy
neutral,3828,-1,1,-0.042397,-7e-05,0.0,0.0,1,heavy
neutral,3829,-1,1,0.005754,-4.3e-05,0.0,0.0,1,heavy
neutral,3830,-1,1,0.117866,-6.5e-05,0.0,0.0,1,heavy
neutral,3831,-1,1,0.13423,-5.7e-05,0.0,0.0,1,heavy
neutral,3832,-1,1,0.132615,-4.1e-05,0.0,0.0,1,heavy
neutral,3833,-1,1,0.081393,-4e-05,0.2732,0.0,1,heavy
neutral,3834,-1,1,0.2656,7.1e-05,0.0,0.0,1,heavy
neutral,3836,-1,1,0.138566,-0.000109,0.2732,0.0,1,heavy
neutral,3837,-1,1,0.22626,0.000853,0.5859,0.0,1,heavy
neutral,3838,-1,1,0.242658,3.9e-05,0.2732,0.0,1,heavy
neutral,3839,-1,1,-0.032041,5.5e-05,0.0,0.0,1,heavy
neutral,3840,-1,1,0.286792,-1e-05,0.6808,0.0,1,heavy
neutral,3841,-1,1,0.074187,-3.8e-05,0.34,0.0,1,heavy
neutral,3842,-1,1,0.081237,-6.1e-05,0.0,0.0,1,heavy
neutral,3843,-1,1,0.141266,0.993068,0.0,0.0,2,heavy
neutral,3844,-1,1,-0.00353,-5e-06,0.0,0.0,1,heavy
neutral,3845,-1,1,0.018104,4.7e-05,0.0,0.0,1,heavy
neutral,3846,-1,1,0.042311,4.8e-05,0.0,0.0,1,heavy
neutral,3847,-1,1,0.17538,0.070642,0.0,0.0,1,heavy
neutral,3848,-1,1,0.135522,-0.000114,0.3818,0.0,1,heavy
neutral,3849,-1,1,0.073841,0.000781,0.0,0.0,1,heavy
neutral,3850,-1,1,-0.068015,-0.000198,0.0,0.0,1,heavy
neutral,3851,-1,1,0.337586,-0.000211,0.5719,0.0,1,heavy
neutral,3852,-1,1,0.080699,-9.6e-05,0.0,0.0,1,heavy
neutral,3853,-1,1,-0.033459,-8.3e-05,0.0,0.0,1,heavy
neutral,3854,-1,1,0.054938,-7.7e-05,0.0,0.0,1,heavy
neutral,3855,-1,1,0.298609,0.999778,0.2023,0.0,2,heavy
neutral,3856,-1,1,-0.062455,-0.000504,0.0,-1.0,1,heavy
neutral,3857,-1,1,0.16294,-1.9e-05,0.4404,1.0,1,heavy
neutral,3858,-1,1,0.171965,-0.000126,0.0,0.0,1,heavy
neutral,3859,-1,1,0.21129,-0.000434,0.4404,1.0,1,heavy
neutral,3860,-1,1,0.084365,6.6e-05,0.2732,0.0,1,heavy
neutral,3861,-1,1,-0.042995,1e-06,0.0,0.0,1,heavy
neutral,3862,-1,1,-0.094037,7e-06,0.0,0.0,1,heavy
neutral,3863,-1,1,0.041827,0.000329,0.0,-1.0,1,heavy
neutral,3864,-1,1,0.08442,-2.8e-05,0.0,0.0,1,heavy
neutral,3865,-1,1,0.336184,-0.000169,0.2716,0.0,1,heavy
neutral,3866,-1,1,0.20617,-3e-05,0.2732,0.0,1,heavy
neutral,3867,-1,1,0.251477,0.00011,0.4404,1.0,1,heavy
neutral,3868,-1,1,0.087784,5e-06,0.0,0.0,1,heavy
neutral,3869,-1,1,0.158439,4.1e-05,0.296,0.0,1,heavy
neutral,3871,-1,1,0.419009,0.007757,0.7717,0.0,1,heavy
neutral,3872,-1,1,-0.138081,0.000109,0.0,0.0,1,heavy
neutral,3873,-1,1,0.115905,0.001124,0.0,0.0,1,heavy
neutral,3874,-1,1,0.054582,-7.1e-05,0.2732,0.0,1,heavy
neutral,3875,-1,1,-0.003623,-3.5e-05,0.0,0.0,1,heavy
neutral,3876,-1,1,0.075225,-5.5e-05,0.2732,0.0,1,heavy
neutral,3877,-1,1,0.085539,-7.4e-05,0.2732,0.0,1,heavy
neutral,3878,-1,1,0.054445,-6.7e-05,0.0,0.0,1,heavy
neutral,3879,-1,1,0.146835,-0.000123,0.4019,0.0,1,heavy
neutral,3880,-1,1,-0.004223,1.5e-05,0.0,0.0,1,heavy
neutral,3881,-1,1,0.269262,-8.5e-05,0.4019,0.0,1,heavy
neutral,3882,-1,1,0.011255,-4.5e-05,0.0,0.0,1,heavy
neutral,3883,-1,1,0.038316,0.000114,0.0,0.0,1,heavy
neutral,3884,-1,1,-0.046543,-0.000178,0.0,0.0,1,heavy
neutral,3885,-1,1,0.011407,-5.1e-05,0.705,0.0,1,heavy
neutral,3886,-1,1,-0.000282,0.000151,0.296,0.0,1,heavy
neutral,3887,-1,1,0.272267,0.001009,0.4939,0.0,1,heavy
neutral,3888,-1,1,-0.031373,-0.000122,0.0,0.0,1,heavy
neutral,3889,-1,1,0.098454,-5.4e-05,0.0,0.0,1,heavy
neutral,3891,-1,1,0.131498,-5.9e-05,0.0,0.0,1,heavy
neutral,3892,-1,1,0.001952,4.2e-05,0.0258,0.0,1,heavy
neutral,3893,-1,1,0.415229,3.1e-05,0.2732,0.0,1,heavy
neutral,3894,-1,1,-0.134942,-2e-06,-0.3612,0.0,1,heavy
neutral,3895,-1,1,0.14179,-2e-06,0.2732,0.0,1,heavy
neutral,3896,-1,1,0.140516,-6.3e-05,0.6705,0.0,1,heavy
neutral,3897,-1,1,-0.657085,-0.000813,-0.3182,-1.0,0,cheap
neutral,3898,-1,1,0.035101,-0.0,0.0,0.0,1,heavy
neutral,3899,-1,1,-0.287558,-0.000356,-0.2278,1.0,1,heavy
neutral,3900,-1,1,0.075921,0.000124,0.0,0.0,1,heavy
neutral,3901,-1,1,0.126228,-6.3e-05,0.0,0.0,1,heavy
neutral,3902,-1,1,0.057515,-0.000162,0.0,0.0,1,heavy
neutral,3903,-1,1,-0.000287,-3.7e-05,0.0,0.0,1,heavy
neutral,3904,-1,1,0.179179,0.000269,0.3182,0.0,1,heavy
neutral,3905,-1,1,0.388259,0.003179,0.6124,0.0,1,heavy
neutral,3907,-1,1,0.091753,0.000149,0.0,0.0,1,heavy
neutral,3908,-1,1,0.051335,3.3e-05,0.0,0.0,1,heavy
neutral,3909,-1,1,0.048353,-1.5e-05,0.0,0.0,1,heavy
neutral,3910,-1,1,-0.073392,-0.041494,0.0,0.0,1,heavy
neutral,3911,-1,1,0.104457,0.000127,0.0,0.0,1,heavy
neutral,3912,-1,1,0.037706,-5e-05,0.0,0.0,1,heavy
neutral,3913,-1,1,-0.117835,-4e-06,0.0,0.0,1,heavy
neutral,3915,-1,1,-0.069514,1.1e-05,0.0,0.0,1,heavy
neutral,3916,-1,1,-0.200109,0.000117,0.0,0.0,1,heavy
neutral,3917,-1,1,0.04128,-1e-05,0.0,0.0,1,heavy
neutral,3919,-1,1,-0.057802,4.4e-05,0.0,0.0,1,heavy
neutral,3920,-1,1,0.147646,0.000342,0.296,0.0,1,heavy
neutral,3921,-1,1,-0.017504,0.000429,0.0,0.0,1,heavy
neutral,3922,-1,1,0.224457,1.9e-05,0.7089,0.0,1,heavy
neutral,3923,-1,1,0.071979,-4.3e-05,0.4005,0.0,1,heavy
neutral,3924,-1,1,0.057166,-4.3e-05,0.4005,0.0,1,heavy
neutral,3925,-1,1,0.083078,-1.9e-05,0.4005,0.0,1,heavy
neutral,3926,-1,1,0.155349,6.2e-05,0.4005,0.0,1,heavy
neutral,3927,-1,1,0.049547,-6.2e-05,0.4005,0.0,1,heavy
neutral,3928,-1,1,0.195069,0.000712,0.25,0.0,1,heavy
neutral,3929,-1,1,0.072225,-6e-06,0.34,0.0,1,heavy
neutral,3930,-1,1,0.056409,-0.000272,0.2732,0.0,1,heavy
neutral,3931,-1,1,0.083399,2.5e-05,0.34,0.0,1,heavy
neutral,3932,-1,1,0.137596,0.000109,0.5423,0.0,1,heavy
neutral,3933,-1,1,0.069014,-3.6e-05,0.34,0.0,1,heavy
neutral,3934,-1,1,0.057489,-4e-05,0.34,0.0,1,heavy
neutral,3935,-1,1,0.048517,-4.7e-05,0.34,0.0,1,heavy
neutral,3936,-1,1,0.048043,-3.7e-05,0.34,0.0,1,heavy
neutral,3937,-1,1,0.129302,1.8e-05,0.34,0.0,1,heavy
neutral,3938,-1,1,0.015966,-2.9e-05,0.34,0.0,1,heavy
neutral,3939,-1,1,0.576193,-5e-06,0.6808,0.0,1,heavy
neutral,3940,-1,1,0.305528,0.000165,0.34,0.0,1,heavy
neutral,3941,-1,1,0.083924,-0.000174,0.34,0.0,1,heavy
neutral,3942,-1,1,0.181249,-7.5e-05,0.2732,0.0,1,heavy
neutral,3943,-1,1,0.118562,0.001125,0.0,0.0,1,heavy
neutral,3945,-1,1,0.146011,-5.1e-05,0.3612,0.0,1,heavy
neutral,3946,-1,1,-0.244137,-0.000143,-0.2235,0.0,1,heavy
neutral,3947,-1,1,0.112182,0.007335,0.0,0.0,1,heavy
neutral,3948,-1,1,0.146408,-0.000153,0.4404,0.0,1,heavy
neutral,3949,-1,1,0.197068,3.4e-05,0.2732,0.0,1,heavy
neutral,3950,-1,1,0.021326,-0.001293,0.0,0.0,1,heavy
neutral,3951,-1,1,0.082509,0.000136,0.0,0.0,1,heavy
neutral,3952,-1,1,0.638408,0.300093,0.6369,0.0,2,cheap
neutral,3953,-1,1,-0.0649,-0.000236,0.0,0.0,1,heavy
neutral,3954,-1,1,0.034073,9.7e-05,0.0,0.0,1,heavy
neutral,3955,-1,1,0.045985,-6.8e-05,0.0,0.0,1,heavy
neutral,3956,-1,1,0.103435,-5.1e-05,0.4005,0.0,1,heavy
neutral,3957,-1,1,0.074533,0.000196,0.0,0.0,1,heavy
neutral,3958,-1,1,0.238733,-5.2e-05,0.5574,0.0,1,heavy
neutral,3959,-1,1,0.14012,0.003908,0.0,0.0,1,heavy
neutral,3960,-1,1,-0.149905,0.097199,0.0,0.0,1,heavy
neutral,3961,-1,1,0.136211,0.999476,0.2263,0.0,2,heavy
neutral,3962,-1,1,0.215667,0.000321,0.4939,0.0,1,heavy
neutral,3963,-1,1,0.274153,0.000222,0.4939,0.0,1,heavy
neutral,3964,-1,1,0.248396,0.001936,0.4939,0.0,1,heavy
neutral,3965,-1,1,0.263419,0.001078,0.6597,0.0,1,heavy
neutral,3966,-1,1,0.021091,-4.6e-05,0.0,0.0,1,heavy
neutral,3967,-1,1,-0.246831,-0.000164,0.0,0.0,1,heavy
neutral,3968,-1,1,0.01546,-5.8e-05,0.0,0.0,1,heavy
neutral,3969,-1,1,0.538624,0.00018,0.7506,0.0,1,heavy
neutral,3970,-1,1,-0.354264,-8.8e-05,-0.357,0.0,1,heavy
neutral,3971,-1,1,0.111994,2.3e-05,0.0,0.0,1,heavy
neutral,3972,-1,1,0.538582,0.000895,0.4939,0.0,1,heavy
neutral,3973,-1,1,0.102659,0.002545,0.296,0.0,1,heavy
neutral,3974,-1,1,0.024295,-2.1e-05,0.0,0.0,1,heavy
neutral,3975,-1,1,0.118618,9.9e-05,0.4404,1.0,1,heavy
neutral,3976,-1,1,0.619063,-6.5e-05,0.2732,1.0,2,cheap
neutral,3977,-1,1,0.115759,0.000861,0.0,0.0,1,heavy
neutral,3978,-1,1,0.088746,-0.000189,0.0,0.0,1,heavy
neutral,3979,-1,1,-0.04355,-3.8e-05,0.0,0.0,1,heavy
neutral,3980,-1,1,-0.089642,-0.000165,0.0,0.0,1,heavy
neutral,3981,-1,1,0.077568,-6.8e-05,0.2732,0.0,1,heavy
neutral,3982,-1,1,-0.068107,9.1e-05,0.128,0.0,1,heavy
neutral,3983,-1,1,0.622322,0.012896,0.2732,0.0,2,cheap
neutral,3984,-1,1,0.136579,-6e-05,0.0,0.0,1,heavy
neutral,3985,-1,1,0.061541,-9.3e-05,0.0,0.0,1,heavy
neutral,3986,-1,1,0.112211,0.000517,0.2732,0.0,1,heavy
neutral,3991,-1,1,0.14465,0.000339,0.296,-1.0,1,heavy
neutral,3998,-1,1,-0.689345,0.966161,-0.3182,-1.0,0,cheap
neutral,4001,-1,1,0.091621,9.8e-05,0.5719,0.0,1,heavy
neutral,4007,-1,1,0.373137,-8.5e-05,0.2023,0.0,1,heavy
neutral,4009,-1,1,-0.136663,-0.000107,-0.2263,0.0,1,heavy
neutral,4018,-1,1,-0.540273,-0.000377,-0.1531,-1.0,1,heavy
neutral,4021,-1,1,-0.413031,-0.000361,-0.3182,-1.0,1,heavy
neutral,4023,-1,1,0.310383,0.000573,0.3182,0.0,1,heavy
neutral,4030,-1,1,-0.293296,-0.089982,-0.3182,-1.0,1,heavy
neutral,4052,-1,1,0.082647,-0.000128,0.0,0.0,1,heavy
neutral,4084,-1,1,0.426349,0.995873,0.25,0.0,2,heavy
neutral,4087,-1,1,0.009312,0.00039,0.0,0.0,1,heavy
neutral,4090,-1,1,-0.131836,-0.000157,-0.1779,0.0,1,heavy
neutral,4103,-1,1,-0.011232,1.1e-05,0.0,0.0,1,heavy
neutral,4104,-1,1,0.123237,-0.00014,0.2263,0.0,1,heavy
neutral,4105,-1,1,0.050786,0.030841,0.34,0.0,1,heavy
neutral,4107,-1,1,0.336788,-0.000239,0.4522,0.0,1,heavy
neutral,4109,-1,1,0.083515,-4.9e-05,-0.2263,0.0,1,heavy
neutral,4110,-1,1,0.178676,-2.2e-05,-0.1027,0.0,1,heavy
neutral,4111,-1,1,0.063066,-3.7e-05,0.6124,0.0,1,heavy
neutral,4112,-1,1,0.133738,-9.4e-05,0.0,0.0,1,heavy
neutral,4113,-1,1,-0.496999,0.000111,-0.3182,0.0,1,heavy
neutral,4114,-1,1,0.04526,-0.000142,0.3612,0.0,1,heavy
neutral,4116,-1,1,0.000824,-3.1e-05,0.0,0.0,1,heavy
neutral,4118,-1,1,0.109403,-4.4e-05,0.4005,0.0,1,heavy
neutral,4119,-1,1,-0.109627,-0.001226,0.0,0.0,1,heavy
neutral,4120,-1,1,-0.280794,-0.000268,-0.296,0.0,1,heavy
neutral,4121,-1,1,-0.5242,0.013744,-0.6597,0.0,1,heavy
neutral,4123,-1,1,-0.022835,0.011499,0.0,0.0,1,heavy
neutral,4124,-1,1,-0.005041,0.000851,0.0,0.0,1,heavy
neutral,4127,-1,1,-0.416,-8.1e-05,-0.2732,-1.0,1,heavy
neutral,4128,-1,1,0.183308,-0.000193,0.3818,0.0,1,heavy
neutral,4130,-1,1,0.212462,0.003519,0.0772,0.0,1,heavy
neutral,4132,-1,1,-0.27621,-5.9e-05,0.0,0.0,1,heavy
neutral,4133,-1,1,-0.006263,-0.00031,0.0,0.0,1,heavy
neutral,4134,-1,1,-0.034346,3.6e-05,0.0,0.0,1,heavy
neutral,4135,-1,1,0.223452,8.8e-05,0.0,0.0,1,heavy
neutral,4137,-1,1,-0.033562,7.1e-05,0.0,0.0,1,heavy
neutral,4138,-1,1,-0.240831,-4.2e-05,-0.4767,0.0,1,heavy
neutral,4139,-1,1,-0.199643,7.3e-05,-0.34,0.0,1,heavy
neutral,4140,-1,1,-0.003044,-7.5e-05,0.0,0.0,1,heavy
neutral,4141,-1,1,-0.608574,-0.019899,0.0,0.0,0,cheap
neutral,4142,-1,1,-0.050454,-0.000152,-0.2732,0.0,1,heavy
neutral,4143,-1,1,0.016863,3.9e-05,0.5719,0.0,1,heavy
neutral,4144,-1,1,0.093794,0.002796,0.0,0.0,1,heavy
neutral,4145,-1,1,-0.148368,-8.8e-05,0.0,0.0,1,heavy
neutral,4146,-1,1,-0.116503,-0.000104,-0.1027,0.0,1,heavy
neutral,4147,-1,1,-0.207097,-0.000316,0.0,0.0,1,heavy
neutral,4148,-1,1,0.02343,0.014269,0.0,0.0,1,heavy
neutral,4149,-1,1,-0.103691,0.000144,0.0,0.0,1,heavy
neutral,4150,-1,1,0.062719,-5.9e-05,0.0,0.0,1,heavy
neutral,4153,-1,1,0.296508,0.423429,0.2732,0.0,2,heavy
neutral,4155,-1,1,0.054301,6.4e-05,0.0,0.0,1,heavy
neutral,4156,-1,1,0.171583,1e-06,0.0258,0.0,1,heavy
neutral,4158,-1,1,-0.341599,-6.5e-05,0.0,0.0,1,heavy
neutral,4159,-1,1,-0.623105,0.004467,-0.5574,0.0,0,cheap
neutral,4160,-1,1,0.150323,0.008307,0.128,0.0,1,heavy
neutral,4164,-1,1,0.109549,-4.1e-05,0.296,0.0,1,heavy
neutral,4165,-1,1,-0.411197,-5.9e-05,-0.2732,-1.0,1,heavy
neutral,4166,-1,1,-0.162499,-1e-06,-0.2732,0.0,1,heavy
neutral,4167,-1,1,0.12735,-2.8e-05,0.0,0.0,1,heavy
neutral,4168,-1,1,-0.167436,-4e-05,-0.296,0.0,1,heavy
neutral,4169,-1,1,0.037434,-4.7e-05,0.0,0.0,1,heavy
neutral,4170,-1,1,-0.097258,0.000578,0.0,0.0,1,heavy
neutral,4171,-1,1,-0.162634,-0.000225,-0.4019,0.0,1,heavy
neutral,4172,-1,1,-0.110658,-0.000155,0.0,0.0,1,heavy
neutral,4176,-1,1,0.166163,1.8e-05,0.5267,0.0,1,heavy
neutral,4178,-1,1,0.193448,0.000848,0.3818,0.0,1,heavy
neutral,4181,-1,1,0.049615,0.616003,-0.128,0.0,2,heavy
neutral,4182,-1,1,0.24311,7.6e-05,0.0,0.0,1,heavy
neutral,4183,-1,1,0.113239,-2.4e-05,0.3182,0.0,1,heavy
neutral,4184,-1,1,-0.061208,-6e-05,-0.128,0.0,1,heavy
neutral,4188,-1,1,0.030056,0.000138,0.0,0.0,1,heavy
neutral,4189,-1,1,0.088198,0.521215,0.0,0.0,2,heavy
neutral,4193,-1,1,0.111163,0.000331,0.0,0.0,1,heavy
neutral,4194,-1,1,-0.043261,-0.000734,-0.2263,0.0,1,heavy
neutral,4195,-1,1,0.075316,-0.000391,0.0,0.0,1,heavy
neutral,4197,-1,1,-0.214806,-7.5e-05,-0.296,0.0,1,heavy
neutral,4198,-1,1,0.027581,-7.5e-05,-0.128,0.0,1,heavy
neutral,4201,-1,1,-0.190539,0.000378,0.0,0.0,1,heavy
neutral,4202,-1,1,0.021594,-0.000606,0.0,0.0,1,heavy
neutral,4203,-1,1,-0.008333,-3.5e-05,0.0,0.0,1,heavy
neutral,4210,-1,1,0.023371,8.1e-05,0.0,0.0,1,heavy
neutral,4211,-1,1,-0.084948,-0.000215,0.0,0.0,1,heavy
neutral,4214,-1,1,0.021231,-0.000757,0.2732,0.0,1,heavy
neutral,4217,-1,1,-0.278369,-5.7e-05,0.0,0.0,1,heavy
neutral,4218,-1,1,0.019525,0.000636,0.0,0.0,1,heavy
neutral,4220,-1,1,0.000439,-1.6e-05,0.0,0.0,1,heavy
neutral,4221,-1,1,-0.213758,-9.8e-05,0.0,0.0,1,heavy
neutral,4222,-1,1,-0.284437,-8.2e-05,-0.5719,0.0,1,heavy
neutral,4223,-1,1,0.039829,-0.000667,0.0,0.0,1,heavy
neutral,4224,-1,1,0.136021,-2.7e-05,0.0,0.0,1,heavy
neutral,4225,-1,1,-0.388823,-3.6e-05,-0.6705,0.0,1,heavy
neutral,4226,-1,1,-0.261526,-0.000877,-0.296,0.0,1,heavy
neutral,4227,-1,1,0.211579,0.00739,0.5267,0.0,1,heavy
neutral,4228,-1,1,-0.252736,0.001389,-0.3182,0.0,1,heavy
neutral,4229,-1,1,-0.212908,-5.8e-05,-0.4404,0.0,1,heavy
neutral,4230,-1,1,-0.395505,-0.022224,-0.4404,-1.0,1,heavy
neutral,4231,-1,1,-0.320308,-0.000127,-0.4939,0.0,1,heavy
neutral,4232,-1,1,0.078057,-4.9e-05,0.0,0.0,1,heavy
neutral,4234,-1,1,-0.173364,-4e-05,-0.3818,0.0,1,heavy
neutral,4235,-1,1,-0.087995,-0.000111,0.0,0.0,1,heavy
neutral,4236,-1,1,0.038268,-1.6e-05,0.0,0.0,1,heavy
neutral,4237,-1,1,-0.426618,-5.1e-05,0.0,0.0,1,heavy
neutral,4238,-1,1,-0.122948,-0.001806,-0.3612,0.0,1,heavy
neutral,4239,-1,1,-0.106796,-0.000642,0.0,0.0,1,heavy
neutral,4240,-1,1,0.044189,-0.000115,0.0,0.0,1,heavy
neutral,4241,-1,1,0.071699,5.4e-05,0.296,0.0,1,heavy
neutral,4242,-1,1,-0.07968,0.000132,0.0,0.0,1,heavy
neutral,4243,-1,1,-0.48158,6e-06,-0.4767,0.0,1,heavy
neutral,4244,-1,1,0.184672,1.5e-05,0.296,0.0,1,heavy
neutral,4245,-1,1,0.024615,-5.2e-05,0.0,0.0,1,heavy
neutral,4246,-1,1,0.096347,-4.5e-05,0.0,0.0,1,heavy
neutral,4247,-1,1,0.121073,0.000243,0.0,0.0,1,heavy
neutral,4249,-1,1,0.075456,1.1e-05,-0.128,0.0,1,heavy
neutral,4250,-1,1,0.112564,-0.000246,0.2263,0.0,1,heavy
neutral,4251,-1,1,0.056544,-0.000131,0.0,0.0,1,heavy
neutral,4252,-1,1,0.052377,0.000555,0.0,0.0,1,heavy
neutral,4253,-1,1,-0.313981,-0.000164,0.0,0.0,1,heavy
neutral,4254,-1,1,-0.052418,4.6e-05,0.0,0.0,1,heavy
neutral,4255,-1,1,-0.025598,-2e-06,0.0,0.0,1,heavy
neutral,4256,-1,1,-0.125656,-3.9e-05,-0.4767,0.0,1,heavy
neutral,4257,-1,1,-0.120293,-2.1e-05,-0.4767,0.0,1,heavy
neutral,4258,-1,1,-0.109198,-0.001013,0.0,0.0,1,heavy
neutral,4259,-1,1,-0.218766,-0.000101,0.0,0.0,1,heavy
neutral,4261,-1,1,-0.128222,-7.6e-05,0.0,0.0,1,heavy
neutral,4262,-1,1,0.0123,-3.6e-05,0.0,0.0,1,heavy
neutral,4264,-1,1,0.455514,0.001143,0.3182,0.0,1,heavy
neutral,4265,-1,1,-0.387102,-0.000148,0.0,0.0,1,heavy
neutral,4266,-1,1,-0.151373,0.000907,0.0,0.0,1,heavy
neutral,4267,-1,1,-0.084344,0.981923,-0.4404,0.0,2,heavy
neutral,4268,-1,1,-0.168849,-0.000214,-0.5574,0.0,1,heavy
neutral,4270,-1,1,-0.042696,0.000851,0.0,0.0,1,heavy
neutral,4273,-1,1,-0.252946,-2.4e-05,-0.3612,0.0,1,heavy
neutral,4274,-1,1,-0.211602,-6.1e-05,-0.296,0.0,1,heavy
neutral,4275,-1,1,0.00174,-0.000104,0.0,0.0,1,heavy
neutral,4276,-1,1,0.07119,0.000146,0.296,0.0,1,heavy
neutral,4277,-1,1,0.059184,2.7e-05,0.296,0.0,1,heavy
neutral,4278,-1,1,-0.048183,-4.6e-05,0.0,0.0,1,heavy
neutral,4279,-1,1,-0.015548,-2.9e-05,0.0,0.0,1,heavy
neutral,4280,-1,1,0.345153,-1.9e-05,0.6486,0.0,1,heavy
neutral,4281,-1,1,-0.15032,9e-06,-0.2732,-1.0,1,heavy
neutral,4285,-1,1,-0.226596,-0.000248,0.0,0.0,1,heavy
neutral,4287,-1,1,0.30386,-0.000127,-0.128,0.0,1,heavy
neutral,4288,-1,1,-0.236038,-0.000466,0.0,-1.0,1,heavy
neutral,4291,-1,1,-0.029797,0.000181,0.0,0.0,1,heavy
neutral,4292,-1,1,-0.191662,-0.000137,-0.3612,0.0,1,heavy
neutral,4294,-1,1,-0.089576,-0.000403,-0.2732,0.0,1,heavy
neutral,4295,-1,1,0.041061,-5e-05,0.0772,0.0,1,heavy
neutral,4296,-1,1,-0.198687,0.611334,0.0,0.0,2,heavy
neutral,4298,-1,1,0.593923,0.012522,0.4939,0.0,1,heavy
neutral,4300,-1,1,-0.057833,0.002107,0.0,0.0,1,heavy
neutral,4301,-1,1,0.49321,7.8e-05,0.4939,0.0,1,heavy
neutral,4302,-1,1,0.092597,0.000402,0.296,0.0,1,heavy
neutral,4304,-1,1,0.110286,-4.9e-05,0.5267,0.0,1,heavy
neutral,4305,-1,1,-0.506524,0.000178,-0.3612,-1.0,1,heavy
neutral,4306,-1,1,-0.042999,-5.2e-05,0.0,0.0,1,heavy
neutral,4307,-1,1,-0.262896,-9.9e-05,-0.4404,0.0,1,heavy
neutral,4309,-1,1,-0.154193,-1e-06,-0.128,0.0,1,heavy
neutral,4310,-1,1,0.072939,-9.4e-05,0.0,0.0,1,heavy
neutral,4311,-1,1,-0.194718,-0.000906,0.0,0.0,1,heavy
neutral,4312,-1,1,0.189841,-6e-05,0.2023,0.0,1,heavy
neutral,4313,-1,1,-0.31889,0.00152,-0.4588,1.0,1,heavy
neutral,4314,-1,1,-0.100694,3.5e-05,-0.3818,0.0,1,heavy
neutral,4315,-1,1,-0.376229,-0.000334,-0.4767,0.0,1,heavy
neutral,4316,-1,1,-0.058003,0.001743,-0.296,0.0,1,heavy
neutral,4317,-1,1,-0.240302,-8.3e-05,-0.296,-1.0,1,heavy
neutral,4318,-1,1,0.055676,-0.000301,0.0,0.0,1,heavy
neutral,4322,-1,1,-0.077641,-9.2e-05,0.0,0.0,1,heavy
neutral,4323,-1,1,0.385496,0.09621,0.3535,0.0,1,heavy
neutral,4324,-1,1,-0.267575,-0.004512,-0.4201,0.0,1,heavy
neutral,4325,-1,1,0.032987,0.002136,0.0,0.0,1,heavy
neutral,4330,-1,1,0.290986,0.000111,0.0,0.0,1,heavy
neutral,4331,-1,1,-0.030332,-0.000193,0.0,0.0,1,heavy
neutral,4332,-1,1,-0.010529,-0.000104,0.0,0.0,1,heavy
neutral,4334,-1,1,-0.076805,-0.000122,0.0,0.0,1,heavy
neutral,4335,-1,1,-0.384058,-0.990372,0.0,-1.0,0,heavy
neutral,4336,-1,1,0.012654,-0.000244,0.0,0.0,1,heavy
neutral,4337,-1,1,-0.391208,-5.3e-05,-0.4215,0.0,1,heavy
neutral,4338,-1,1,-0.66217,-0.001928,-0.3612,0.0,0,cheap
neutral,4339,-1,1,0.052472,-1.6e-05,-0.128,0.0,1,heavy
neutral,4341,-1,1,0.056562,-4.7e-05,0.0,0.0,1,heavy
neutral,4342,-1,1,-0.398625,0.009678,-0.2263,0.0,1,heavy
neutral,4344,-1,1,0.083603,-5.3e-05,0.1027,0.0,1,heavy
neutral,4345,-1,1,-0.322903,-3.1e-05,-0.2732,0.0,1,heavy
neutral,4346,-1,1,0.15094,-0.000118,0.3612,0.0,1,heavy
neutral,4347,-1,1,0.046369,8e-06,0.0,0.0,1,heavy
neutral,4348,-1,1,-0.060339,-6e-06,0.0,-1.0,1,heavy
neutral,4349,-1,1,-0.026341,0.000451,0.0,0.0,1,heavy
neutral,4350,-1,1,-0.145662,-1.9e-05,-0.4767,0.0,1,heavy
neutral,4351,-1,1,-0.180452,-2.1e-05,-0.4767,0.0,1,heavy
neutral,4352,-1,1,-0.129587,-5.2e-05,0.0,0.0,1,heavy
neutral,4353,-1,1,-0.319028,3.7e-05,-0.4767,0.0,1,heavy
neutral,4355,-1,1,0.083586,-3.4e-05,0.0,1.0,1,heavy
neutral,4356,-1,1,-0.157105,-0.000131,-0.296,-1.0,1,heavy
neutral,4357,-1,1,-0.150095,-0.000161,0.0,0.0,1,heavy
neutral,4358,-1,1,-0.220073,-9.6e-05,0.0,0.0,1,heavy
neutral,4359,-1,1,-0.12303,-2.7e-05,0.0,0.0,1,heavy
neutral,4361,-1,1,0.00413,-0.000365,0.0,0.0,1,heavy
neutral,4362,-1,1,-0.191033,-2.3e-05,0.0,0.0,1,heavy
neutral,4363,-1,1,-0.108744,0.000271,0.0,0.0,1,heavy
neutral,4365,-1,1,0.050039,-0.000186,-0.1027,0.0,1,heavy
neutral,4366,-1,1,-0.535802,-0.47346,-0.4588,0.0,0,heavy
neutral,4367,-1,1,0.216404,1.7e-05,0.25,0.0,1,heavy
neutral,4368,-1,1,-0.173172,0.00014,-0.2732,0.0,1,heavy
neutral,4370,-1,1,0.248334,-0.000995,0.3804,0.0,1,heavy
neutral,4412,-1,1,-0.014952,-0.000135,0.0,0.0,1,heavy
neutral,4415,-1,1,-0.748193,-0.000406,-0.3182,-1.0,0,cheap
neutral,4466,-1,1,0.013299,0.004187,0.0,0.0,1,heavy
neutral,4471,-1,1,0.718205,-7.1e-05,0.6705,0.0,2,cheap
neutral,4474,-1,1,0.339263,2.8e-05,0.4404,-1.0,1,heavy
neutral,4475,-1,1,0.595512,0.000283,0.6115,0.0,1,heavy
neutral,4476,-1,1,0.275575,3.9e-05,0.5994,0.0,1,heavy
neutral,4477,-1,1,0.60626,0.241995,0.7579,0.0,2,cheap
neutral,4479,-1,1,0.287732,0.000206,0.5719,0.0,1,heavy
neutral,4480,-1,1,0.769401,0.697954,0.8271,0.0,2,cheap
neutral,4482,-1,1,0.607124,-6.1e-05,0.4404,0.0,2,cheap
neutral,4483,-1,1,0.16134,-0.000216,0.0,0.0,1,heavy
neutral,4484,-1,1,0.021543,0.003059,0.0,0.0,1,heavy
neutral,4485,-1,1,0.820654,0.005876,0.836,1.0,2,cheap
neutral,4487,-1,1,0.689891,-0.000146,0.7269,0.0,2,cheap
neutral,4488,-1,1,0.696043,0.003651,0.765,0.0,2,cheap
neutral,4490,-1,1,0.245495,0.327223,0.0,0.0,2,heavy
neutral,4491,-1,1,0.297597,0.001169,0.5994,0.0,1,heavy
neutral,4494,-1,1,0.153044,-4.6e-05,0.2023,0.0,1,heavy
neutral,4507,-1,1,-0.090931,2.5e-05,-0.1027,0.0,1,heavy
neutral,4508,-1,1,0.336528,-3.7e-05,0.296,0.0,1,heavy
neutral,4510,-1,1,0.399753,0.001348,0.3818,0.0,1,heavy
neutral,4511,-1,1,-0.125252,-0.052631,0.34,0.0,1,heavy
neutral,4512,-1,1,-0.280475,0.000154,-0.2732,0.0,1,heavy
neutral,4515,-1,1,0.079196,-8.2e-05,0.128,0.0,1,heavy
neutral,4516,-1,1,-0.352493,-0.000132,-0.4404,0.0,1,heavy
neutral,4517,-1,1,-0.318887,-0.000129,0.0,0.0,1,heavy
neutral,4518,-1,1,-0.042178,-0.000125,-0.1531,0.0,1,heavy
neutral,4519,-1,1,0.350145,-6.4e-05,0.5106,0.0,1,heavy
neutral,4520,-1,1,0.637209,0.000383,0.5849,0.0,2,cheap
neutral,4521,-1,1,0.061739,-0.000349,0.0,0.0,1,heavy
neutral,4523,-1,1,-0.198637,-0.996185,0.0516,-1.0,0,heavy
neutral,4525,-1,1,-0.083841,-0.000217,0.0258,0.0,1,heavy
neutral,4526,-1,1,-0.214913,-6.9e-05,-0.2023,0.0,1,heavy
neutral,4527,-1,1,-0.06248,-0.000318,0.2263,0.0,1,heavy
neutral,4528,-1,1,0.270761,0.00143,0.34,0.0,1,heavy
neutral,4537,-1,1,-0.208958,-0.000459,-0.4019,0.0,1,heavy
neutral,4539,-1,1,-0.253717,-1e-06,-0.4215,0.0,1,heavy
neutral,4540,-1,1,-0.758056,-0.839875,-0.6908,-1.0,0,cheap
neutral,4542,-1,1,-0.522865,0.01955,-0.5423,0.0,1,heavy
neutral,4544,-1,1,0.049542,0.000275,0.1027,0.0,1,heavy
neutral,4545,-1,1,-0.579513,-0.000154,-0.5423,-1.0,1,heavy
neutral,4546,-1,1,-0.263249,0.006011,-0.4767,0.0,1,heavy
neutral,4547,-1,1,0.021167,-4.7e-05,0.0,0.0,1,heavy
neutral,4548,-1,1,-0.025507,-0.000231,0.0,0.0,1,heavy
neutral,4550,-1,1,-0.188181,-0.000691,-0.2732,0.0,1,heavy
neutral,4552,-1,1,-0.272647,0.009379,-0.4031,0.0,1,heavy
neutral,4570,-1,1,-0.117816,0.00023,-0.2732,0.0,1,heavy
neutral,4571,-1,1,0.252622,0.00063,0.3818,0.0,1,heavy
neutral,4572,-1,1,0.435808,0.014178,0.3818,0.0,1,heavy
neutral,4576,-1,1,0.714717,0.000167,0.7096,1.0,2,cheap
neutral,4577,-1,1,0.020476,0.987114,0.0,0.0,2,heavy
neutral,4578,-1,1,0.600507,-3.6e-05,0.5859,0.0,2,cheap
neutral,4582,-1,1,-0.668411,-0.99936,0.6124,1.0,0,cheap
neutral,4583,-1,1,-0.580217,-0.999437,0.6124,1.0,0,heavy
neutral,4599,-1,1,-0.14192,0.000996,-0.0516,1.0,1,heavy
neutral,4601,-1,1,0.469109,0.000204,0.3818,0.0,1,heavy
neutral,4603,-1,1,-0.198136,-8.2e-05,0.0,-1.0,1,heavy
neutral,4604,-1,1,-0.182017,-6.6e-05,0.0,-1.0,1,heavy
neutral,4605,-1,1,-0.130016,-0.000417,0.5267,-1.0,1,heavy
neutral,4606,-1,1,-0.078241,-1.3e-05,0.3919,0.0,1,heavy
neutral,4608,-1,1,0.22807,8.8e-05,0.0772,0.0,1,heavy
neutral,4611,-1,1,-0.694761,-0.184919,0.0,0.0,0,cheap
neutral,4612,-1,1,0.296169,0.000557,0.0,0.0,1,heavy
neutral,4615,-1,1,0.134207,-6e-05,0.0,0.0,1,heavy
neutral,4618,-1,1,-0.176708,-0.00017,0.0,0.0,1,heavy
neutral,4620,-1,1,-0.663304,0.010186,0.0,0.0,0,cheap
neutral,4625,-1,1,0.046385,-0.000301,0.3818,-1.0,1,heavy
neutral,4627,-1,1,-0.087462,0.009599,0.0,0.0,1,heavy
neutral,4628,-1,1,-0.569881,-0.028775,0.0772,0.0,1,heavy
neutral,4776,-1,1,0.208806,0.000554,0.5267,0.0,1,heavy
neutral,4777,-1,1,0.558604,0.000287,0.5574,0.0,1,heavy
neutral,4778,-1,1,0.197814,0.000667,0.5267,0.0,1,heavy
neutral,4779,-1,1,0.541277,0.886782,0.2732,0.0,2,heavy
neutral,4794,-1,1,-0.307349,8e-06,-0.7003,0.0,1,heavy
neutral,4802,-1,1,-0.370771,-0.000796,-0.8658,0.0,1,heavy
neutral,4804,-1,1,-0.012755,-0.000125,0.0,0.0,1,heavy
neutral,4805,-1,1,-0.156498,-0.000526,-0.2411,0.0,1,heavy
neutral,4806,-1,1,0.059224,-6.5e-05,0.0,0.0,1,heavy
neutral,4807,-1,1,0.453167,-0.000351,0.8225,0.0,1,heavy
neutral,4809,-1,1,-0.326958,-0.001417,-0.4023,0.0,1,heavy
neutral,4812,-1,1,0.51367,0.000488,0.9337,0.0,1,heavy
neutral,4819,-1,1,-0.309519,-0.000458,-0.5859,0.0,1,heavy
neutral,4820,-1,1,-0.441928,-3.3e-05,-0.5719,0.0,1,heavy
neutral,4823,-1,1,0.09328,-9e-06,0.1531,0.0,1,heavy
neutral,4826,-1,1,0.155604,0.000122,0.0,0.0,1,heavy
neutral,4842,-1,1,-0.457529,0.723608,0.0,0.0,2,heavy
